"ticket_id","data_origin","simulated_ticket_source","service_date","route_id","route_short_name","trip_id","service_id","trip_instance_id","time_period","ticket_time","boarding_stop_id","boarding_stop_name","boarding_stop_sequence","destination_stop_id","destination_stop_name","destination_stop_sequence","scheduled_boarding_time","scheduled_alighting_time","passenger_count","assumed_total_capacity","boarding_assumption","alighting_assumption"
"SYN000001","SYNTHETIC","ETM_STYLE","2026-09-21","23212","101 R","5022","Regular","2026-09-21_5022","morning","2026-09-21T07:58:00","9581","Vengaya Mandi","15","7403","Raja Kaladi","52","2026-09-21T07:58:00","2026-09-21T08:59:00","2","60","ALL_TICKETS_USED","AT_TICKET_DESTINATION"
"SYN000002","SYNTHETIC","ETM_STYLE","2026-09-21","23212","101 R","5022","Regular","2026-09-21_5022","morning","2026-09-21T07:46:00","9519","Velappanchavadi","8","7292","Anna Nagar","49","2026-09-21T07:46:00","2026-09-21T08:53:00","2","60","ALL_TICKETS_USED","AT_TICKET_DESTINATION"
"SYN000003","SYNTHETIC","ETM_STYLE","2026-09-21","23212","101 R","5022","Regular","2026-09-21_5022","morning","2026-09-21T07:56:00","9566","Maduravoyal Ration Shop","14","6758","Clive Battery","40","2026-09-21T07:56:00","2026-09-21T08:42:00","1","60","ALL_TICKETS_USED","AT_TICKET_DESTINATION"
"SYN000004","SYNTHETIC","ETM_STYLE","2026-09-21","23212","101 R","5022","Regular","2026-09-21_5022","morning","2026-09-21T07:49:00","9525","Kumar Theatre","9","7480","Theradi","54","2026-09-21T07:49:00","2026-09-21T09:02:00","3","60","ALL_TICKETS_USED","AT_TICKET_DESTINATION"
"SYN000005","SYNTHETIC","ETM_STYLE","2026-09-21","23212","101 R","5022","Regular","2026-09-21_5022","morning","2026-09-21T08:07:00","10293","Arumbakkam P.H Road","19","7450","Ellaiamman Kovil","53","2026-09-21T08:07:00","2026-09-21T09:01:00","1","60","ALL_TICKETS_USED","AT_TICKET_DESTINATION"
"SYN000006","SYNTHETIC","ETM_STYLE","2026-09-21","23212","101 R","5022","Regular","2026-09-21_5022","morning","2026-09-21T07:33:00","9436","Poonamallee Government Hospital","2","7487","Thiruvotriyur Temple","55","2026-09-21T07:33:00","2026-09-21T09:03:00","2","60","ALL_TICKETS_USED","AT_TICKET_DESTINATION"
"SYN000007","SYNTHETIC","ETM_STYLE","2026-09-21","23212","101 R","5022","Regular","2026-09-21_5022","morning","2026-09-21T07:41:00","9457","Saveetha Hospital","6","7577","Thiruvottriyur Bus Stand","59","2026-09-21T07:41:00","2026-09-21T09:07:00","1","60","ALL_TICKETS_USED","AT_TICKET_DESTINATION"
"SYN000008","SYNTHETIC","CHENNAI_ONE_STYLE","2026-09-21","23212","101 R","5022","Regular","2026-09-21_5022","morning","2026-09-21T07:30:00","9428","Kallarai","3","7403","Raja Kaladi","52","2026-09-21T07:35:00","2026-09-21T08:59:00","2","60","ALL_TICKETS_USED","AT_TICKET_DESTINATION"
"SYN000009","SYNTHETIC","ETM_STYLE","2026-09-21","23212","101 R","5022","Regular","2026-09-21_5022","morning","2026-09-21T07:35:00","9428","Kallarai","3","7403","Raja Kaladi","52","2026-09-21T07:35:00","2026-09-21T08:59:00","2","60","ALL_TICKETS_USED","AT_TICKET_DESTINATION"
"SYN000010","SYNTHETIC","CHENNAI_ONE_STYLE","2026-09-21","23212","101 R","5022","Regular","2026-09-21_5022","morning","2026-09-21T07:42:00","9519","Velappanchavadi","8","6758","Clive Battery","40","2026-09-21T07:46:00","2026-09-21T08:42:00","1","60","ALL_TICKETS_USED","AT_TICKET_DESTINATION"
"SYN000011","SYNTHETIC","ETM_STYLE","2026-09-21","23212","101 R","5022","Regular","2026-09-21_5022","morning","2026-09-21T07:58:00","9581","Vengaya Mandi","15","7508","Thiruvottiyur Market","56","2026-09-21T07:58:00","2026-09-21T09:04:00","2","60","ALL_TICKETS_USED","AT_TICKET_DESTINATION"
"SYN000012","SYNTHETIC","ETM_STYLE","2026-09-21","23212","101 R","5022","Regular","2026-09-21_5022","morning","2026-09-21T07:37:00","9392","Karayanchavadi","4","11087","Surya Narayana Road","46","2026-09-21T07:37:00","2026-09-21T08:50:00","2","60","ALL_TICKETS_USED","AT_TICKET_DESTINATION"
"SYN000013","SYNTHETIC","CHENNAI_ONE_STYLE","2026-09-21","23212","101 R","5022","Regular","2026-09-21_5022","morning","2026-09-21T08:05:00","9628","Rohini Theatre","18","7032","Kasimedu Police Station","45","2026-09-21T08:06:00","2026-09-21T08:49:00","2","60","ALL_TICKETS_USED","AT_TICKET_DESTINATION"
"SYN000014","SYNTHETIC","ETM_STYLE","2026-09-21","23212","101 R","5022","Regular","2026-09-21_5022","morning","2026-09-21T07:54:00","9536","Maduravoyal","12","7531","Vellayan Chettiyar School","57","2026-09-21T07:54:00","2026-09-21T09:05:00","1","60","ALL_TICKETS_USED","AT_TICKET_DESTINATION"
"SYN000015","SYNTHETIC","ETM_STYLE","2026-09-21","23212","101 R","5022","Regular","2026-09-21_5022","morning","2026-09-21T07:49:00","9525","Kumar Theatre","9","10424","Kalaimagal Vidyalaya Or Esso","44","2026-09-21T07:49:00","2026-09-21T08:48:00","2","60","ALL_TICKETS_USED","AT_TICKET_DESTINATION"
"SYN000016","SYNTHETIC","CHENNAI_ONE_STYLE","2026-09-21","23212","101 R","5022","Regular","2026-09-21_5022","morning","2026-09-21T07:25:00","9436","Poonamallee Government Hospital","2","7403","Raja Kaladi","52","2026-09-21T07:33:00","2026-09-21T08:59:00","1","60","ALL_TICKETS_USED","AT_TICKET_DESTINATION"
"SYN000017","SYNTHETIC","CHENNAI_ONE_STYLE","2026-09-21","23212","101 R","5022","Regular","2026-09-21_5022","morning","2026-09-21T08:05:00","10293","Arumbakkam P.H Road","19","7531","Vellayan Chettiyar School","57","2026-09-21T08:07:00","2026-09-21T09:05:00","1","60","ALL_TICKETS_USED","AT_TICKET_DESTINATION"
"SYN000018","SYNTHETIC","ETM_STYLE","2026-09-21","23212","101 R","5022","Regular","2026-09-21_5022","morning","2026-09-21T07:30:00","9440","Poonamallee","1","7508","Thiruvottiyur Market","56","2026-09-21T07:30:00","2026-09-21T09:04:00","1","60","ALL_TICKETS_USED","AT_TICKET_DESTINATION"
"SYN000019","SYNTHETIC","CHENNAI_ONE_STYLE","2026-09-21","23212","101 R","5022","Regular","2026-09-21_5022","morning","2026-09-21T07:38:00","9500","Acs Medical College","7","5536","Thangal Tollgate","50","2026-09-21T07:43:00","2026-09-21T08:57:00","2","60","ALL_TICKETS_USED","AT_TICKET_DESTINATION"
"SYN000020","SYNTHETIC","ETM_STYLE","2026-09-21","23212","101 R","5022","Regular","2026-09-21_5022","morning","2026-09-21T07:53:00","10269","Maduravoyal Erikarai","11","7032","Kasimedu Police Station","45","2026-09-21T07:53:00","2026-09-21T08:49:00","1","60","ALL_TICKETS_USED","AT_TICKET_DESTINATION"
"SYN000021","SYNTHETIC","CHENNAI_ONE_STYLE","2026-09-21","23212","101 R","5022","Regular","2026-09-21_5022","morning","2026-09-21T07:44:00","9536","Maduravoyal","12","7577","Thiruvottriyur Bus Stand","59","2026-09-21T07:54:00","2026-09-21T09:07:00","3","60","ALL_TICKETS_USED","AT_TICKET_DESTINATION"
"SYN000022","SYNTHETIC","ETM_STYLE","2026-09-21","23212","101 R","5022","Regular","2026-09-21_5022","morning","2026-09-21T07:56:00","9566","Maduravoyal Ration Shop","14","7480","Theradi","54","2026-09-21T07:56:00","2026-09-21T09:02:00","2","60","ALL_TICKETS_USED","AT_TICKET_DESTINATION"
"SYN000023","SYNTHETIC","CHENNAI_ONE_STYLE","2026-09-21","23212","101 R","5022","Regular","2026-09-21_5022","morning","2026-09-21T07:53:00","10269","Maduravoyal Erikarai","11","7487","Thiruvotriyur Temple","55","2026-09-21T07:53:00","2026-09-21T09:03:00","2","60","ALL_TICKETS_USED","AT_TICKET_DESTINATION"
"SYN000024","SYNTHETIC","CHENNAI_ONE_STYLE","2026-09-21","23212","101 R","5022","Regular","2026-09-21_5022","morning","2026-09-21T07:58:00","9628","Rohini Theatre","18","7292","Anna Nagar","49","2026-09-21T08:06:00","2026-09-21T08:53:00","1","60","ALL_TICKETS_USED","AT_TICKET_DESTINATION"
"SYN000025","SYNTHETIC","ETM_STYLE","2026-09-21","23212","101 R","5022","Regular","2026-09-21_5022","morning","2026-09-21T07:35:00","9428","Kallarai","3","6780","Thambu Chetty Street","41","2026-09-21T07:35:00","2026-09-21T08:43:00","1","60","ALL_TICKETS_USED","AT_TICKET_DESTINATION"
"SYN000026","SYNTHETIC","ETM_STYLE","2026-09-21","23212","101 R","5022","Regular","2026-09-21_5022","morning","2026-09-21T07:49:00","9525","Kumar Theatre","9","7403","Raja Kaladi","52","2026-09-21T07:49:00","2026-09-21T08:59:00","1","60","ALL_TICKETS_USED","AT_TICKET_DESTINATION"
"SYN000027","SYNTHETIC","ETM_STYLE","2026-09-21","23212","101 R","5022","Regular","2026-09-21_5022","morning","2026-09-21T07:33:00","9436","Poonamallee Government Hospital","2","6780","Thambu Chetty Street","41","2026-09-21T07:33:00","2026-09-21T08:43:00","2","60","ALL_TICKETS_USED","AT_TICKET_DESTINATION"
"SYN000028","SYNTHETIC","ETM_STYLE","2026-09-21","23212","101 R","5022","Regular","2026-09-21_5022","morning","2026-09-21T07:49:00","9525","Kumar Theatre","9","6847","Royapuram Market","42","2026-09-21T07:49:00","2026-09-21T08:45:00","2","60","ALL_TICKETS_USED","AT_TICKET_DESTINATION"
"SYN000029","SYNTHETIC","CHENNAI_ONE_STYLE","2026-09-21","23212","101 R","5022","Regular","2026-09-21_5022","morning","2026-09-21T07:42:00","9536","Maduravoyal","12","6758","Clive Battery","40","2026-09-21T07:54:00","2026-09-21T08:42:00","3","60","ALL_TICKETS_USED","AT_TICKET_DESTINATION"
"SYN000030","SYNTHETIC","CHENNAI_ONE_STYLE","2026-09-21","23212","101 R","5022","Regular","2026-09-21_5022","morning","2026-09-21T07:33:00","9500","Acs Medical College","7","7508","Thiruvottiyur Market","56","2026-09-21T07:43:00","2026-09-21T09:04:00","3","60","ALL_TICKETS_USED","AT_TICKET_DESTINATION"
"SYN000031","SYNTHETIC","CHENNAI_ONE_STYLE","2026-09-21","23212","101 R","5022","Regular","2026-09-21_5022","morning","2026-09-21T07:22:00","9428","Kallarai","3","7403","Raja Kaladi","52","2026-09-21T07:35:00","2026-09-21T08:59:00","1","60","ALL_TICKETS_USED","AT_TICKET_DESTINATION"
"SYN000032","SYNTHETIC","ETM_STYLE","2026-09-21","23212","101 R","5013","Regular","2026-09-21_5013","afternoon","2026-09-21T13:59:00","9805","Parrys Corner","37","7378","Thangal","51","2026-09-21T13:59:00","2026-09-21T14:18:00","1","60","ALL_TICKETS_USED","AT_TICKET_DESTINATION"
"SYN000033","SYNTHETIC","ETM_STYLE","2026-09-21","23212","101 R","5013","Regular","2026-09-21_5013","afternoon","2026-09-21T13:27:00","10293","Arumbakkam P.H Road","19","6780","Thambu Chetty Street","41","2026-09-21T13:27:00","2026-09-21T14:03:00","2","60","ALL_TICKETS_USED","AT_TICKET_DESTINATION"
"SYN000034","SYNTHETIC","ETM_STYLE","2026-09-21","23212","101 R","5013","Regular","2026-09-21_5013","afternoon","2026-09-21T14:10:00","11087","Surya Narayana Road","46","7508","Thiruvottiyur Market","56","2026-09-21T14:10:00","2026-09-21T14:24:00","3","60","ALL_TICKETS_USED","AT_TICKET_DESTINATION"
"SYN000035","SYNTHETIC","CHENNAI_ONE_STYLE","2026-09-21","23212","101 R","5013","Regular","2026-09-21_5013","afternoon","2026-09-21T12:54:00","9392","Karayanchavadi","4","7508","Thiruvottiyur Market","56","2026-09-21T12:57:00","2026-09-21T14:24:00","1","60","ALL_TICKETS_USED","AT_TICKET_DESTINATION"
"SYN000036","SYNTHETIC","CHENNAI_ONE_STYLE","2026-09-21","23212","101 R","5013","Regular","2026-09-21_5013","afternoon","2026-09-21T13:22:00","9626","Aminjikarai Market","24","7189","Nagara Thottam","48","2026-09-21T13:35:00","2026-09-21T14:12:00","1","60","ALL_TICKETS_USED","AT_TICKET_DESTINATION"
"SYN000037","SYNTHETIC","ETM_STYLE","2026-09-21","23212","101 R","5013","Regular","2026-09-21_5013","afternoon","2026-09-21T12:53:00","9436","Poonamallee Government Hospital","2","10424","Kalaimagal Vidyalaya Or Esso","44","2026-09-21T12:53:00","2026-09-21T14:08:00","1","60","ALL_TICKETS_USED","AT_TICKET_DESTINATION"
"SYN000038","SYNTHETIC","ETM_STYLE","2026-09-21","23212","101 R","5013","Regular","2026-09-21_5013","afternoon","2026-09-21T12:58:00","10238","Poonamallee Municipality Or Kumananchavadi","5","7531","Vellayan Chettiyar School","57","2026-09-21T12:58:00","2026-09-21T14:25:00","1","60","ALL_TICKETS_USED","AT_TICKET_DESTINATION"
"SYN000039","SYNTHETIC","CHENNAI_ONE_STYLE","2026-09-21","23212","101 R","5013","Regular","2026-09-21_5013","afternoon","2026-09-21T13:52:00","9776","Flower Bazzar","35","6780","Thambu Chetty Street","41","2026-09-21T13:54:00","2026-09-21T14:03:00","1","60","ALL_TICKETS_USED","AT_TICKET_DESTINATION"
"SYN000040","SYNTHETIC","ETM_STYLE","2026-09-21","23212","101 R","5013","Regular","2026-09-21_5013","afternoon","2026-09-21T14:02:00","6758","Clive Battery","40","7531","Vellayan Chettiyar School","57","2026-09-21T14:02:00","2026-09-21T14:25:00","1","60","ALL_TICKETS_USED","AT_TICKET_DESTINATION"
"SYN000041","SYNTHETIC","ETM_STYLE","2026-09-21","23212","101 R","5013","Regular","2026-09-21_5013","afternoon","2026-09-21T14:13:00","7292","Anna Nagar","49","7378","Thangal","51","2026-09-21T14:13:00","2026-09-21T14:18:00","3","60","ALL_TICKETS_USED","AT_TICKET_DESTINATION"
"SYN000042","SYNTHETIC","ETM_STYLE","2026-09-21","23212","101 R","5013","Regular","2026-09-21_5013","afternoon","2026-09-21T14:24:00","7508","Thiruvottiyur Market","56","7531","Vellayan Chettiyar School","57","2026-09-21T14:24:00","2026-09-21T14:25:00","3","60","ALL_TICKETS_USED","AT_TICKET_DESTINATION"
"SYN000043","SYNTHETIC","CHENNAI_ONE_STYLE","2026-09-21","23212","101 R","5013","Regular","2026-09-21_5013","afternoon","2026-09-21T13:51:00","10316","Payaigada Evening Bazar Road","34","7577","Thiruvottriyur Bus Stand","59","2026-09-21T13:53:00","2026-09-21T14:27:00","2","60","ALL_TICKETS_USED","AT_TICKET_DESTINATION"
"SYN000044","SYNTHETIC","CHENNAI_ONE_STYLE","2026-09-21","23212","101 R","5013","Regular","2026-09-21_5013","afternoon","2026-09-21T14:16:00","5536","Thangal Tollgate","50","7403","Raja Kaladi","52","2026-09-21T14:17:00","2026-09-21T14:19:00","1","60","ALL_TICKETS_USED","AT_TICKET_DESTINATION"
"SYN000045","SYNTHETIC","ETM_STYLE","2026-09-21","23212","101 R","5015","Regular","2026-09-21_5015","evening","2026-09-21T17:16:00","9457","Saveetha Hospital","6","7378","Thangal","51","2026-09-21T17:16:00","2026-09-21T18:33:00","1","60","ALL_TICKETS_USED","AT_TICKET_DESTINATION"
"SYN000046","SYNTHETIC","ETM_STYLE","2026-09-21","23212","101 R","5015","Regular","2026-09-21_5015","evening","2026-09-21T17:08:00","9436","Poonamallee Government Hospital","2","7403","Raja Kaladi","52","2026-09-21T17:08:00","2026-09-21T18:34:00","2","60","ALL_TICKETS_USED","AT_TICKET_DESTINATION"
"SYN000047","SYNTHETIC","CHENNAI_ONE_STYLE","2026-09-21","23212","101 R","5015","Regular","2026-09-21_5015","evening","2026-09-21T17:08:00","9428","Kallarai","3","7487","Thiruvotriyur Temple","55","2026-09-21T17:10:00","2026-09-21T18:38:00","2","60","ALL_TICKETS_USED","AT_TICKET_DESTINATION"
"SYN000048","SYNTHETIC","CHENNAI_ONE_STYLE","2026-09-21","23212","101 R","5015","Regular","2026-09-21_5015","evening","2026-09-21T17:01:00","9457","Saveetha Hospital","6","5536","Thangal Tollgate","50","2026-09-21T17:16:00","2026-09-21T18:32:00","1","60","ALL_TICKETS_USED","AT_TICKET_DESTINATION"
"SYN000049","SYNTHETIC","ETM_STYLE","2026-09-21","23212","101 R","5015","Regular","2026-09-21_5015","evening","2026-09-21T17:29:00","9536","Maduravoyal","12","10539","Thiruvottiyur Ajax Bus Depot","58","2026-09-21T17:29:00","2026-09-21T18:41:00","1","60","ALL_TICKETS_USED","AT_TICKET_DESTINATION"
"SYN000050","SYNTHETIC","ETM_STYLE","2026-09-21","23212","101 R","5015","Regular","2026-09-21_5015","evening","2026-09-21T17:21:00","9519","Velappanchavadi","8","6758","Clive Battery","40","2026-09-21T17:21:00","2026-09-21T18:17:00","2","60","ALL_TICKETS_USED","AT_TICKET_DESTINATION"
"SYN000051","SYNTHETIC","CHENNAI_ONE_STYLE","2026-09-21","23212","101 R","5015","Regular","2026-09-21_5015","evening","2026-09-21T17:37:00","9628","Rohini Theatre","18","6780","Thambu Chetty Street","41","2026-09-21T17:41:00","2026-09-21T18:18:00","1","60","ALL_TICKETS_USED","AT_TICKET_DESTINATION"
"SYN000052","SYNTHETIC","ETM_STYLE","2026-09-21","23212","101 R","5015","Regular","2026-09-21_5015","evening","2026-09-21T17:16:00","9457","Saveetha Hospital","6","7450","Ellaiamman Kovil","53","2026-09-21T17:16:00","2026-09-21T18:36:00","2","60","ALL_TICKETS_USED","AT_TICKET_DESTINATION"
"SYN000053","SYNTHETIC","ETM_STYLE","2026-09-21","23212","101 R","5015","Regular","2026-09-21_5015","evening","2026-09-21T17:31:00","9566","Maduravoyal Ration Shop","14","7531","Vellayan Chettiyar School","57","2026-09-21T17:31:00","2026-09-21T18:40:00","2","60","ALL_TICKETS_USED","AT_TICKET_DESTINATION"
"SYN000054","SYNTHETIC","ETM_STYLE","2026-09-21","23212","101 R","5015","Regular","2026-09-21_5015","evening","2026-09-21T17:28:00","10269","Maduravoyal Erikarai","11","7083","Kasimedu","47","2026-09-21T17:28:00","2026-09-21T18:26:00","1","60","ALL_TICKETS_USED","AT_TICKET_DESTINATION"
"SYN000055","SYNTHETIC","ETM_STYLE","2026-09-21","23212","101 R","5015","Regular","2026-09-21_5015","evening","2026-09-21T17:31:00","9566","Maduravoyal Ration Shop","14","7577","Thiruvottriyur Bus Stand","59","2026-09-21T17:31:00","2026-09-21T18:42:00","2","60","ALL_TICKETS_USED","AT_TICKET_DESTINATION"
"SYN000056","SYNTHETIC","ETM_STYLE","2026-09-21","23212","101 R","5015","Regular","2026-09-21_5015","evening","2026-09-21T17:42:00","10293","Arumbakkam P.H Road","19","7577","Thiruvottriyur Bus Stand","59","2026-09-21T17:42:00","2026-09-21T18:42:00","1","60","ALL_TICKETS_USED","AT_TICKET_DESTINATION"
"SYN000057","SYNTHETIC","CHENNAI_ONE_STYLE","2026-09-21","23212","101 R","5015","Regular","2026-09-21_5015","evening","2026-09-21T17:06:00","9519","Velappanchavadi","8","7032","Kasimedu Police Station","45","2026-09-21T17:21:00","2026-09-21T18:24:00","1","60","ALL_TICKETS_USED","AT_TICKET_DESTINATION"
"SYN000058","SYNTHETIC","CHENNAI_ONE_STYLE","2026-09-21","23212","101 R","5015","Regular","2026-09-21_5015","evening","2026-09-21T17:34:00","10293","Arumbakkam P.H Road","19","7577","Thiruvottriyur Bus Stand","59","2026-09-21T17:42:00","2026-09-21T18:42:00","2","60","ALL_TICKETS_USED","AT_TICKET_DESTINATION"
"SYN000059","SYNTHETIC","ETM_STYLE","2026-09-21","23212","101 R","5015","Regular","2026-09-21_5015","evening","2026-09-21T17:40:00","9615","Mettukulam","17","6758","Clive Battery","40","2026-09-21T17:40:00","2026-09-21T18:17:00","1","60","ALL_TICKETS_USED","AT_TICKET_DESTINATION"
"SYN000060","SYNTHETIC","ETM_STYLE","2026-09-21","23212","101 R","5015","Regular","2026-09-21_5015","evening","2026-09-21T17:41:00","9628","Rohini Theatre","18","7032","Kasimedu Police Station","45","2026-09-21T17:41:00","2026-09-21T18:24:00","1","60","ALL_TICKETS_USED","AT_TICKET_DESTINATION"
"SYN000061","SYNTHETIC","ETM_STYLE","2026-09-21","23212","101 R","5015","Regular","2026-09-21_5015","evening","2026-09-21T17:13:00","10238","Poonamallee Municipality Or Kumananchavadi","5","6936","Kalmandapam Police Station","43","2026-09-21T17:13:00","2026-09-21T18:22:00","2","60","ALL_TICKETS_USED","AT_TICKET_DESTINATION"
"SYN000062","SYNTHETIC","ETM_STYLE","2026-09-21","23212","101 R","5015","Regular","2026-09-21_5015","evening","2026-09-21T17:10:00","9428","Kallarai","3","7487","Thiruvotriyur Temple","55","2026-09-21T17:10:00","2026-09-21T18:38:00","1","60","ALL_TICKETS_USED","AT_TICKET_DESTINATION"
"SYN000063","SYNTHETIC","CHENNAI_ONE_STYLE","2026-09-21","23212","101 R","5015","Regular","2026-09-21_5015","evening","2026-09-21T17:26:00","9536","Maduravoyal","12","7378","Thangal","51","2026-09-21T17:29:00","2026-09-21T18:33:00","1","60","ALL_TICKETS_USED","AT_TICKET_DESTINATION"
"SYN000064","SYNTHETIC","ETM_STYLE","2026-09-21","23212","101 R","5015","Regular","2026-09-21_5015","evening","2026-09-21T17:40:00","9615","Mettukulam","17","7480","Theradi","54","2026-09-21T17:40:00","2026-09-21T18:37:00","3","60","ALL_TICKETS_USED","AT_TICKET_DESTINATION"
"SYN000065","SYNTHETIC","CHENNAI_ONE_STYLE","2026-09-21","23212","101 R","5015","Regular","2026-09-21_5015","evening","2026-09-21T17:16:00","9500","Acs Medical College","7","7508","Thiruvottiyur Market","56","2026-09-21T17:18:00","2026-09-21T18:39:00","1","60","ALL_TICKETS_USED","AT_TICKET_DESTINATION"
"SYN000066","SYNTHETIC","ETM_STYLE","2026-09-21","23212","101 R","5015","Regular","2026-09-21_5015","evening","2026-09-21T17:31:00","9566","Maduravoyal Ration Shop","14","7450","Ellaiamman Kovil","53","2026-09-21T17:31:00","2026-09-21T18:36:00","1","60","ALL_TICKETS_USED","AT_TICKET_DESTINATION"
"SYN000067","SYNTHETIC","CHENNAI_ONE_STYLE","2026-09-21","23212","101 R","5015","Regular","2026-09-21_5015","evening","2026-09-21T17:21:00","9566","Maduravoyal Ration Shop","14","6780","Thambu Chetty Street","41","2026-09-21T17:31:00","2026-09-21T18:18:00","1","60","ALL_TICKETS_USED","AT_TICKET_DESTINATION"
"SYN000068","SYNTHETIC","ETM_STYLE","2026-09-21","23212","101 R","5015","Regular","2026-09-21_5015","evening","2026-09-21T17:29:00","9536","Maduravoyal","12","7403","Raja Kaladi","52","2026-09-21T17:29:00","2026-09-21T18:34:00","1","60","ALL_TICKETS_USED","AT_TICKET_DESTINATION"
"SYN000069","SYNTHETIC","CHENNAI_ONE_STYLE","2026-09-21","23212","101 R","5015","Regular","2026-09-21_5015","evening","2026-09-21T17:38:00","10293","Arumbakkam P.H Road","19","10424","Kalaimagal Vidyalaya Or Esso","44","2026-09-21T17:42:00","2026-09-21T18:23:00","3","60","ALL_TICKETS_USED","AT_TICKET_DESTINATION"
"SYN000070","SYNTHETIC","ETM_STYLE","2026-09-21","23212","101 R","5015","Regular","2026-09-21_5015","evening","2026-09-21T17:38:00","9594","Nerkundram","16","6780","Thambu Chetty Street","41","2026-09-21T17:38:00","2026-09-21T18:18:00","2","60","ALL_TICKETS_USED","AT_TICKET_DESTINATION"
"SYN000071","SYNTHETIC","CHENNAI_ONE_STYLE","2026-09-21","23212","101 R","5015","Regular","2026-09-21_5015","evening","2026-09-21T17:28:00","9581","Vengaya Mandi","15","10539","Thiruvottiyur Ajax Bus Depot","58","2026-09-21T17:33:00","2026-09-21T18:41:00","1","60","ALL_TICKETS_USED","AT_TICKET_DESTINATION"
"SYN000072","SYNTHETIC","CHENNAI_ONE_STYLE","2026-09-21","23212","101 R","5015","Regular","2026-09-21_5015","evening","2026-09-21T17:28:00","9536","Maduravoyal","12","7577","Thiruvottriyur Bus Stand","59","2026-09-21T17:29:00","2026-09-21T18:42:00","2","60","ALL_TICKETS_USED","AT_TICKET_DESTINATION"
"SYN000073","SYNTHETIC","CHENNAI_ONE_STYLE","2026-09-21","23212","101 R","5015","Regular","2026-09-21_5015","evening","2026-09-21T17:10:00","10238","Poonamallee Municipality Or Kumananchavadi","5","10539","Thiruvottiyur Ajax Bus Depot","58","2026-09-21T17:13:00","2026-09-21T18:41:00","1","60","ALL_TICKETS_USED","AT_TICKET_DESTINATION"
"SYN000074","SYNTHETIC","CHENNAI_ONE_STYLE","2026-09-21","23212","101 R","5015","Regular","2026-09-21_5015","evening","2026-09-21T17:22:00","9536","Maduravoyal","12","7508","Thiruvottiyur Market","56","2026-09-21T17:29:00","2026-09-21T18:39:00","1","60","ALL_TICKETS_USED","AT_TICKET_DESTINATION"
"SYN000075","SYNTHETIC","ETM_STYLE","2026-09-21","23212","101 R","5015","Regular","2026-09-21_5015","evening","2026-09-21T17:24:00","9525","Kumar Theatre","9","10424","Kalaimagal Vidyalaya Or Esso","44","2026-09-21T17:24:00","2026-09-21T18:23:00","1","60","ALL_TICKETS_USED","AT_TICKET_DESTINATION"
"SYN000076","SYNTHETIC","ETM_STYLE","2026-09-21","23212","101 R","71785","Regular","2026-09-21_71785","night","2026-09-21T23:40:00","6780","Thambu Chetty Street","41","10539","Thiruvottiyur Ajax Bus Depot","58","2026-09-21T23:40:00","2026-09-22T00:03:00","1","60","ALL_TICKETS_USED","AT_TICKET_DESTINATION"
"SYN000077","SYNTHETIC","ETM_STYLE","2026-09-21","23212","101 R","71785","Regular","2026-09-21_71785","night","2026-09-21T23:16:00","9659","Kmc Hospital","27","7189","Nagara Thottam","48","2026-09-21T23:16:00","2026-09-21T23:49:00","1","60","ALL_TICKETS_USED","AT_TICKET_DESTINATION"
"SYN000078","SYNTHETIC","ETM_STYLE","2026-09-21","23212","101 R","71785","Regular","2026-09-21_71785","night","2026-09-21T22:27:00","9440","Poonamallee","1","9642","Taylors Road","26","2026-09-21T22:27:00","2026-09-21T23:14:00","3","60","ALL_TICKETS_USED","AT_TICKET_DESTINATION"
"SYN000079","SYNTHETIC","CHENNAI_ONE_STYLE","2026-09-21","23212","101 R","71785","Regular","2026-09-21_71785","night","2026-09-21T23:10:00","9665","Neyveli House","28","54","Hotel Everest","32","2026-09-21T23:17:00","2026-09-21T23:23:00","1","60","ALL_TICKETS_USED","AT_TICKET_DESTINATION"
"SYN000080","SYNTHETIC","ETM_STYLE","2026-09-21","23212","101 R","71785","Regular","2026-09-21_71785","night","2026-09-21T23:49:00","7189","Nagara Thottam","48","7487","Thiruvotriyur Temple","55","2026-09-21T23:49:00","2026-09-22T00:00:00","2","60","ALL_TICKETS_USED","AT_TICKET_DESTINATION"
"SYN000081","SYNTHETIC","ETM_STYLE","2026-09-21","23212","101 R","71785","Regular","2026-09-21_71785","night","2026-09-21T23:02:00","9615","Mettukulam","17","9642","Taylors Road","26","2026-09-21T23:02:00","2026-09-21T23:14:00","1","60","ALL_TICKETS_USED","AT_TICKET_DESTINATION"
"SYN000082","SYNTHETIC","CHENNAI_ONE_STYLE","2026-09-21","23212","101 R","71785","Regular","2026-09-21_71785","night","2026-09-21T23:32:00","9843","Beach Station","38","7480","Theradi","54","2026-09-21T23:37:00","2026-09-21T23:59:00","2","60","ALL_TICKETS_USED","AT_TICKET_DESTINATION"
"SYN000083","SYNTHETIC","CHENNAI_ONE_STYLE","2026-09-21","23212","101 R","71785","Regular","2026-09-21_71785","night","2026-09-21T22:44:00","9566","Maduravoyal Ration Shop","14","7189","Nagara Thottam","48","2026-09-21T22:53:00","2026-09-21T23:49:00","2","60","ALL_TICKETS_USED","AT_TICKET_DESTINATION"
"SYN000084","SYNTHETIC","ETM_STYLE","2026-09-21","23212","101 R","71785","Regular","2026-09-21_71785","night","2026-09-21T22:40:00","9500","Acs Medical College","7","9665","Neyveli House","28","2026-09-21T22:40:00","2026-09-21T23:17:00","2","60","ALL_TICKETS_USED","AT_TICKET_DESTINATION"
"SYN000085","SYNTHETIC","ETM_STYLE","2026-09-21","23212","101 R","71785","Regular","2026-09-21_71785","night","2026-09-21T22:43:00","9519","Velappanchavadi","8","9581","Vengaya Mandi","15","2026-09-21T22:43:00","2026-09-21T22:55:00","2","60","ALL_TICKETS_USED","AT_TICKET_DESTINATION"
"SYN000086","SYNTHETIC","CHENNAI_ONE_STYLE","2026-09-21","23212","101 R","71785","Regular","2026-09-21_71785","night","2026-09-21T23:21:00","9776","Flower Bazzar","35","7292","Anna Nagar","49","2026-09-21T23:31:00","2026-09-21T23:50:00","1","60","ALL_TICKETS_USED","AT_TICKET_DESTINATION"
"SYN000087","SYNTHETIC","CHENNAI_ONE_STYLE","2026-09-21","23212","101 R","71785","Regular","2026-09-21_71785","night","2026-09-21T23:11:00","5792","Aminjikarai","23","10424","Kalaimagal Vidyalaya Or Esso","44","2026-09-21T23:11:00","2026-09-21T23:45:00","2","60","ALL_TICKETS_USED","AT_TICKET_DESTINATION"
"SYN000088","SYNTHETIC","ETM_STYLE","2026-09-21","24079","102","108712","Regular","2026-09-21_108712","morning","2026-09-21T09:51:00","5760","Adyar Signal","17","6132","Chettinad Hospital","49","2026-09-21T09:51:00","2026-09-21T10:42:00","2","60","ALL_TICKETS_USED","AT_TICKET_DESTINATION"
"SYN000089","SYNTHETIC","ETM_STYLE","2026-09-21","24079","102","108712","Regular","2026-09-21_108712","morning","2026-09-21T09:42:00","9262","Santhome Church","12","6099","Kelambakkam Bus Terminal","51","2026-09-21T09:42:00","2026-09-21T10:45:00","1","60","ALL_TICKETS_USED","AT_TICKET_DESTINATION"
"SYN000090","SYNTHETIC","ETM_STYLE","2026-09-21","24079","102","108712","Regular","2026-09-21_108712","morning","2026-09-21T09:35:00","10941","Kannagi Statue Shelter 1","7","6314","Ags Complex Navalur","40","2026-09-21T09:35:00","2026-09-21T10:32:00","3","60","ALL_TICKETS_USED","AT_TICKET_DESTINATION"
"SYN000091","SYNTHETIC","ETM_STYLE","2026-09-21","24079","102","108712","Regular","2026-09-21_108712","morning","2026-09-21T09:35:00","10941","Kannagi Statue Shelter 1","7","6358","Semmancheri","39","2026-09-21T09:35:00","2026-09-21T10:31:00","1","60","ALL_TICKETS_USED","AT_TICKET_DESTINATION"
"SYN000092","SYNTHETIC","ETM_STYLE","2026-09-21","24079","102","108712","Regular","2026-09-21_108712","morning","2026-09-21T09:47:00","9128","Mrc Nagar","14","6403","Satyabhama University","38","2026-09-21T09:47:00","2026-09-21T10:28:00","1","60","ALL_TICKETS_USED","AT_TICKET_DESTINATION"
"SYN000093","SYNTHETIC","ETM_STYLE","2026-09-21","24079","102","108712","Regular","2026-09-21_108712","morning","2026-09-21T09:45:00","9158","Foreshore Estate Bus Terminus","13","6150","Hindustan College","48","2026-09-21T09:45:00","2026-09-21T10:41:00","1","60","ALL_TICKETS_USED","AT_TICKET_DESTINATION"
"SYN000094","SYNTHETIC","CHENNAI_ONE_STYLE","2026-09-21","24079","102","108712","Regular","2026-09-21_108712","morning","2026-09-21T09:20:00","9782","High Court","2","6314","Ags Complex Navalur","40","2026-09-21T09:27:00","2026-09-21T10:32:00","2","60","ALL_TICKETS_USED","AT_TICKET_DESTINATION"
"SYN000095","SYNTHETIC","ETM_STYLE","2026-09-21","24079","102","108712","Regular","2026-09-21_108712","morning","2026-09-21T09:31:00","5814","Secretariat","4","6179","Akshaya Padur","46","2026-09-21T09:31:00","2026-09-21T10:39:00","2","60","ALL_TICKETS_USED","AT_TICKET_DESTINATION"
"SYN000096","SYNTHETIC","CHENNAI_ONE_STYLE","2026-09-21","24079","102","108712","Regular","2026-09-21_108712","morning","2026-09-21T09:34:00","5917","Queen Marys College","10","6157","Padur","47","2026-09-21T09:39:00","2026-09-21T10:40:00","1","60","ALL_TICKETS_USED","AT_TICKET_DESTINATION"
"SYN000097","SYNTHETIC","CHENNAI_ONE_STYLE","2026-09-21","24079","102","108712","Regular","2026-09-21_108712","morning","2026-09-21T09:32:00","9158","Foreshore Estate Bus Terminus","13","6269","Egattur","42","2026-09-21T09:45:00","2026-09-21T10:35:00","2","60","ALL_TICKETS_USED","AT_TICKET_DESTINATION"
"SYN000098","SYNTHETIC","ETM_STYLE","2026-09-21","24079","102","108712","Regular","2026-09-21_108712","morning","2026-09-21T09:49:00","5758","M.G.R Janaki College Or Sathya Studio","16","6099","Kelambakkam Bus Terminal","51","2026-09-21T09:49:00","2026-09-21T10:45:00","3","60","ALL_TICKETS_USED","AT_TICKET_DESTINATION"
"SYN000099","SYNTHETIC","ETM_STYLE","2026-09-21","24079","102","108712","Regular","2026-09-21_108712","morning","2026-09-21T09:35:00","10941","Kannagi Statue Shelter 1","7","10012","Government School Shozhinganallur","35","2026-09-21T09:35:00","2026-09-21T10:23:00","1","60","ALL_TICKETS_USED","AT_TICKET_DESTINATION"
"SYN000100","SYNTHETIC","ETM_STYLE","2026-09-21","24079","102","108712","Regular","2026-09-21_108712","morning","2026-09-21T09:47:00","9128","Mrc Nagar","14","6269","Egattur","42","2026-09-21T09:47:00","2026-09-21T10:35:00","1","60","ALL_TICKETS_USED","AT_TICKET_DESTINATION"
"SYN000101","SYNTHETIC","ETM_STYLE","2026-09-21","24079","102","108712","Regular","2026-09-21_108712","morning","2026-09-21T09:49:00","5758","M.G.R Janaki College Or Sathya Studio","16","6125","Kelambakkam V A O Office","50","2026-09-21T09:49:00","2026-09-21T10:43:00","2","60","ALL_TICKETS_USED","AT_TICKET_DESTINATION"
"SYN000102","SYNTHETIC","ETM_STYLE","2026-09-21","24079","102","108712","Regular","2026-09-21_108712","morning","2026-09-21T09:49:00","5758","M.G.R Janaki College Or Sathya Studio","16","6179","Akshaya Padur","46","2026-09-21T09:49:00","2026-09-21T10:39:00","1","60","ALL_TICKETS_USED","AT_TICKET_DESTINATION"
"SYN000103","SYNTHETIC","CHENNAI_ONE_STYLE","2026-09-21","24079","102","108712","Regular","2026-09-21_108712","morning","2026-09-21T09:35:00","10814","Music College Annamalai Puram","15","9974","Navalur","41","2026-09-21T09:48:00","2026-09-21T10:33:00","1","60","ALL_TICKETS_USED","AT_TICKET_DESTINATION"
"SYN000104","SYNTHETIC","ETM_STYLE","2026-09-21","24079","102","108712","Regular","2026-09-21_108712","morning","2026-09-21T09:27:00","9782","High Court","2","6358","Semmancheri","39","2026-09-21T09:27:00","2026-09-21T10:31:00","2","60","ALL_TICKETS_USED","AT_TICKET_DESTINATION"
"SYN000105","SYNTHETIC","CHENNAI_ONE_STYLE","2026-09-21","24079","102","108712","Regular","2026-09-21_108712","morning","2026-09-21T09:36:00","5916","Vivekananda House","9","6314","Ags Complex Navalur","40","2026-09-21T09:38:00","2026-09-21T10:32:00","2","60","ALL_TICKETS_USED","AT_TICKET_DESTINATION"
"SYN000106","SYNTHETIC","ETM_STYLE","2026-09-21","24079","102","108712","Regular","2026-09-21_108712","morning","2026-09-21T09:31:00","5814","Secretariat","4","6179","Akshaya Padur","46","2026-09-21T09:31:00","2026-09-21T10:39:00","1","60","ALL_TICKETS_USED","AT_TICKET_DESTINATION"
"SYN000107","SYNTHETIC","CHENNAI_ONE_STYLE","2026-09-21","24079","102","108712","Regular","2026-09-21_108712","morning","2026-09-21T09:24:00","5917","Queen Marys College","10","6099","Kelambakkam Bus Terminal","51","2026-09-21T09:39:00","2026-09-21T10:45:00","1","60","ALL_TICKETS_USED","AT_TICKET_DESTINATION"
"SYN000108","SYNTHETIC","ETM_STYLE","2026-09-21","24079","102","108712","Regular","2026-09-21_108712","morning","2026-09-21T09:41:00","9318","Nochikuppam","11","6099","Kelambakkam Bus Terminal","51","2026-09-21T09:41:00","2026-09-21T10:45:00","1","60","ALL_TICKETS_USED","AT_TICKET_DESTINATION"
"SYN000109","SYNTHETIC","ETM_STYLE","2026-09-21","24079","102","108712","Regular","2026-09-21_108712","morning","2026-09-21T09:39:00","5917","Queen Marys College","10","10012","Government School Shozhinganallur","35","2026-09-21T09:39:00","2026-09-21T10:23:00","2","60","ALL_TICKETS_USED","AT_TICKET_DESTINATION"
"SYN000110","SYNTHETIC","ETM_STYLE","2026-09-21","24079","102","108712","Regular","2026-09-21_108712","morning","2026-09-21T09:47:00","9128","Mrc Nagar","14","6125","Kelambakkam V A O Office","50","2026-09-21T09:47:00","2026-09-21T10:43:00","1","60","ALL_TICKETS_USED","AT_TICKET_DESTINATION"
"SYN000111","SYNTHETIC","ETM_STYLE","2026-09-21","24079","102","108712","Regular","2026-09-21_108712","morning","2026-09-21T09:29:00","9783","Parrys Corner","3","6125","Kelambakkam V A O Office","50","2026-09-21T09:29:00","2026-09-21T10:43:00","2","60","ALL_TICKETS_USED","AT_TICKET_DESTINATION"
"SYN000112","SYNTHETIC","ETM_STYLE","2026-09-21","24079","102","108712","Regular","2026-09-21_108712","morning","2026-09-21T09:33:00","11192","Annasquare","6","6132","Chettinad Hospital","49","2026-09-21T09:33:00","2026-09-21T10:42:00","1","60","ALL_TICKETS_USED","AT_TICKET_DESTINATION"
"SYN000113","SYNTHETIC","CHENNAI_ONE_STYLE","2026-09-21","24079","102","108712","Regular","2026-09-21_108712","morning","2026-09-21T09:24:00","5814","Secretariat","4","6420","Kumaran Nagar","37","2026-09-21T09:31:00","2026-09-21T10:26:00","2","60","ALL_TICKETS_USED","AT_TICKET_DESTINATION"
"SYN000114","SYNTHETIC","CHENNAI_ONE_STYLE","2026-09-21","24079","102","108712","Regular","2026-09-21_108712","morning","2026-09-21T09:37:00","5916","Vivekananda House","9","6420","Kumaran Nagar","37","2026-09-21T09:38:00","2026-09-21T10:26:00","3","60","ALL_TICKETS_USED","AT_TICKET_DESTINATION"
"SYN000115","SYNTHETIC","CHENNAI_ONE_STYLE","2026-09-21","24079","102","108712","Regular","2026-09-21_108712","morning","2026-09-21T09:25:00","5917","Queen Marys College","10","6132","Chettinad Hospital","49","2026-09-21T09:39:00","2026-09-21T10:42:00","1","60","ALL_TICKETS_USED","AT_TICKET_DESTINATION"
"SYN000116","SYNTHETIC","ETM_STYLE","2026-09-21","24079","102","108712","Regular","2026-09-21_108712","morning","2026-09-21T09:29:00","9783","Parrys Corner","3","6420","Kumaran Nagar","37","2026-09-21T09:29:00","2026-09-21T10:26:00","1","60","ALL_TICKETS_USED","AT_TICKET_DESTINATION"
"SYN000117","SYNTHETIC","CHENNAI_ONE_STYLE","2026-09-21","24079","102","108712","Regular","2026-09-21_108712","morning","2026-09-21T09:22:00","9782","High Court","2","6132","Chettinad Hospital","49","2026-09-21T09:27:00","2026-09-21T10:42:00","1","60","ALL_TICKETS_USED","AT_TICKET_DESTINATION"
"SYN000118","SYNTHETIC","ETM_STYLE","2026-09-21","24079","102","108712","Regular","2026-09-21_108712","morning","2026-09-21T09:49:00","5758","M.G.R Janaki College Or Sathya Studio","16","10012","Government School Shozhinganallur","35","2026-09-21T09:49:00","2026-09-21T10:23:00","1","60","ALL_TICKETS_USED","AT_TICKET_DESTINATION"
"SYN000119","SYNTHETIC","ETM_STYLE","2026-09-21","24079","102","108714","Regular","2026-09-21_108714","afternoon","2026-09-21T14:06:00","5814","Secretariat","4","9318","Nochikuppam","11","2026-09-21T14:06:00","2026-09-21T14:16:00","1","60","ALL_TICKETS_USED","AT_TICKET_DESTINATION"
"SYN000120","SYNTHETIC","CHENNAI_ONE_STYLE","2026-09-21","24079","102","108714","Regular","2026-09-21_108714","afternoon","2026-09-21T14:53:00","6314","Ags Complex Navalur","40","6150","Hindustan College","48","2026-09-21T15:07:00","2026-09-21T15:16:00","2","60","ALL_TICKETS_USED","AT_TICKET_DESTINATION"
"SYN000121","SYNTHETIC","ETM_STYLE","2026-09-21","24079","102","108714","Regular","2026-09-21_108714","afternoon","2026-09-21T14:55:00","10031","Dollar Or Accenture","33","6225","Vaniyanchavadi Padma Adarsh School","44","2026-09-21T14:55:00","2026-09-21T15:12:00","2","60","ALL_TICKETS_USED","AT_TICKET_DESTINATION"
"SYN000122","SYNTHETIC","ETM_STYLE","2026-09-21","24079","102","108714","Regular","2026-09-21_108714","afternoon","2026-09-21T14:59:00","6454","Ponniamman Kovil","36","6403","Satyabhama University","38","2026-09-21T14:59:00","2026-09-21T15:03:00","1","60","ALL_TICKETS_USED","AT_TICKET_DESTINATION"
"SYN000123","SYNTHETIC","CHENNAI_ONE_STYLE","2026-09-21","24079","102","108714","Regular","2026-09-21_108714","afternoon","2026-09-21T15:07:00","6150","Hindustan College","48","6132","Chettinad Hospital","49","2026-09-21T15:16:00","2026-09-21T15:17:00","2","60","ALL_TICKETS_USED","AT_TICKET_DESTINATION"
"SYN000124","SYNTHETIC","ETM_STYLE","2026-09-21","24079","102","108714","Regular","2026-09-21_108714","afternoon","2026-09-21T15:14:00","6179","Akshaya Padur","46","6125","Kelambakkam V A O Office","50","2026-09-21T15:14:00","2026-09-21T15:18:00","2","60","ALL_TICKETS_USED","AT_TICKET_DESTINATION"
"SYN000125","SYNTHETIC","ETM_STYLE","2026-09-21","24079","102","108714","Regular","2026-09-21_108714","afternoon","2026-09-21T14:13:00","5916","Vivekananda House","9","6269","Egattur","42","2026-09-21T14:13:00","2026-09-21T15:10:00","1","60","ALL_TICKETS_USED","AT_TICKET_DESTINATION"
"SYN000126","SYNTHETIC","ETM_STYLE","2026-09-21","24079","102","108714","Regular","2026-09-21_108714","afternoon","2026-09-21T14:55:00","10031","Dollar Or Accenture","33","9974","Navalur","41","2026-09-21T14:55:00","2026-09-21T15:08:00","3","60","ALL_TICKETS_USED","AT_TICKET_DESTINATION"
"SYN000127","SYNTHETIC","ETM_STYLE","2026-09-21","24079","102","108714","Regular","2026-09-21_108714","afternoon","2026-09-21T14:07:00","5932","War Memorial","5","11149","Thiruvanmiyur Ration Shop","21","2026-09-21T14:07:00","2026-09-21T14:34:00","1","60","ALL_TICKETS_USED","AT_TICKET_DESTINATION"
"SYN000128","SYNTHETIC","ETM_STYLE","2026-09-21","24079","102","108714","Regular","2026-09-21_108714","afternoon","2026-09-21T14:34:00","11149","Thiruvanmiyur Ration Shop","21","6579","Karapakkam","32","2026-09-21T14:34:00","2026-09-21T14:53:00","1","60","ALL_TICKETS_USED","AT_TICKET_DESTINATION"
"SYN000129","SYNTHETIC","ETM_STYLE","2026-09-21","24079","102","108714","Regular","2026-09-21_108714","afternoon","2026-09-21T15:15:00","6157","Padur","47","6099","Kelambakkam Bus Terminal","51","2026-09-21T15:15:00","2026-09-21T15:20:00","3","60","ALL_TICKETS_USED","AT_TICKET_DESTINATION"
"SYN000130","SYNTHETIC","ETM_STYLE","2026-09-21","24079","102","108714","Regular","2026-09-21_108714","afternoon","2026-09-21T14:10:00","10941","Kannagi Statue Shelter 1","7","6125","Kelambakkam V A O Office","50","2026-09-21T14:10:00","2026-09-21T15:18:00","3","60","ALL_TICKETS_USED","AT_TICKET_DESTINATION"
"SYN000131","SYNTHETIC","ETM_STYLE","2026-09-21","24079","102","108714","Regular","2026-09-21_108714","afternoon","2026-09-21T15:10:00","6269","Egattur","42","6225","Vaniyanchavadi Padma Adarsh School","44","2026-09-21T15:10:00","2026-09-21T15:12:00","2","60","ALL_TICKETS_USED","AT_TICKET_DESTINATION"
"SYN000132","SYNTHETIC","CHENNAI_ONE_STYLE","2026-09-21","24079","102","108716","Regular","2026-09-21_108716","evening","2026-09-21T18:45:00","9783","Parrys Corner","3","6125","Kelambakkam V A O Office","50","2026-09-21T18:54:00","2026-09-21T20:08:00","3","60","ALL_TICKETS_USED","AT_TICKET_DESTINATION"
"SYN000133","SYNTHETIC","ETM_STYLE","2026-09-21","24079","102","108716","Regular","2026-09-21_108716","evening","2026-09-21T18:58:00","11192","Annasquare","6","9966","It Park Siruseri Or Muttukadu","43","2026-09-21T18:58:00","2026-09-21T20:01:00","1","60","ALL_TICKETS_USED","AT_TICKET_DESTINATION"
"SYN000134","SYNTHETIC","CHENNAI_ONE_STYLE","2026-09-21","24079","102","108716","Regular","2026-09-21_108716","evening","2026-09-21T18:57:00","11192","Annasquare","6","6099","Kelambakkam Bus Terminal","51","2026-09-21T18:58:00","2026-09-21T20:10:00","1","60","ALL_TICKETS_USED","AT_TICKET_DESTINATION"
"SYN000135","SYNTHETIC","CHENNAI_ONE_STYLE","2026-09-21","24079","102","108716","Regular","2026-09-21_108716","evening","2026-09-21T18:54:00","9783","Parrys Corner","3","6157","Padur","47","2026-09-21T18:54:00","2026-09-21T20:05:00","2","60","ALL_TICKETS_USED","AT_TICKET_DESTINATION"
"SYN000136","SYNTHETIC","ETM_STYLE","2026-09-21","24079","102","108716","Regular","2026-09-21_108716","evening","2026-09-21T19:12:00","9128","Mrc Nagar","14","6132","Chettinad Hospital","49","2026-09-21T19:12:00","2026-09-21T20:07:00","2","60","ALL_TICKETS_USED","AT_TICKET_DESTINATION"
"SYN000137","SYNTHETIC","ETM_STYLE","2026-09-21","24079","102","108716","Regular","2026-09-21_108716","evening","2026-09-21T19:12:00","9128","Mrc Nagar","14","6269","Egattur","42","2026-09-21T19:12:00","2026-09-21T20:00:00","2","60","ALL_TICKETS_USED","AT_TICKET_DESTINATION"
"SYN000138","SYNTHETIC","ETM_STYLE","2026-09-21","24079","102","108716","Regular","2026-09-21_108716","evening","2026-09-21T18:57:00","5932","War Memorial","5","6269","Egattur","42","2026-09-21T18:57:00","2026-09-21T20:00:00","1","60","ALL_TICKETS_USED","AT_TICKET_DESTINATION"
"SYN000139","SYNTHETIC","ETM_STYLE","2026-09-21","24079","102","108716","Regular","2026-09-21_108716","evening","2026-09-21T19:12:00","9128","Mrc Nagar","14","6125","Kelambakkam V A O Office","50","2026-09-21T19:12:00","2026-09-21T20:08:00","2","60","ALL_TICKETS_USED","AT_TICKET_DESTINATION"
"SYN000140","SYNTHETIC","CHENNAI_ONE_STYLE","2026-09-21","24079","102","108716","Regular","2026-09-21_108716","evening","2026-09-21T18:53:00","5814","Secretariat","4","6269","Egattur","42","2026-09-21T18:56:00","2026-09-21T20:00:00","1","60","ALL_TICKETS_USED","AT_TICKET_DESTINATION"
"SYN000141","SYNTHETIC","ETM_STYLE","2026-09-21","24079","102","108716","Regular","2026-09-21_108716","evening","2026-09-21T18:54:00","9783","Parrys Corner","3","6150","Hindustan College","48","2026-09-21T18:54:00","2026-09-21T20:06:00","2","60","ALL_TICKETS_USED","AT_TICKET_DESTINATION"
"SYN000142","SYNTHETIC","CHENNAI_ONE_STYLE","2026-09-21","24079","102","108716","Regular","2026-09-21_108716","evening","2026-09-21T18:44:00","9783","Parrys Corner","3","6198","Kazhipattur","45","2026-09-21T18:54:00","2026-09-21T20:03:00","1","60","ALL_TICKETS_USED","AT_TICKET_DESTINATION"
"SYN000143","SYNTHETIC","CHENNAI_ONE_STYLE","2026-09-21","24079","102","108716","Regular","2026-09-21_108716","evening","2026-09-21T18:45:00","5932","War Memorial","5","6358","Semmancheri","39","2026-09-21T18:57:00","2026-09-21T19:56:00","1","60","ALL_TICKETS_USED","AT_TICKET_DESTINATION"
"SYN000144","SYNTHETIC","CHENNAI_ONE_STYLE","2026-09-21","24079","102","108716","Regular","2026-09-21_108716","evening","2026-09-21T18:49:00","5916","Vivekananda House","9","9966","It Park Siruseri Or Muttukadu","43","2026-09-21T19:03:00","2026-09-21T20:01:00","1","60","ALL_TICKETS_USED","AT_TICKET_DESTINATION"
"SYN000145","SYNTHETIC","ETM_STYLE","2026-09-21","24079","102","108716","Regular","2026-09-21_108716","evening","2026-09-21T19:10:00","9158","Foreshore Estate Bus Terminus","13","6132","Chettinad Hospital","49","2026-09-21T19:10:00","2026-09-21T20:07:00","1","60","ALL_TICKETS_USED","AT_TICKET_DESTINATION"
"SYN000146","SYNTHETIC","ETM_STYLE","2026-09-21","24079","102","108716","Regular","2026-09-21_108716","evening","2026-09-21T19:12:00","9128","Mrc Nagar","14","6358","Semmancheri","39","2026-09-21T19:12:00","2026-09-21T19:56:00","3","60","ALL_TICKETS_USED","AT_TICKET_DESTINATION"
"SYN000147","SYNTHETIC","ETM_STYLE","2026-09-21","24079","102","108716","Regular","2026-09-21_108716","evening","2026-09-21T18:58:00","11192","Annasquare","6","6157","Padur","47","2026-09-21T18:58:00","2026-09-21T20:05:00","2","60","ALL_TICKETS_USED","AT_TICKET_DESTINATION"
"SYN000148","SYNTHETIC","ETM_STYLE","2026-09-21","24079","102","108716","Regular","2026-09-21_108716","evening","2026-09-21T19:04:00","5917","Queen Marys College","10","6403","Satyabhama University","38","2026-09-21T19:04:00","2026-09-21T19:53:00","2","60","ALL_TICKETS_USED","AT_TICKET_DESTINATION"
"SYN000149","SYNTHETIC","CHENNAI_ONE_STYLE","2026-09-21","24079","102","108716","Regular","2026-09-21_108716","evening","2026-09-21T18:54:00","9318","Nochikuppam","11","6150","Hindustan College","48","2026-09-21T19:06:00","2026-09-21T20:06:00","2","60","ALL_TICKETS_USED","AT_TICKET_DESTINATION"
"SYN000150","SYNTHETIC","ETM_STYLE","2026-09-21","24079","102","108716","Regular","2026-09-21_108716","evening","2026-09-21T19:12:00","9128","Mrc Nagar","14","6099","Kelambakkam Bus Terminal","51","2026-09-21T19:12:00","2026-09-21T20:10:00","2","60","ALL_TICKETS_USED","AT_TICKET_DESTINATION"
"SYN000151","SYNTHETIC","CHENNAI_ONE_STYLE","2026-09-21","24079","102","108716","Regular","2026-09-21_108716","evening","2026-09-21T19:13:00","5758","M.G.R Janaki College Or Sathya Studio","16","9966","It Park Siruseri Or Muttukadu","43","2026-09-21T19:14:00","2026-09-21T20:01:00","3","60","ALL_TICKETS_USED","AT_TICKET_DESTINATION"
"SYN000152","SYNTHETIC","ETM_STYLE","2026-09-21","24079","102","108716","Regular","2026-09-21_108716","evening","2026-09-21T19:10:00","9158","Foreshore Estate Bus Terminus","13","6132","Chettinad Hospital","49","2026-09-21T19:10:00","2026-09-21T20:07:00","2","60","ALL_TICKETS_USED","AT_TICKET_DESTINATION"
"SYN000153","SYNTHETIC","CHENNAI_ONE_STYLE","2026-09-21","24079","102","108716","Regular","2026-09-21_108716","evening","2026-09-21T19:02:00","5760","Adyar Signal","17","6132","Chettinad Hospital","49","2026-09-21T19:16:00","2026-09-21T20:07:00","2","60","ALL_TICKETS_USED","AT_TICKET_DESTINATION"
"SYN000154","SYNTHETIC","CHENNAI_ONE_STYLE","2026-09-21","24079","102","108716","Regular","2026-09-21_108716","evening","2026-09-21T18:46:00","2601","Marina Beach","8","6150","Hindustan College","48","2026-09-21T19:01:00","2026-09-21T20:06:00","2","60","ALL_TICKETS_USED","AT_TICKET_DESTINATION"
"SYN000155","SYNTHETIC","ETM_STYLE","2026-09-21","24079","102","108716","Regular","2026-09-21_108716","evening","2026-09-21T19:13:00","10814","Music College Annamalai Puram","15","6420","Kumaran Nagar","37","2026-09-21T19:13:00","2026-09-21T19:51:00","1","60","ALL_TICKETS_USED","AT_TICKET_DESTINATION"
"SYN000156","SYNTHETIC","CHENNAI_ONE_STYLE","2026-09-21","24079","102","108716","Regular","2026-09-21_108716","evening","2026-09-21T18:48:00","5814","Secretariat","4","9966","It Park Siruseri Or Muttukadu","43","2026-09-21T18:56:00","2026-09-21T20:01:00","1","60","ALL_TICKETS_USED","AT_TICKET_DESTINATION"
"SYN000157","SYNTHETIC","ETM_STYLE","2026-09-21","24079","102","108716","Regular","2026-09-21_108716","evening","2026-09-21T18:58:00","11192","Annasquare","6","6150","Hindustan College","48","2026-09-21T18:58:00","2026-09-21T20:06:00","2","60","ALL_TICKETS_USED","AT_TICKET_DESTINATION"
"SYN000158","SYNTHETIC","ETM_STYLE","2026-09-21","24079","102","108716","Regular","2026-09-21_108716","evening","2026-09-21T18:57:00","5932","War Memorial","5","6099","Kelambakkam Bus Terminal","51","2026-09-21T18:57:00","2026-09-21T20:10:00","1","60","ALL_TICKETS_USED","AT_TICKET_DESTINATION"
"SYN000159","SYNTHETIC","CHENNAI_ONE_STYLE","2026-09-21","24079","102","108716","Regular","2026-09-21_108716","evening","2026-09-21T19:03:00","5760","Adyar Signal","17","6198","Kazhipattur","45","2026-09-21T19:16:00","2026-09-21T20:03:00","1","60","ALL_TICKETS_USED","AT_TICKET_DESTINATION"
"SYN000160","SYNTHETIC","CHENNAI_ONE_STYLE","2026-09-21","24079","102","108716","Regular","2026-09-21_108716","evening","2026-09-21T19:00:00","9128","Mrc Nagar","14","6179","Akshaya Padur","46","2026-09-21T19:12:00","2026-09-21T20:04:00","1","60","ALL_TICKETS_USED","AT_TICKET_DESTINATION"
"SYN000161","SYNTHETIC","CHENNAI_ONE_STYLE","2026-09-21","24079","102","108716","Regular","2026-09-21_108716","evening","2026-09-21T18:52:00","5932","War Memorial","5","6157","Padur","47","2026-09-21T18:57:00","2026-09-21T20:05:00","1","60","ALL_TICKETS_USED","AT_TICKET_DESTINATION"
"SYN000162","SYNTHETIC","ETM_STYLE","2026-09-21","24079","102","108716","Regular","2026-09-21_108716","evening","2026-09-21T19:12:00","9128","Mrc Nagar","14","6420","Kumaran Nagar","37","2026-09-21T19:12:00","2026-09-21T19:51:00","2","60","ALL_TICKETS_USED","AT_TICKET_DESTINATION"
"SYN000163","SYNTHETIC","ETM_STYLE","2026-09-21","24079","102","108761","Regular","2026-09-21_108761","night","2026-09-21T20:21:00","5814","Secretariat","4","6157","Padur","47","2026-09-21T20:21:00","2026-09-21T21:30:00","3","60","ALL_TICKETS_USED","AT_TICKET_DESTINATION"
"SYN000164","SYNTHETIC","ETM_STYLE","2026-09-21","24079","102","108761","Regular","2026-09-21_108761","night","2026-09-21T21:29:00","6179","Akshaya Padur","46","6150","Hindustan College","48","2026-09-21T21:29:00","2026-09-21T21:31:00","2","60","ALL_TICKETS_USED","AT_TICKET_DESTINATION"
"SYN000165","SYNTHETIC","ETM_STYLE","2026-09-21","24079","102","108761","Regular","2026-09-21_108761","night","2026-09-21T20:38:00","10814","Music College Annamalai Puram","15","8924","Shasthri Nagar","19","2026-09-21T20:38:00","2026-09-21T20:45:00","1","60","ALL_TICKETS_USED","AT_TICKET_DESTINATION"
"SYN000166","SYNTHETIC","CHENNAI_ONE_STYLE","2026-09-21","24079","102","108761","Regular","2026-09-21_108761","night","2026-09-21T21:29:00","6132","Chettinad Hospital","49","6099","Kelambakkam Bus Terminal","51","2026-09-21T21:32:00","2026-09-21T21:35:00","3","60","ALL_TICKETS_USED","AT_TICKET_DESTINATION"
"SYN000167","SYNTHETIC","CHENNAI_ONE_STYLE","2026-09-21","24079","102","108761","Regular","2026-09-21_108761","night","2026-09-21T20:43:00","5914","Jayanthi Theatre","20","6314","Ags Complex Navalur","40","2026-09-21T20:48:00","2026-09-21T21:22:00","3","60","ALL_TICKETS_USED","AT_TICKET_DESTINATION"
"SYN000168","SYNTHETIC","ETM_STYLE","2026-09-21","24079","102","108761","Regular","2026-09-21_108761","night","2026-09-21T20:29:00","5917","Queen Marys College","10","6358","Semmancheri","39","2026-09-21T20:29:00","2026-09-21T21:21:00","1","60","ALL_TICKETS_USED","AT_TICKET_DESTINATION"
"SYN000169","SYNTHETIC","CHENNAI_ONE_STYLE","2026-09-21","24079","102","108761","Regular","2026-09-21_108761","night","2026-09-21T20:45:00","8924","Shasthri Nagar","19","8481","Perungudi","25","2026-09-21T20:45:00","2026-09-21T20:56:00","2","60","ALL_TICKETS_USED","AT_TICKET_DESTINATION"
"SYN000170","SYNTHETIC","ETM_STYLE","2026-09-21","24079","102","108761","Regular","2026-09-21_108761","night","2026-09-21T20:35:00","9158","Foreshore Estate Bus Terminus","13","6579","Karapakkam","32","2026-09-21T20:35:00","2026-09-21T21:08:00","2","60","ALL_TICKETS_USED","AT_TICKET_DESTINATION"
"SYN000171","SYNTHETIC","ETM_STYLE","2026-09-21","24079","102","108761","Regular","2026-09-21_108761","night","2026-09-21T20:49:00","11149","Thiruvanmiyur Ration Shop","21","8323","Mettukuppam","28","2026-09-21T20:49:00","2026-09-21T21:02:00","1","60","ALL_TICKETS_USED","AT_TICKET_DESTINATION"
"SYN000172","SYNTHETIC","ETM_STYLE","2026-09-21","24079","102","108761","Regular","2026-09-21_108761","night","2026-09-21T21:05:00","6686","Okkiyampet","30","9966","It Park Siruseri Or Muttukadu","43","2026-09-21T21:05:00","2026-09-21T21:26:00","3","60","ALL_TICKETS_USED","AT_TICKET_DESTINATION"
"SYN000173","SYNTHETIC","ETM_STYLE","2026-09-21","24079","102","108761","Regular","2026-09-21_108761","night","2026-09-21T20:55:00","8542","Kandanchavadi","24","8481","Perungudi","25","2026-09-21T20:55:00","2026-09-21T20:56:00","1","60","ALL_TICKETS_USED","AT_TICKET_DESTINATION"
"SYN000174","SYNTHETIC","ETM_STYLE","2026-09-21","24079","102","108761","Regular","2026-09-21_108761","night","2026-09-21T21:00:00","8379","D B Jain College","27","10022","Shozhinganallur","34","2026-09-21T21:00:00","2026-09-21T21:12:00","1","60","ALL_TICKETS_USED","AT_TICKET_DESTINATION"
"SYN000175","SYNTHETIC","ETM_STYLE","2026-09-21","21083","104 R","19334","Regular","2026-09-21_19334","morning","2026-09-21T09:40:00","6693","Tambaram West Bus Stand","1","7452","Omayal Achi College","22","2026-09-21T09:40:00","2026-09-21T10:42:00","3","60","ALL_TICKETS_USED","AT_TICKET_DESTINATION"
"SYN000176","SYNTHETIC","ETM_STYLE","2026-09-21","21083","104 R","19334","Regular","2026-09-21_19334","morning","2026-09-21T10:04:00","9374","Porur Toll Plaza","3","7599","Sri Nallaghu Polytechnic College","27","2026-09-21T10:04:00","2026-09-21T10:48:00","2","60","ALL_TICKETS_USED","AT_TICKET_DESTINATION"
"SYN000177","SYNTHETIC","ETM_STYLE","2026-09-21","21083","104 R","19334","Regular","2026-09-21_19334","morning","2026-09-21T10:17:00","9920","Ambattur Industrial Estate","5","7547","Kavangarai","25","2026-09-21T10:17:00","2026-09-21T10:45:00","1","60","ALL_TICKETS_USED","AT_TICKET_DESTINATION"
"SYN000178","SYNTHETIC","ETM_STYLE","2026-09-21","21083","104 R","19334","Regular","2026-09-21_19334","morning","2026-09-21T10:04:00","9374","Porur Toll Plaza","3","7651","Ayurveda Ashramam","28","2026-09-21T10:04:00","2026-09-21T10:50:00","1","60","ALL_TICKETS_USED","AT_TICKET_DESTINATION"
"SYN000179","SYNTHETIC","ETM_STYLE","2026-09-21","21083","104 R","19334","Regular","2026-09-21_19334","morning","2026-09-21T10:22:00","5730","Dunlop","7","7547","Kavangarai","25","2026-09-21T10:22:00","2026-09-21T10:45:00","1","60","ALL_TICKETS_USED","AT_TICKET_DESTINATION"
"SYN000180","SYNTHETIC","CHENNAI_ONE_STYLE","2026-09-21","21083","104 R","19334","Regular","2026-09-21_19334","morning","2026-09-21T09:51:00","9374","Porur Toll Plaza","3","7585","Thandal Kazhani","26","2026-09-21T10:04:00","2026-09-21T10:47:00","1","60","ALL_TICKETS_USED","AT_TICKET_DESTINATION"
"SYN000181","SYNTHETIC","CHENNAI_ONE_STYLE","2026-09-21","21083","104 R","19334","Regular","2026-09-21_19334","morning","2026-09-21T10:12:00","6932","Uzhavar Santhai","9","7509","Puzhal Jail","24","2026-09-21T10:25:00","2026-09-21T10:44:00","1","60","ALL_TICKETS_USED","AT_TICKET_DESTINATION"
"SYN000182","SYNTHETIC","ETM_STYLE","2026-09-21","21083","104 R","19334","Regular","2026-09-21_19334","morning","2026-09-21T10:22:00","5730","Dunlop","7","7452","Omayal Achi College","22","2026-09-21T10:22:00","2026-09-21T10:42:00","1","60","ALL_TICKETS_USED","AT_TICKET_DESTINATION"
"SYN000183","SYNTHETIC","CHENNAI_ONE_STYLE","2026-09-21","21083","104 R","19334","Regular","2026-09-21_19334","morning","2026-09-21T10:25:00","10429","Ambattur O.T Bus Stand","10","7547","Kavangarai","25","2026-09-21T10:27:00","2026-09-21T10:45:00","1","60","ALL_TICKETS_USED","AT_TICKET_DESTINATION"
"SYN000184","SYNTHETIC","CHENNAI_ONE_STYLE","2026-09-21","21083","104 R","19334","Regular","2026-09-21_19334","morning","2026-09-21T10:03:00","9920","Ambattur Industrial Estate","5","7509","Puzhal Jail","24","2026-09-21T10:17:00","2026-09-21T10:44:00","2","60","ALL_TICKETS_USED","AT_TICKET_DESTINATION"
"SYN000185","SYNTHETIC","ETM_STYLE","2026-09-21","21083","104 R","19334","Regular","2026-09-21_19334","morning","2026-09-21T10:17:00","9920","Ambattur Industrial Estate","5","7599","Sri Nallaghu Polytechnic College","27","2026-09-21T10:17:00","2026-09-21T10:48:00","1","60","ALL_TICKETS_USED","AT_TICKET_DESTINATION"
"SYN000186","SYNTHETIC","CHENNAI_ONE_STYLE","2026-09-21","21083","104 R","19334","Regular","2026-09-21_19334","morning","2026-09-21T10:11:00","5730","Dunlop","7","7681","Redhills Market","29","2026-09-21T10:22:00","2026-09-21T10:51:00","2","60","ALL_TICKETS_USED","AT_TICKET_DESTINATION"
"SYN000187","SYNTHETIC","CHENNAI_ONE_STYLE","2026-09-21","21083","104 R","19334","Regular","2026-09-21_19334","morning","2026-09-21T09:27:00","6693","Tambaram West Bus Stand","1","7585","Thandal Kazhani","26","2026-09-21T09:40:00","2026-09-21T10:47:00","1","60","ALL_TICKETS_USED","AT_TICKET_DESTINATION"
"SYN000188","SYNTHETIC","ETM_STYLE","2026-09-21","21083","104 R","19334","Regular","2026-09-21_19334","morning","2026-09-21T10:04:00","9374","Porur Toll Plaza","3","7681","Redhills Market","29","2026-09-21T10:04:00","2026-09-21T10:51:00","1","60","ALL_TICKETS_USED","AT_TICKET_DESTINATION"
"SYN000189","SYNTHETIC","CHENNAI_ONE_STYLE","2026-09-21","21083","104 R","19334","Regular","2026-09-21_19334","morning","2026-09-21T10:20:00","5731","Ambattur Canara Bank","8","7547","Kavangarai","25","2026-09-21T10:23:00","2026-09-21T10:45:00","1","60","ALL_TICKETS_USED","AT_TICKET_DESTINATION"
"SYN000190","SYNTHETIC","CHENNAI_ONE_STYLE","2026-09-21","21083","104 R","19334","Regular","2026-09-21_19334","morning","2026-09-21T09:34:00","6594","Irumbuliyur","2","7681","Redhills Market","29","2026-09-21T09:46:00","2026-09-21T10:51:00","2","60","ALL_TICKETS_USED","AT_TICKET_DESTINATION"
"SYN000191","SYNTHETIC","ETM_STYLE","2026-09-21","21083","104 R","19334","Regular","2026-09-21_19334","morning","2026-09-21T10:23:00","5731","Ambattur Canara Bank","8","7509","Puzhal Jail","24","2026-09-21T10:23:00","2026-09-21T10:44:00","2","60","ALL_TICKETS_USED","AT_TICKET_DESTINATION"
"SYN000192","SYNTHETIC","ETM_STYLE","2026-09-21","21083","104 R","19334","Regular","2026-09-21_19334","morning","2026-09-21T09:46:00","6594","Irumbuliyur","2","7509","Puzhal Jail","24","2026-09-21T09:46:00","2026-09-21T10:44:00","3","60","ALL_TICKETS_USED","AT_TICKET_DESTINATION"
"SYN000193","SYNTHETIC","ETM_STYLE","2026-09-21","21083","104 R","19334","Regular","2026-09-21_19334","morning","2026-09-21T10:23:00","5731","Ambattur Canara Bank","8","7509","Puzhal Jail","24","2026-09-21T10:23:00","2026-09-21T10:44:00","1","60","ALL_TICKETS_USED","AT_TICKET_DESTINATION"
"SYN000194","SYNTHETIC","CHENNAI_ONE_STYLE","2026-09-21","21083","104 R","19334","Regular","2026-09-21_19334","morning","2026-09-21T10:08:00","5731","Ambattur Canara Bank","8","7599","Sri Nallaghu Polytechnic College","27","2026-09-21T10:23:00","2026-09-21T10:48:00","1","60","ALL_TICKETS_USED","AT_TICKET_DESTINATION"
"SYN000195","SYNTHETIC","ETM_STYLE","2026-09-21","21083","104 R","19334","Regular","2026-09-21_19334","morning","2026-09-21T10:16:00","10351","Ambattur I.T Park","4","5578","Redhills Bus Terminus","30","2026-09-21T10:16:00","2026-09-21T10:52:00","1","60","ALL_TICKETS_USED","AT_TICKET_DESTINATION"
"SYN000196","SYNTHETIC","CHENNAI_ONE_STYLE","2026-09-21","21083","104 R","19334","Regular","2026-09-21_19334","morning","2026-09-21T09:28:00","6693","Tambaram West Bus Stand","1","5578","Redhills Bus Terminus","30","2026-09-21T09:40:00","2026-09-21T10:52:00","2","60","ALL_TICKETS_USED","AT_TICKET_DESTINATION"
"SYN000197","SYNTHETIC","ETM_STYLE","2026-09-21","21083","104 R","19334","Regular","2026-09-21_19334","morning","2026-09-21T09:46:00","6594","Irumbuliyur","2","7599","Sri Nallaghu Polytechnic College","27","2026-09-21T09:46:00","2026-09-21T10:48:00","1","60","ALL_TICKETS_USED","AT_TICKET_DESTINATION"
"SYN000198","SYNTHETIC","ETM_STYLE","2026-09-21","21083","104 R","19334","Regular","2026-09-21_19334","morning","2026-09-21T10:25:00","6932","Uzhavar Santhai","9","5578","Redhills Bus Terminus","30","2026-09-21T10:25:00","2026-09-21T10:52:00","1","60","ALL_TICKETS_USED","AT_TICKET_DESTINATION"
"SYN000199","SYNTHETIC","ETM_STYLE","2026-09-21","21083","104 R","19334","Regular","2026-09-21_19334","morning","2026-09-21T10:27:00","10429","Ambattur O.T Bus Stand","10","7651","Ayurveda Ashramam","28","2026-09-21T10:27:00","2026-09-21T10:50:00","3","60","ALL_TICKETS_USED","AT_TICKET_DESTINATION"
"SYN000200","SYNTHETIC","ETM_STYLE","2026-09-21","21083","104 R","19334","Regular","2026-09-21_19334","morning","2026-09-21T10:25:00","6932","Uzhavar Santhai","9","7547","Kavangarai","25","2026-09-21T10:25:00","2026-09-21T10:45:00","1","60","ALL_TICKETS_USED","AT_TICKET_DESTINATION"
"SYN000201","SYNTHETIC","ETM_STYLE","2026-09-21","21083","104 R","19334","Regular","2026-09-21_19334","morning","2026-09-21T10:25:00","6932","Uzhavar Santhai","9","7547","Kavangarai","25","2026-09-21T10:25:00","2026-09-21T10:45:00","2","60","ALL_TICKETS_USED","AT_TICKET_DESTINATION"
"SYN000202","SYNTHETIC","CHENNAI_ONE_STYLE","2026-09-21","21083","104 R","19334","Regular","2026-09-21_19334","morning","2026-09-21T09:30:00","6693","Tambaram West Bus Stand","1","7427","Chocolate Company","21","2026-09-21T09:40:00","2026-09-21T10:41:00","1","60","ALL_TICKETS_USED","AT_TICKET_DESTINATION"
"SYN000203","SYNTHETIC","ETM_STYLE","2026-09-21","21083","104 R","19334","Regular","2026-09-21_19334","morning","2026-09-21T10:17:00","9920","Ambattur Industrial Estate","5","7585","Thandal Kazhani","26","2026-09-21T10:17:00","2026-09-21T10:47:00","1","60","ALL_TICKETS_USED","AT_TICKET_DESTINATION"
"SYN000204","SYNTHETIC","ETM_STYLE","2026-09-21","21083","104 R","19334","Regular","2026-09-21_19334","morning","2026-09-21T09:46:00","6594","Irumbuliyur","2","7585","Thandal Kazhani","26","2026-09-21T09:46:00","2026-09-21T10:47:00","1","60","ALL_TICKETS_USED","AT_TICKET_DESTINATION"
"SYN000205","SYNTHETIC","ETM_STYLE","2026-09-21","21083","104 R","19334","Regular","2026-09-21_19334","morning","2026-09-21T10:22:00","5730","Dunlop","7","7651","Ayurveda Ashramam","28","2026-09-21T10:22:00","2026-09-21T10:50:00","1","60","ALL_TICKETS_USED","AT_TICKET_DESTINATION"
"SYN000206","SYNTHETIC","ETM_STYLE","2026-09-21","21083","104 R","19336","Regular","2026-09-21_19336","afternoon","2026-09-21T14:27:00","5730","Dunlop","7","7651","Ayurveda Ashramam","28","2026-09-21T14:27:00","2026-09-21T14:55:00","1","60","ALL_TICKETS_USED","AT_TICKET_DESTINATION"
"SYN000207","SYNTHETIC","ETM_STYLE","2026-09-21","21083","104 R","19336","Regular","2026-09-21_19336","afternoon","2026-09-21T14:34:00","7057","Raaki Theatre","11","7585","Thandal Kazhani","26","2026-09-21T14:34:00","2026-09-21T14:52:00","1","60","ALL_TICKETS_USED","AT_TICKET_DESTINATION"
"SYN000208","SYNTHETIC","ETM_STYLE","2026-09-21","21083","104 R","19336","Regular","2026-09-21_19336","afternoon","2026-09-21T14:38:00","7200","Wireless Company","14","7203","Kallikuppam","16","2026-09-21T14:38:00","2026-09-21T14:40:00","1","60","ALL_TICKETS_USED","AT_TICKET_DESTINATION"
"SYN000209","SYNTHETIC","CHENNAI_ONE_STYLE","2026-09-21","21083","104 R","19336","Regular","2026-09-21_19336","afternoon","2026-09-21T14:14:00","10351","Ambattur I.T Park","4","6794","Ti Miller","6","2026-09-21T14:21:00","2026-09-21T14:26:00","3","60","ALL_TICKETS_USED","AT_TICKET_DESTINATION"
"SYN000210","SYNTHETIC","CHENNAI_ONE_STYLE","2026-09-21","21083","104 R","19336","Regular","2026-09-21_19336","afternoon","2026-09-21T14:45:00","7427","Chocolate Company","21","7599","Sri Nallaghu Polytechnic College","27","2026-09-21T14:46:00","2026-09-21T14:53:00","2","60","ALL_TICKETS_USED","AT_TICKET_DESTINATION"
"SYN000211","SYNTHETIC","CHENNAI_ONE_STYLE","2026-09-21","21083","104 R","19336","Regular","2026-09-21_19336","afternoon","2026-09-21T14:51:00","7585","Thandal Kazhani","26","7651","Ayurveda Ashramam","28","2026-09-21T14:52:00","2026-09-21T14:55:00","2","60","ALL_TICKETS_USED","AT_TICKET_DESTINATION"
"SYN000212","SYNTHETIC","ETM_STYLE","2026-09-21","21083","104 R","19336","Regular","2026-09-21_19336","afternoon","2026-09-21T14:39:00","10469","Kallikuppam Kovil","15","7599","Sri Nallaghu Polytechnic College","27","2026-09-21T14:39:00","2026-09-21T14:53:00","1","60","ALL_TICKETS_USED","AT_TICKET_DESTINATION"
"SYN000213","SYNTHETIC","ETM_STYLE","2026-09-21","21083","104 R","19336","Regular","2026-09-21_19336","afternoon","2026-09-21T14:47:00","7452","Omayal Achi College","22","7585","Thandal Kazhani","26","2026-09-21T14:47:00","2026-09-21T14:52:00","1","60","ALL_TICKETS_USED","AT_TICKET_DESTINATION"
"SYN000214","SYNTHETIC","ETM_STYLE","2026-09-21","21083","104 R","19336","Regular","2026-09-21_19336","afternoon","2026-09-21T14:40:00","7203","Kallikuppam","16","7547","Kavangarai","25","2026-09-21T14:40:00","2026-09-21T14:50:00","3","60","ALL_TICKETS_USED","AT_TICKET_DESTINATION"
"SYN000215","SYNTHETIC","ETM_STYLE","2026-09-21","21083","104 R","19336","Regular","2026-09-21_19336","afternoon","2026-09-21T13:45:00","6693","Tambaram West Bus Stand","1","7345","Surapet","19","2026-09-21T13:45:00","2026-09-21T14:44:00","1","60","ALL_TICKETS_USED","AT_TICKET_DESTINATION"
"SYN000216","SYNTHETIC","CHENNAI_ONE_STYLE","2026-09-21","21083","104 R","19336","Regular","2026-09-21_19336","afternoon","2026-09-21T14:25:00","7057","Raaki Theatre","11","7395","Velammal College","20","2026-09-21T14:34:00","2026-09-21T14:45:00","2","60","ALL_TICKETS_USED","AT_TICKET_DESTINATION"
"SYN000217","SYNTHETIC","CHENNAI_ONE_STYLE","2026-09-21","21083","104 R","19336","Regular","2026-09-21_19336","afternoon","2026-09-21T14:09:00","10351","Ambattur I.T Park","4","6794","Ti Miller","6","2026-09-21T14:21:00","2026-09-21T14:26:00","1","60","ALL_TICKETS_USED","AT_TICKET_DESTINATION"
"SYN000218","SYNTHETIC","ETM_STYLE","2026-09-21","21083","104 R","19336","Regular","2026-09-21_19336","afternoon","2026-09-21T14:55:00","7651","Ayurveda Ashramam","28","5578","Redhills Bus Terminus","30","2026-09-21T14:55:00","2026-09-21T14:57:00","2","60","ALL_TICKETS_USED","AT_TICKET_DESTINATION"
"SYN000219","SYNTHETIC","ETM_STYLE","2026-09-21","21083","104 R","19338","Regular","2026-09-21_19338","evening","2026-09-21T18:19:00","9374","Porur Toll Plaza","3","7651","Ayurveda Ashramam","28","2026-09-21T18:19:00","2026-09-21T19:05:00","2","60","ALL_TICKETS_USED","AT_TICKET_DESTINATION"
"SYN000220","SYNTHETIC","CHENNAI_ONE_STYLE","2026-09-21","21083","104 R","19338","Regular","2026-09-21_19338","evening","2026-09-21T17:47:00","6594","Irumbuliyur","2","7651","Ayurveda Ashramam","28","2026-09-21T18:01:00","2026-09-21T19:05:00","1","60","ALL_TICKETS_USED","AT_TICKET_DESTINATION"
"SYN000221","SYNTHETIC","ETM_STYLE","2026-09-21","21083","104 R","19338","Regular","2026-09-21_19338","evening","2026-09-21T17:55:00","6693","Tambaram West Bus Stand","1","5578","Redhills Bus Terminus","30","2026-09-21T17:55:00","2026-09-21T19:07:00","2","60","ALL_TICKETS_USED","AT_TICKET_DESTINATION"
"SYN000222","SYNTHETIC","CHENNAI_ONE_STYLE","2026-09-21","21083","104 R","19338","Regular","2026-09-21_19338","evening","2026-09-21T18:25:00","9920","Ambattur Industrial Estate","5","7585","Thandal Kazhani","26","2026-09-21T18:32:00","2026-09-21T19:02:00","1","60","ALL_TICKETS_USED","AT_TICKET_DESTINATION"
"SYN000223","SYNTHETIC","ETM_STYLE","2026-09-21","21083","104 R","19338","Regular","2026-09-21_19338","evening","2026-09-21T18:36:00","6794","Ti Miller","6","7509","Puzhal Jail","24","2026-09-21T18:36:00","2026-09-21T18:59:00","1","60","ALL_TICKETS_USED","AT_TICKET_DESTINATION"
"SYN000224","SYNTHETIC","ETM_STYLE","2026-09-21","21083","104 R","19338","Regular","2026-09-21_19338","evening","2026-09-21T17:55:00","6693","Tambaram West Bus Stand","1","7467","Screw Factory","23","2026-09-21T17:55:00","2026-09-21T18:58:00","1","60","ALL_TICKETS_USED","AT_TICKET_DESTINATION"
"SYN000225","SYNTHETIC","CHENNAI_ONE_STYLE","2026-09-21","21083","104 R","19338","Regular","2026-09-21_19338","evening","2026-09-21T17:46:00","6693","Tambaram West Bus Stand","1","7547","Kavangarai","25","2026-09-21T17:55:00","2026-09-21T19:00:00","2","60","ALL_TICKETS_USED","AT_TICKET_DESTINATION"
"SYN000226","SYNTHETIC","CHENNAI_ONE_STYLE","2026-09-21","21083","104 R","19338","Regular","2026-09-21_19338","evening","2026-09-21T17:57:00","6594","Irumbuliyur","2","7599","Sri Nallaghu Polytechnic College","27","2026-09-21T18:01:00","2026-09-21T19:03:00","1","60","ALL_TICKETS_USED","AT_TICKET_DESTINATION"
"SYN000227","SYNTHETIC","ETM_STYLE","2026-09-21","21083","104 R","19338","Regular","2026-09-21_19338","evening","2026-09-21T18:40:00","6932","Uzhavar Santhai","9","7509","Puzhal Jail","24","2026-09-21T18:40:00","2026-09-21T18:59:00","1","60","ALL_TICKETS_USED","AT_TICKET_DESTINATION"
"SYN000228","SYNTHETIC","CHENNAI_ONE_STYLE","2026-09-21","21083","104 R","19338","Regular","2026-09-21_19338","evening","2026-09-21T18:15:00","9374","Porur Toll Plaza","3","7467","Screw Factory","23","2026-09-21T18:19:00","2026-09-21T18:58:00","1","60","ALL_TICKETS_USED","AT_TICKET_DESTINATION"
"SYN000229","SYNTHETIC","CHENNAI_ONE_STYLE","2026-09-21","21083","104 R","19338","Regular","2026-09-21_19338","evening","2026-09-21T18:34:00","6932","Uzhavar Santhai","9","7651","Ayurveda Ashramam","28","2026-09-21T18:40:00","2026-09-21T19:05:00","1","60","ALL_TICKETS_USED","AT_TICKET_DESTINATION"
"SYN000230","SYNTHETIC","ETM_STYLE","2026-09-21","21083","104 R","19338","Regular","2026-09-21_19338","evening","2026-09-21T18:32:00","9920","Ambattur Industrial Estate","5","7651","Ayurveda Ashramam","28","2026-09-21T18:32:00","2026-09-21T19:05:00","3","60","ALL_TICKETS_USED","AT_TICKET_DESTINATION"
"SYN000231","SYNTHETIC","ETM_STYLE","2026-09-21","21083","104 R","19338","Regular","2026-09-21_19338","evening","2026-09-21T18:32:00","9920","Ambattur Industrial Estate","5","7585","Thandal Kazhani","26","2026-09-21T18:32:00","2026-09-21T19:02:00","2","60","ALL_TICKETS_USED","AT_TICKET_DESTINATION"
"SYN000232","SYNTHETIC","CHENNAI_ONE_STYLE","2026-09-21","21083","104 R","19338","Regular","2026-09-21_19338","evening","2026-09-21T18:34:00","6932","Uzhavar Santhai","9","7585","Thandal Kazhani","26","2026-09-21T18:40:00","2026-09-21T19:02:00","2","60","ALL_TICKETS_USED","AT_TICKET_DESTINATION"
"SYN000233","SYNTHETIC","CHENNAI_ONE_STYLE","2026-09-21","21083","104 R","19338","Regular","2026-09-21_19338","evening","2026-09-21T18:27:00","6794","Ti Miller","6","7585","Thandal Kazhani","26","2026-09-21T18:36:00","2026-09-21T19:02:00","3","60","ALL_TICKETS_USED","AT_TICKET_DESTINATION"
"SYN000234","SYNTHETIC","CHENNAI_ONE_STYLE","2026-09-21","21083","104 R","19338","Regular","2026-09-21_19338","evening","2026-09-21T18:07:00","9374","Porur Toll Plaza","3","7585","Thandal Kazhani","26","2026-09-21T18:19:00","2026-09-21T19:02:00","1","60","ALL_TICKETS_USED","AT_TICKET_DESTINATION"
"SYN000235","SYNTHETIC","CHENNAI_ONE_STYLE","2026-09-21","21083","104 R","19338","Regular","2026-09-21_19338","evening","2026-09-21T18:22:00","6794","Ti Miller","6","7681","Redhills Market","29","2026-09-21T18:36:00","2026-09-21T19:06:00","1","60","ALL_TICKETS_USED","AT_TICKET_DESTINATION"
"SYN000236","SYNTHETIC","CHENNAI_ONE_STYLE","2026-09-21","21083","104 R","19338","Regular","2026-09-21_19338","evening","2026-09-21T18:33:00","10429","Ambattur O.T Bus Stand","10","7452","Omayal Achi College","22","2026-09-21T18:42:00","2026-09-21T18:57:00","3","60","ALL_TICKETS_USED","AT_TICKET_DESTINATION"
"SYN000237","SYNTHETIC","ETM_STYLE","2026-09-21","21083","104 R","19338","Regular","2026-09-21_19338","evening","2026-09-21T18:38:00","5731","Ambattur Canara Bank","8","7452","Omayal Achi College","22","2026-09-21T18:38:00","2026-09-21T18:57:00","1","60","ALL_TICKETS_USED","AT_TICKET_DESTINATION"
"SYN000238","SYNTHETIC","CHENNAI_ONE_STYLE","2026-09-21","21083","104 R","19338","Regular","2026-09-21_19338","evening","2026-09-21T18:28:00","9920","Ambattur Industrial Estate","5","7599","Sri Nallaghu Polytechnic College","27","2026-09-21T18:32:00","2026-09-21T19:03:00","1","60","ALL_TICKETS_USED","AT_TICKET_DESTINATION"
"SYN000239","SYNTHETIC","ETM_STYLE","2026-09-21","21083","104 R","19338","Regular","2026-09-21_19338","evening","2026-09-21T18:37:00","5730","Dunlop","7","7547","Kavangarai","25","2026-09-21T18:37:00","2026-09-21T19:00:00","2","60","ALL_TICKETS_USED","AT_TICKET_DESTINATION"
"SYN000240","SYNTHETIC","ETM_STYLE","2026-09-21","21083","104 R","19338","Regular","2026-09-21_19338","evening","2026-09-21T18:38:00","5731","Ambattur Canara Bank","8","7651","Ayurveda Ashramam","28","2026-09-21T18:38:00","2026-09-21T19:05:00","1","60","ALL_TICKETS_USED","AT_TICKET_DESTINATION"
"SYN000241","SYNTHETIC","ETM_STYLE","2026-09-21","21083","104 R","19338","Regular","2026-09-21_19338","evening","2026-09-21T17:55:00","6693","Tambaram West Bus Stand","1","7467","Screw Factory","23","2026-09-21T17:55:00","2026-09-21T18:58:00","1","60","ALL_TICKETS_USED","AT_TICKET_DESTINATION"
"SYN000242","SYNTHETIC","ETM_STYLE","2026-09-21","21083","104 R","19338","Regular","2026-09-21_19338","evening","2026-09-21T18:42:00","10429","Ambattur O.T Bus Stand","10","7585","Thandal Kazhani","26","2026-09-21T18:42:00","2026-09-21T19:02:00","2","60","ALL_TICKETS_USED","AT_TICKET_DESTINATION"
"SYN000243","SYNTHETIC","ETM_STYLE","2026-09-21","21083","104 R","19338","Regular","2026-09-21_19338","evening","2026-09-21T18:40:00","6932","Uzhavar Santhai","9","7467","Screw Factory","23","2026-09-21T18:40:00","2026-09-21T18:58:00","1","60","ALL_TICKETS_USED","AT_TICKET_DESTINATION"
"SYN000244","SYNTHETIC","ETM_STYLE","2026-09-21","21083","104 R","19338","Regular","2026-09-21_19338","evening","2026-09-21T18:31:00","10351","Ambattur I.T Park","4","7651","Ayurveda Ashramam","28","2026-09-21T18:31:00","2026-09-21T19:05:00","3","60","ALL_TICKETS_USED","AT_TICKET_DESTINATION"
"SYN000245","SYNTHETIC","ETM_STYLE","2026-09-21","21083","104 R","19338","Regular","2026-09-21_19338","evening","2026-09-21T18:38:00","5731","Ambattur Canara Bank","8","7509","Puzhal Jail","24","2026-09-21T18:38:00","2026-09-21T18:59:00","2","60","ALL_TICKETS_USED","AT_TICKET_DESTINATION"
"SYN000246","SYNTHETIC","ETM_STYLE","2026-09-21","21083","104 R","19338","Regular","2026-09-21_19338","evening","2026-09-21T18:01:00","6594","Irumbuliyur","2","7427","Chocolate Company","21","2026-09-21T18:01:00","2026-09-21T18:56:00","1","60","ALL_TICKETS_USED","AT_TICKET_DESTINATION"
"SYN000247","SYNTHETIC","ETM_STYLE","2026-09-21","21083","104 R","19338","Regular","2026-09-21_19338","evening","2026-09-21T18:01:00","6594","Irumbuliyur","2","7509","Puzhal Jail","24","2026-09-21T18:01:00","2026-09-21T18:59:00","2","60","ALL_TICKETS_USED","AT_TICKET_DESTINATION"
"SYN000248","SYNTHETIC","CHENNAI_ONE_STYLE","2026-09-21","21083","104 R","19338","Regular","2026-09-21_19338","evening","2026-09-21T18:29:00","10429","Ambattur O.T Bus Stand","10","7681","Redhills Market","29","2026-09-21T18:42:00","2026-09-21T19:06:00","2","60","ALL_TICKETS_USED","AT_TICKET_DESTINATION"
"SYN000249","SYNTHETIC","CHENNAI_ONE_STYLE","2026-09-21","21083","104 R","19338","Regular","2026-09-21_19338","evening","2026-09-21T17:54:00","6693","Tambaram West Bus Stand","1","7467","Screw Factory","23","2026-09-21T17:55:00","2026-09-21T18:58:00","1","60","ALL_TICKETS_USED","AT_TICKET_DESTINATION"
"SYN000250","SYNTHETIC","ETM_STYLE","2026-09-21","21083","104 R","22233","Regular","2026-09-21_22233","night","2026-09-21T20:42:00","9920","Ambattur Industrial Estate","5","7585","Thandal Kazhani","26","2026-09-21T20:42:00","2026-09-21T21:12:00","3","60","ALL_TICKETS_USED","AT_TICKET_DESTINATION"
"SYN000251","SYNTHETIC","CHENNAI_ONE_STYLE","2026-09-21","21083","104 R","22233","Regular","2026-09-21_22233","night","2026-09-21T20:36:00","10351","Ambattur I.T Park","4","7651","Ayurveda Ashramam","28","2026-09-21T20:41:00","2026-09-21T21:15:00","2","60","ALL_TICKETS_USED","AT_TICKET_DESTINATION"
"SYN000252","SYNTHETIC","ETM_STYLE","2026-09-21","21083","104 R","22233","Regular","2026-09-21_22233","night","2026-09-21T20:58:00","7200","Wireless Company","14","5578","Redhills Bus Terminus","30","2026-09-21T20:58:00","2026-09-21T21:17:00","2","60","ALL_TICKETS_USED","AT_TICKET_DESTINATION"
"SYN000253","SYNTHETIC","CHENNAI_ONE_STYLE","2026-09-21","21083","104 R","22233","Regular","2026-09-21_22233","night","2026-09-21T20:35:00","6932","Uzhavar Santhai","9","7547","Kavangarai","25","2026-09-21T20:50:00","2026-09-21T21:10:00","1","60","ALL_TICKETS_USED","AT_TICKET_DESTINATION"
"SYN000254","SYNTHETIC","ETM_STYLE","2026-09-21","21083","104 R","22233","Regular","2026-09-21_22233","night","2026-09-21T20:48:00","5731","Ambattur Canara Bank","8","7057","Raaki Theatre","11","2026-09-21T20:48:00","2026-09-21T20:54:00","1","60","ALL_TICKETS_USED","AT_TICKET_DESTINATION"
"SYN000255","SYNTHETIC","CHENNAI_ONE_STYLE","2026-09-21","21083","104 R","22233","Regular","2026-09-21_22233","night","2026-09-21T20:56:00","7203","Kallikuppam","16","7599","Sri Nallaghu Polytechnic College","27","2026-09-21T21:00:00","2026-09-21T21:13:00","1","60","ALL_TICKETS_USED","AT_TICKET_DESTINATION"
"SYN000256","SYNTHETIC","CHENNAI_ONE_STYLE","2026-09-21","21083","104 R","22233","Regular","2026-09-21_22233","night","2026-09-21T20:59:00","7452","Omayal Achi College","22","7547","Kavangarai","25","2026-09-21T21:07:00","2026-09-21T21:10:00","1","60","ALL_TICKETS_USED","AT_TICKET_DESTINATION"
"SYN000257","SYNTHETIC","ETM_STYLE","2026-09-21","21083","104 R","22233","Regular","2026-09-21_22233","night","2026-09-21T21:15:00","7651","Ayurveda Ashramam","28","5578","Redhills Bus Terminus","30","2026-09-21T21:15:00","2026-09-21T21:17:00","2","60","ALL_TICKETS_USED","AT_TICKET_DESTINATION"
"SYN000258","SYNTHETIC","ETM_STYLE","2026-09-21","21083","104 R","22233","Regular","2026-09-21_22233","night","2026-09-21T21:12:00","7585","Thandal Kazhani","26","7651","Ayurveda Ashramam","28","2026-09-21T21:12:00","2026-09-21T21:15:00","1","60","ALL_TICKETS_USED","AT_TICKET_DESTINATION"
"SYN000259","SYNTHETIC","ETM_STYLE","2026-09-21","21083","104 R","22233","Regular","2026-09-21_22233","night","2026-09-21T20:54:00","7057","Raaki Theatre","11","5578","Redhills Bus Terminus","30","2026-09-21T20:54:00","2026-09-21T21:17:00","1","60","ALL_TICKETS_USED","AT_TICKET_DESTINATION"
"SYN000260","SYNTHETIC","ETM_STYLE","2026-09-21","21083","104 R","22233","Regular","2026-09-21_22233","night","2026-09-21T20:52:00","10429","Ambattur O.T Bus Stand","10","7200","Wireless Company","14","2026-09-21T20:52:00","2026-09-21T20:58:00","1","60","ALL_TICKETS_USED","AT_TICKET_DESTINATION"
"SYN000261","SYNTHETIC","CHENNAI_ONE_STYLE","2026-09-21","21083","104 R","22233","Regular","2026-09-21_22233","night","2026-09-21T21:00:00","7585","Thandal Kazhani","26","7651","Ayurveda Ashramam","28","2026-09-21T21:12:00","2026-09-21T21:15:00","1","60","ALL_TICKETS_USED","AT_TICKET_DESTINATION"
"SYN000262","SYNTHETIC","ETM_STYLE","2026-09-21","16821","105","14448","Regular","2026-09-21_14448","morning","2026-09-21T08:15:00","9960","Siruseri It Park","1","6614","Vijaya Nagaram","31","2026-09-21T08:15:00","2026-09-21T08:59:00","2","60","ALL_TICKETS_USED","AT_TICKET_DESTINATION"
"SYN000263","SYNTHETIC","ETM_STYLE","2026-09-21","16821","105","14448","Regular","2026-09-21_14448","morning","2026-09-21T08:15:00","9960","Siruseri It Park","1","6666","Kamarajapuram","37","2026-09-21T08:15:00","2026-09-21T09:05:00","1","60","ALL_TICKETS_USED","AT_TICKET_DESTINATION"
"SYN000264","SYNTHETIC","ETM_STYLE","2026-09-21","16821","105","14448","Regular","2026-09-21_14448","morning","2026-09-21T08:25:00","6307","Kakkan Nagar","7","6644","Mahalakshmi Nagar","38","2026-09-21T08:25:00","2026-09-21T09:07:00","2","60","ALL_TICKETS_USED","AT_TICKET_DESTINATION"
"SYN000265","SYNTHETIC","ETM_STYLE","2026-09-21","16821","105","14448","Regular","2026-09-21_14448","morning","2026-09-21T08:20:00","6272","Egattur","5","6625","Santhosapuram","33","2026-09-21T08:20:00","2026-09-21T09:01:00","3","60","ALL_TICKETS_USED","AT_TICKET_DESTINATION"
"SYN000266","SYNTHETIC","CHENNAI_ONE_STYLE","2026-09-21","16821","105","14448","Regular","2026-09-21_14448","morning","2026-09-21T08:31:00","6363","Ottiyambakkam","13","6643","Selaiyur","39","2026-09-21T08:33:00","2026-09-21T09:09:00","1","60","ALL_TICKETS_USED","AT_TICKET_DESTINATION"
"SYN000267","SYNTHETIC","ETM_STYLE","2026-09-21","16821","105","14448","Regular","2026-09-21_14448","morning","2026-09-21T08:33:00","6363","Ottiyambakkam","13","6643","Selaiyur","39","2026-09-21T08:33:00","2026-09-21T09:09:00","1","60","ALL_TICKETS_USED","AT_TICKET_DESTINATION"
"SYN000268","SYNTHETIC","ETM_STYLE","2026-09-21","16821","105","14448","Regular","2026-09-21_14448","morning","2026-09-21T08:26:00","6305","Trisakthi Kovil","8","6647","Aathi Nagar","40","2026-09-21T08:26:00","2026-09-21T09:10:00","3","60","ALL_TICKETS_USED","AT_TICKET_DESTINATION"
"SYN000269","SYNTHETIC","ETM_STYLE","2026-09-21","16821","105","14448","Regular","2026-09-21_14448","morning","2026-09-21T08:23:00","9976","Navalur","6","6647","Aathi Nagar","40","2026-09-21T08:23:00","2026-09-21T09:10:00","2","60","ALL_TICKETS_USED","AT_TICKET_DESTINATION"
"SYN000270","SYNTHETIC","ETM_STYLE","2026-09-21","16821","105","14448","Regular","2026-09-21_14448","morning","2026-09-21T08:17:00","6240","Tcs Gate 1","3","10049","S.I.V.E.T","34","2026-09-21T08:17:00","2026-09-21T09:02:00","1","60","ALL_TICKETS_USED","AT_TICKET_DESTINATION"
"SYN000271","SYNTHETIC","ETM_STYLE","2026-09-21","16821","105","14448","Regular","2026-09-21_14448","morning","2026-09-21T08:35:00","6389","Tellus Avenue","14","6625","Santhosapuram","33","2026-09-21T08:35:00","2026-09-21T09:01:00","1","60","ALL_TICKETS_USED","AT_TICKET_DESTINATION"
"SYN000272","SYNTHETIC","ETM_STYLE","2026-09-21","16821","105","14448","Regular","2026-09-21_14448","morning","2026-09-21T08:20:00","6272","Egattur","5","10049","S.I.V.E.T","34","2026-09-21T08:20:00","2026-09-21T09:02:00","2","60","ALL_TICKETS_USED","AT_TICKET_DESTINATION"
"SYN000273","SYNTHETIC","ETM_STYLE","2026-09-21","16821","105","14448","Regular","2026-09-21_14448","morning","2026-09-21T08:36:00","6408","Ramakrishna Nagar","15","6638","Prince College","35","2026-09-21T08:36:00","2026-09-21T09:03:00","1","60","ALL_TICKETS_USED","AT_TICKET_DESTINATION"
"SYN000274","SYNTHETIC","ETM_STYLE","2026-09-21","16821","105","14448","Regular","2026-09-21_14448","morning","2026-09-21T08:23:00","9976","Navalur","6","6662","Tambaram East Bus Stop","44","2026-09-21T08:23:00","2026-09-21T09:14:00","2","60","ALL_TICKETS_USED","AT_TICKET_DESTINATION"
"SYN000275","SYNTHETIC","ETM_STYLE","2026-09-21","16821","105","14448","Regular","2026-09-21_14448","morning","2026-09-21T08:29:00","6332","Karanai Colony","11","6651","East Tambaram Convent","41","2026-09-21T08:29:00","2026-09-21T09:11:00","1","60","ALL_TICKETS_USED","AT_TICKET_DESTINATION"
"SYN000276","SYNTHETIC","CHENNAI_ONE_STYLE","2026-09-21","16821","105","14448","Regular","2026-09-21_14448","morning","2026-09-21T08:25:00","6332","Karanai Colony","11","6658","Tambaram Railway Station East","43","2026-09-21T08:29:00","2026-09-21T09:13:00","1","60","ALL_TICKETS_USED","AT_TICKET_DESTINATION"
"SYN000277","SYNTHETIC","ETM_STYLE","2026-09-21","16821","105","14448","Regular","2026-09-21_14448","morning","2026-09-21T08:26:00","6305","Trisakthi Kovil","8","10049","S.I.V.E.T","34","2026-09-21T08:26:00","2026-09-21T09:02:00","1","60","ALL_TICKETS_USED","AT_TICKET_DESTINATION"
"SYN000278","SYNTHETIC","CHENNAI_ONE_STYLE","2026-09-21","16821","105","14448","Regular","2026-09-21_14448","morning","2026-09-21T08:14:00","6303","Thalambur","10","6658","Tambaram Railway Station East","43","2026-09-21T08:28:00","2026-09-21T09:13:00","3","60","ALL_TICKETS_USED","AT_TICKET_DESTINATION"
"SYN000279","SYNTHETIC","CHENNAI_ONE_STYLE","2026-09-21","16821","105","14448","Regular","2026-09-21_14448","morning","2026-09-21T08:13:00","6307","Kakkan Nagar","7","6644","Mahalakshmi Nagar","38","2026-09-21T08:25:00","2026-09-21T09:07:00","1","60","ALL_TICKETS_USED","AT_TICKET_DESTINATION"
"SYN000280","SYNTHETIC","CHENNAI_ONE_STYLE","2026-09-21","16821","105","14448","Regular","2026-09-21_14448","morning","2026-09-21T08:14:00","6224","Sipcot Industrial Park","2","6693","Tambaram West Bus Stand","45","2026-09-21T08:16:00","2026-09-21T09:16:00","2","60","ALL_TICKETS_USED","AT_TICKET_DESTINATION"
"SYN000281","SYNTHETIC","CHENNAI_ONE_STYLE","2026-09-21","16821","105","14448","Regular","2026-09-21_14448","morning","2026-09-21T08:15:00","6305","Trisakthi Kovil","8","6643","Selaiyur","39","2026-09-21T08:26:00","2026-09-21T09:09:00","1","60","ALL_TICKETS_USED","AT_TICKET_DESTINATION"
"SYN000282","SYNTHETIC","ETM_STYLE","2026-09-21","16821","105","14448","Regular","2026-09-21_14448","morning","2026-09-21T08:31:00","6351","Karanai","12","6651","East Tambaram Convent","41","2026-09-21T08:31:00","2026-09-21T09:11:00","1","60","ALL_TICKETS_USED","AT_TICKET_DESTINATION"
"SYN000283","SYNTHETIC","ETM_STYLE","2026-09-21","16821","105","14448","Regular","2026-09-21_14448","morning","2026-09-21T08:29:00","6332","Karanai Colony","11","6638","Prince College","35","2026-09-21T08:29:00","2026-09-21T09:03:00","3","60","ALL_TICKETS_USED","AT_TICKET_DESTINATION"
"SYN000284","SYNTHETIC","ETM_STYLE","2026-09-21","16821","105","14448","Regular","2026-09-21_14448","morning","2026-09-21T08:15:00","9960","Siruseri It Park","1","6651","East Tambaram Convent","41","2026-09-21T08:15:00","2026-09-21T09:11:00","1","60","ALL_TICKETS_USED","AT_TICKET_DESTINATION"
"SYN000285","SYNTHETIC","CHENNAI_ONE_STYLE","2026-09-21","16821","105","14448","Regular","2026-09-21_14448","morning","2026-09-21T08:17:00","6303","Thalambur","10","6625","Santhosapuram","33","2026-09-21T08:28:00","2026-09-21T09:01:00","1","60","ALL_TICKETS_USED","AT_TICKET_DESTINATION"
"SYN000286","SYNTHETIC","CHENNAI_ONE_STYLE","2026-09-21","16821","105","14448","Regular","2026-09-21_14448","morning","2026-09-21T08:21:00","6363","Ottiyambakkam","13","6638","Prince College","35","2026-09-21T08:33:00","2026-09-21T09:03:00","2","60","ALL_TICKETS_USED","AT_TICKET_DESTINATION"
"SYN000287","SYNTHETIC","ETM_STYLE","2026-09-21","16821","105","14448","Regular","2026-09-21_14448","morning","2026-09-21T08:35:00","6389","Tellus Avenue","14","6659","Sembakkam","36","2026-09-21T08:35:00","2026-09-21T09:04:00","1","60","ALL_TICKETS_USED","AT_TICKET_DESTINATION"
"SYN000288","SYNTHETIC","CHENNAI_ONE_STYLE","2026-09-21","16821","105","14448","Regular","2026-09-21_14448","morning","2026-09-21T08:13:00","6272","Egattur","5","6647","Aathi Nagar","40","2026-09-21T08:20:00","2026-09-21T09:10:00","3","60","ALL_TICKETS_USED","AT_TICKET_DESTINATION"
"SYN000289","SYNTHETIC","ETM_STYLE","2026-09-21","16821","105","14448","Regular","2026-09-21_14448","morning","2026-09-21T08:31:00","6351","Karanai","12","6658","Tambaram Railway Station East","43","2026-09-21T08:31:00","2026-09-21T09:13:00","2","60","ALL_TICKETS_USED","AT_TICKET_DESTINATION"
"SYN000290","SYNTHETIC","ETM_STYLE","2026-09-21","16821","105","14448","Regular","2026-09-21_14448","morning","2026-09-21T08:33:00","6363","Ottiyambakkam","13","6693","Tambaram West Bus Stand","45","2026-09-21T08:33:00","2026-09-21T09:16:00","1","60","ALL_TICKETS_USED","AT_TICKET_DESTINATION"
"SYN000291","SYNTHETIC","CHENNAI_ONE_STYLE","2026-09-21","16821","105","14448","Regular","2026-09-21_14448","morning","2026-09-21T08:10:00","6307","Kakkan Nagar","7","6643","Selaiyur","39","2026-09-21T08:25:00","2026-09-21T09:09:00","3","60","ALL_TICKETS_USED","AT_TICKET_DESTINATION"
"SYN000292","SYNTHETIC","CHENNAI_ONE_STYLE","2026-09-21","16821","105","14448","Regular","2026-09-21_14448","morning","2026-09-21T08:19:00","6303","Thalambur","10","6647","Aathi Nagar","40","2026-09-21T08:28:00","2026-09-21T09:10:00","1","60","ALL_TICKETS_USED","AT_TICKET_DESTINATION"
"SYN000293","SYNTHETIC","ETM_STYLE","2026-09-21","16821","105","14452","Regular","2026-09-21_14452","afternoon","2026-09-21T14:18:00","6575","Babu Nagar Medavakkam","27","6666","Kamarajapuram","37","2026-09-21T14:18:00","2026-09-21T14:35:00","3","60","ALL_TICKETS_USED","AT_TICKET_DESTINATION"
"SYN000294","SYNTHETIC","ETM_STYLE","2026-09-21","16821","105","14452","Regular","2026-09-21_14452","afternoon","2026-09-21T14:40:00","6647","Aathi Nagar","40","6658","Tambaram Railway Station East","43","2026-09-21T14:40:00","2026-09-21T14:43:00","2","60","ALL_TICKETS_USED","AT_TICKET_DESTINATION"
"SYN000295","SYNTHETIC","CHENNAI_ONE_STYLE","2026-09-21","16821","105","14452","Regular","2026-09-21_14452","afternoon","2026-09-21T13:45:00","6309","Thalambur Road Junction","9","6608","Vengaivasal Road Junction","32","2026-09-21T13:57:00","2026-09-21T14:30:00","3","60","ALL_TICKETS_USED","AT_TICKET_DESTINATION"
"SYN000296","SYNTHETIC","CHENNAI_ONE_STYLE","2026-09-21","16821","105","14452","Regular","2026-09-21_14452","afternoon","2026-09-21T14:28:00","10049","S.I.V.E.T","34","6638","Prince College","35","2026-09-21T14:32:00","2026-09-21T14:33:00","1","60","ALL_TICKETS_USED","AT_TICKET_DESTINATION"
"SYN000297","SYNTHETIC","ETM_STYLE","2026-09-21","16821","105","14452","Regular","2026-09-21_14452","afternoon","2026-09-21T13:56:00","6305","Trisakthi Kovil","8","6600","Medavakkam Junction","28","2026-09-21T13:56:00","2026-09-21T14:25:00","1","60","ALL_TICKETS_USED","AT_TICKET_DESTINATION"
"SYN000298","SYNTHETIC","ETM_STYLE","2026-09-21","16821","105","14452","Regular","2026-09-21_14452","afternoon","2026-09-21T14:34:00","6659","Sembakkam","36","6662","Tambaram East Bus Stop","44","2026-09-21T14:34:00","2026-09-21T14:44:00","2","60","ALL_TICKETS_USED","AT_TICKET_DESTINATION"
"SYN000299","SYNTHETIC","CHENNAI_ONE_STYLE","2026-09-21","16821","105","14452","Regular","2026-09-21_14452","afternoon","2026-09-21T13:56:00","6421","Arasankazhani","16","6464","Sithalapakkam","19","2026-09-21T14:07:00","2026-09-21T14:10:00","2","60","ALL_TICKETS_USED","AT_TICKET_DESTINATION"
"SYN000300","SYNTHETIC","CHENNAI_ONE_STYLE","2026-09-21","16821","105","14452","Regular","2026-09-21_14452","afternoon","2026-09-21T14:02:00","6479","Jaya Nagar","20","10049","S.I.V.E.T","34","2026-09-21T14:11:00","2026-09-21T14:32:00","3","60","ALL_TICKETS_USED","AT_TICKET_DESTINATION"
"SYN000301","SYNTHETIC","CHENNAI_ONE_STYLE","2026-09-21","16821","105","14452","Regular","2026-09-21_14452","afternoon","2026-09-21T13:51:00","6309","Thalambur Road Junction","9","6625","Santhosapuram","33","2026-09-21T13:57:00","2026-09-21T14:31:00","2","60","ALL_TICKETS_USED","AT_TICKET_DESTINATION"
"SYN000302","SYNTHETIC","ETM_STYLE","2026-09-21","16821","105","14452","Regular","2026-09-21_14452","afternoon","2026-09-21T13:57:00","6309","Thalambur Road Junction","9","6556","Veerabadra Nagar","25","2026-09-21T13:57:00","2026-09-21T14:16:00","1","60","ALL_TICKETS_USED","AT_TICKET_DESTINATION"
"SYN000303","SYNTHETIC","CHENNAI_ONE_STYLE","2026-09-21","16821","105","14452","Regular","2026-09-21_14452","afternoon","2026-09-21T14:00:00","6535","Gold Winner","24","6656","Poondi Bazaar","42","2026-09-21T14:15:00","2026-09-21T14:42:00","3","60","ALL_TICKETS_USED","AT_TICKET_DESTINATION"
"SYN000304","SYNTHETIC","ETM_STYLE","2026-09-21","16821","105","14452","Regular","2026-09-21_14452","afternoon","2026-09-21T14:34:00","6659","Sembakkam","36","6644","Mahalakshmi Nagar","38","2026-09-21T14:34:00","2026-09-21T14:37:00","2","60","ALL_TICKETS_USED","AT_TICKET_DESTINATION"
"SYN000305","SYNTHETIC","CHENNAI_ONE_STYLE","2026-09-21","16821","105","14452","Regular","2026-09-21_14452","afternoon","2026-09-21T14:25:00","6623","Medavakkam","30","10049","S.I.V.E.T","34","2026-09-21T14:28:00","2026-09-21T14:32:00","1","60","ALL_TICKETS_USED","AT_TICKET_DESTINATION"
"SYN000306","SYNTHETIC","ETM_STYLE","2026-09-21","16821","105","14456","Regular","2026-09-21_14456","evening","2026-09-21T19:40:00","6389","Tellus Avenue","14","6643","Selaiyur","39","2026-09-21T19:40:00","2026-09-21T20:14:00","2","60","ALL_TICKETS_USED","AT_TICKET_DESTINATION"
"SYN000307","SYNTHETIC","CHENNAI_ONE_STYLE","2026-09-21","16821","105","14456","Regular","2026-09-21_14456","evening","2026-09-21T19:29:00","6389","Tellus Avenue","14","6625","Santhosapuram","33","2026-09-21T19:40:00","2026-09-21T20:06:00","1","60","ALL_TICKETS_USED","AT_TICKET_DESTINATION"
"SYN000308","SYNTHETIC","ETM_STYLE","2026-09-21","16821","105","14456","Regular","2026-09-21_14456","evening","2026-09-21T19:25:00","6272","Egattur","5","6643","Selaiyur","39","2026-09-21T19:25:00","2026-09-21T20:14:00","1","60","ALL_TICKETS_USED","AT_TICKET_DESTINATION"
"SYN000309","SYNTHETIC","ETM_STYLE","2026-09-21","16821","105","14456","Regular","2026-09-21_14456","evening","2026-09-21T19:34:00","6332","Karanai Colony","11","6666","Kamarajapuram","37","2026-09-21T19:34:00","2026-09-21T20:10:00","2","60","ALL_TICKETS_USED","AT_TICKET_DESTINATION"
"SYN000310","SYNTHETIC","ETM_STYLE","2026-09-21","16821","105","14456","Regular","2026-09-21_14456","evening","2026-09-21T19:34:00","6332","Karanai Colony","11","6658","Tambaram Railway Station East","43","2026-09-21T19:34:00","2026-09-21T20:18:00","2","60","ALL_TICKETS_USED","AT_TICKET_DESTINATION"
"SYN000311","SYNTHETIC","ETM_STYLE","2026-09-21","16821","105","14456","Regular","2026-09-21_14456","evening","2026-09-21T19:30:00","6307","Kakkan Nagar","7","6614","Vijaya Nagaram","31","2026-09-21T19:30:00","2026-09-21T20:04:00","1","60","ALL_TICKETS_USED","AT_TICKET_DESTINATION"
"SYN000312","SYNTHETIC","CHENNAI_ONE_STYLE","2026-09-21","16821","105","14456","Regular","2026-09-21_14456","evening","2026-09-21T19:27:00","6363","Ottiyambakkam","13","6625","Santhosapuram","33","2026-09-21T19:38:00","2026-09-21T20:06:00","1","60","ALL_TICKETS_USED","AT_TICKET_DESTINATION"
"SYN000313","SYNTHETIC","CHENNAI_ONE_STYLE","2026-09-21","16821","105","14456","Regular","2026-09-21_14456","evening","2026-09-21T19:06:00","9960","Siruseri It Park","1","6666","Kamarajapuram","37","2026-09-21T19:20:00","2026-09-21T20:10:00","2","60","ALL_TICKETS_USED","AT_TICKET_DESTINATION"
"SYN000314","SYNTHETIC","ETM_STYLE","2026-09-21","16821","105","14456","Regular","2026-09-21_14456","evening","2026-09-21T19:34:00","6332","Karanai Colony","11","6693","Tambaram West Bus Stand","45","2026-09-21T19:34:00","2026-09-21T20:21:00","2","60","ALL_TICKETS_USED","AT_TICKET_DESTINATION"
"SYN000315","SYNTHETIC","ETM_STYLE","2026-09-21","16821","105","14456","Regular","2026-09-21_14456","evening","2026-09-21T19:20:00","9960","Siruseri It Park","1","6643","Selaiyur","39","2026-09-21T19:20:00","2026-09-21T20:14:00","3","60","ALL_TICKETS_USED","AT_TICKET_DESTINATION"
"SYN000316","SYNTHETIC","ETM_STYLE","2026-09-21","16821","105","14456","Regular","2026-09-21_14456","evening","2026-09-21T19:40:00","6389","Tellus Avenue","14","6647","Aathi Nagar","40","2026-09-21T19:40:00","2026-09-21T20:15:00","1","60","ALL_TICKETS_USED","AT_TICKET_DESTINATION"
"SYN000317","SYNTHETIC","ETM_STYLE","2026-09-21","16821","105","14456","Regular","2026-09-21_14456","evening","2026-09-21T19:38:00","6363","Ottiyambakkam","13","6693","Tambaram West Bus Stand","45","2026-09-21T19:38:00","2026-09-21T20:21:00","2","60","ALL_TICKETS_USED","AT_TICKET_DESTINATION"
"SYN000318","SYNTHETIC","ETM_STYLE","2026-09-21","16821","105","14456","Regular","2026-09-21_14456","evening","2026-09-21T19:32:00","6309","Thalambur Road Junction","9","6625","Santhosapuram","33","2026-09-21T19:32:00","2026-09-21T20:06:00","1","60","ALL_TICKETS_USED","AT_TICKET_DESTINATION"
"SYN000319","SYNTHETIC","CHENNAI_ONE_STYLE","2026-09-21","16821","105","14456","Regular","2026-09-21_14456","evening","2026-09-21T19:31:00","6408","Ramakrishna Nagar","15","6625","Santhosapuram","33","2026-09-21T19:41:00","2026-09-21T20:06:00","1","60","ALL_TICKETS_USED","AT_TICKET_DESTINATION"
"SYN000320","SYNTHETIC","ETM_STYLE","2026-09-21","16821","105","14456","Regular","2026-09-21_14456","evening","2026-09-21T19:41:00","6408","Ramakrishna Nagar","15","6659","Sembakkam","36","2026-09-21T19:41:00","2026-09-21T20:09:00","1","60","ALL_TICKETS_USED","AT_TICKET_DESTINATION"
"SYN000321","SYNTHETIC","ETM_STYLE","2026-09-21","16821","105","14456","Regular","2026-09-21_14456","evening","2026-09-21T19:38:00","6363","Ottiyambakkam","13","6659","Sembakkam","36","2026-09-21T19:38:00","2026-09-21T20:09:00","1","60","ALL_TICKETS_USED","AT_TICKET_DESTINATION"
"SYN000322","SYNTHETIC","ETM_STYLE","2026-09-21","16821","105","14456","Regular","2026-09-21_14456","evening","2026-09-21T19:40:00","6389","Tellus Avenue","14","6656","Poondi Bazaar","42","2026-09-21T19:40:00","2026-09-21T20:17:00","2","60","ALL_TICKETS_USED","AT_TICKET_DESTINATION"
"SYN000323","SYNTHETIC","ETM_STYLE","2026-09-21","16821","105","14456","Regular","2026-09-21_14456","evening","2026-09-21T19:34:00","6332","Karanai Colony","11","6644","Mahalakshmi Nagar","38","2026-09-21T19:34:00","2026-09-21T20:12:00","1","60","ALL_TICKETS_USED","AT_TICKET_DESTINATION"
"SYN000324","SYNTHETIC","CHENNAI_ONE_STYLE","2026-09-21","16821","105","14456","Regular","2026-09-21_14456","evening","2026-09-21T19:36:00","6351","Karanai","12","6647","Aathi Nagar","40","2026-09-21T19:36:00","2026-09-21T20:15:00","3","60","ALL_TICKETS_USED","AT_TICKET_DESTINATION"
"SYN000325","SYNTHETIC","ETM_STYLE","2026-09-21","16821","105","14456","Regular","2026-09-21_14456","evening","2026-09-21T19:25:00","6272","Egattur","5","6644","Mahalakshmi Nagar","38","2026-09-21T19:25:00","2026-09-21T20:12:00","1","60","ALL_TICKETS_USED","AT_TICKET_DESTINATION"
"SYN000326","SYNTHETIC","ETM_STYLE","2026-09-21","16821","105","14456","Regular","2026-09-21_14456","evening","2026-09-21T19:31:00","6305","Trisakthi Kovil","8","6643","Selaiyur","39","2026-09-21T19:31:00","2026-09-21T20:14:00","1","60","ALL_TICKETS_USED","AT_TICKET_DESTINATION"
"SYN000327","SYNTHETIC","CHENNAI_ONE_STYLE","2026-09-21","16821","105","14456","Regular","2026-09-21_14456","evening","2026-09-21T19:20:00","6305","Trisakthi Kovil","8","6651","East Tambaram Convent","41","2026-09-21T19:31:00","2026-09-21T20:16:00","3","60","ALL_TICKETS_USED","AT_TICKET_DESTINATION"
"SYN000328","SYNTHETIC","ETM_STYLE","2026-09-21","16821","105","14456","Regular","2026-09-21_14456","evening","2026-09-21T19:36:00","6351","Karanai","12","6638","Prince College","35","2026-09-21T19:36:00","2026-09-21T20:08:00","1","60","ALL_TICKETS_USED","AT_TICKET_DESTINATION"
"SYN000329","SYNTHETIC","ETM_STYLE","2026-09-21","16821","105","14456","Regular","2026-09-21_14456","evening","2026-09-21T19:20:00","9960","Siruseri It Park","1","6614","Vijaya Nagaram","31","2026-09-21T19:20:00","2026-09-21T20:04:00","1","60","ALL_TICKETS_USED","AT_TICKET_DESTINATION"
"SYN000330","SYNTHETIC","ETM_STYLE","2026-09-21","16821","105","14456","Regular","2026-09-21_14456","evening","2026-09-21T19:36:00","6351","Karanai","12","6614","Vijaya Nagaram","31","2026-09-21T19:36:00","2026-09-21T20:04:00","2","60","ALL_TICKETS_USED","AT_TICKET_DESTINATION"
"SYN000331","SYNTHETIC","ETM_STYLE","2026-09-21","16821","105","14456","Regular","2026-09-21_14456","evening","2026-09-21T19:25:00","6272","Egattur","5","6608","Vengaivasal Road Junction","32","2026-09-21T19:25:00","2026-09-21T20:05:00","2","60","ALL_TICKETS_USED","AT_TICKET_DESTINATION"
"SYN000332","SYNTHETIC","CHENNAI_ONE_STYLE","2026-09-21","16821","105","14456","Regular","2026-09-21_14456","evening","2026-09-21T19:21:00","6309","Thalambur Road Junction","9","6643","Selaiyur","39","2026-09-21T19:32:00","2026-09-21T20:14:00","3","60","ALL_TICKETS_USED","AT_TICKET_DESTINATION"
"SYN000333","SYNTHETIC","ETM_STYLE","2026-09-21","16821","105","14456","Regular","2026-09-21_14456","evening","2026-09-21T19:41:00","6408","Ramakrishna Nagar","15","6693","Tambaram West Bus Stand","45","2026-09-21T19:41:00","2026-09-21T20:21:00","1","60","ALL_TICKETS_USED","AT_TICKET_DESTINATION"
"SYN000334","SYNTHETIC","ETM_STYLE","2026-09-21","16821","105","14456","Regular","2026-09-21_14456","evening","2026-09-21T19:31:00","6305","Trisakthi Kovil","8","6608","Vengaivasal Road Junction","32","2026-09-21T19:31:00","2026-09-21T20:05:00","1","60","ALL_TICKETS_USED","AT_TICKET_DESTINATION"
"SYN000335","SYNTHETIC","ETM_STYLE","2026-09-21","16821","105","14456","Regular","2026-09-21_14456","evening","2026-09-21T19:21:00","6224","Sipcot Industrial Park","2","6643","Selaiyur","39","2026-09-21T19:21:00","2026-09-21T20:14:00","3","60","ALL_TICKETS_USED","AT_TICKET_DESTINATION"
"SYN000336","SYNTHETIC","ETM_STYLE","2026-09-21","16821","105","14456","Regular","2026-09-21_14456","evening","2026-09-21T19:24:00","9967","It Park Siruseri Or Muttukadu","4","10049","S.I.V.E.T","34","2026-09-21T19:24:00","2026-09-21T20:07:00","2","60","ALL_TICKETS_USED","AT_TICKET_DESTINATION"
"SYN000337","SYNTHETIC","ETM_STYLE","2026-09-21","16821","105","14458","Regular","2026-09-21_14458","night","2026-09-21T22:10:00","6272","Egattur","5","6623","Medavakkam","30","2026-09-21T22:10:00","2026-09-21T22:48:00","1","60","ALL_TICKETS_USED","AT_TICKET_DESTINATION"
"SYN000338","SYNTHETIC","ETM_STYLE","2026-09-21","16821","105","14458","Regular","2026-09-21_14458","night","2026-09-21T22:55:00","6666","Kamarajapuram","37","6651","East Tambaram Convent","41","2026-09-21T22:55:00","2026-09-21T23:01:00","1","60","ALL_TICKETS_USED","AT_TICKET_DESTINATION"
"SYN000339","SYNTHETIC","ETM_STYLE","2026-09-21","16821","105","14458","Regular","2026-09-21_14458","night","2026-09-21T23:03:00","6658","Tambaram Railway Station East","43","6693","Tambaram West Bus Stand","45","2026-09-21T23:03:00","2026-09-21T23:06:00","2","60","ALL_TICKETS_USED","AT_TICKET_DESTINATION"
"SYN000340","SYNTHETIC","CHENNAI_ONE_STYLE","2026-09-21","16821","105","14458","Regular","2026-09-21_14458","night","2026-09-21T22:23:00","6464","Sithalapakkam","19","6575","Babu Nagar Medavakkam","27","2026-09-21T22:30:00","2026-09-21T22:38:00","2","60","ALL_TICKETS_USED","AT_TICKET_DESTINATION"
"SYN000341","SYNTHETIC","ETM_STYLE","2026-09-21","16821","105","14458","Regular","2026-09-21_14458","night","2026-09-21T22:16:00","6305","Trisakthi Kovil","8","6303","Thalambur","10","2026-09-21T22:16:00","2026-09-21T22:18:00","3","60","ALL_TICKETS_USED","AT_TICKET_DESTINATION"
"SYN000342","SYNTHETIC","ETM_STYLE","2026-09-21","16821","105","14458","Regular","2026-09-21_14458","night","2026-09-21T22:07:00","6240","Tcs Gate 1","3","6600","Medavakkam Junction","28","2026-09-21T22:07:00","2026-09-21T22:45:00","1","60","ALL_TICKETS_USED","AT_TICKET_DESTINATION"
"SYN000343","SYNTHETIC","ETM_STYLE","2026-09-21","16821","105","14458","Regular","2026-09-21_14458","night","2026-09-21T22:09:00","9967","It Park Siruseri Or Muttukadu","4","6693","Tambaram West Bus Stand","45","2026-09-21T22:09:00","2026-09-21T23:06:00","1","60","ALL_TICKETS_USED","AT_TICKET_DESTINATION"
"SYN000344","SYNTHETIC","ETM_STYLE","2026-09-21","16821","105","14458","Regular","2026-09-21_14458","night","2026-09-21T22:21:00","6351","Karanai","12","6643","Selaiyur","39","2026-09-21T22:21:00","2026-09-21T22:59:00","1","60","ALL_TICKETS_USED","AT_TICKET_DESTINATION"
"SYN000345","SYNTHETIC","ETM_STYLE","2026-09-21","16821","105","14458","Regular","2026-09-21_14458","night","2026-09-21T22:17:00","6309","Thalambur Road Junction","9","10049","S.I.V.E.T","34","2026-09-21T22:17:00","2026-09-21T22:52:00","1","60","ALL_TICKETS_USED","AT_TICKET_DESTINATION"
"SYN000346","SYNTHETIC","CHENNAI_ONE_STYLE","2026-09-21","16821","105","14458","Regular","2026-09-21_14458","night","2026-09-21T22:09:00","6309","Thalambur Road Junction","9","6351","Karanai","12","2026-09-21T22:17:00","2026-09-21T22:21:00","2","60","ALL_TICKETS_USED","AT_TICKET_DESTINATION"
"SYN000347","SYNTHETIC","CHENNAI_ONE_STYLE","2026-09-21","16821","105","14458","Regular","2026-09-21_14458","night","2026-09-21T22:16:00","6389","Tellus Avenue","14","6693","Tambaram West Bus Stand","45","2026-09-21T22:25:00","2026-09-21T23:06:00","2","60","ALL_TICKETS_USED","AT_TICKET_DESTINATION"
"SYN000348","SYNTHETIC","CHENNAI_ONE_STYLE","2026-09-21","16821","105","14458","Regular","2026-09-21_14458","night","2026-09-21T22:04:00","6305","Trisakthi Kovil","8","6450","Sithalapakkam Mani Kadai","17","2026-09-21T22:16:00","2026-09-21T22:28:00","1","60","ALL_TICKETS_USED","AT_TICKET_DESTINATION"
"SYN000349","SYNTHETIC","ETM_STYLE","2026-09-21","23600","109 R","102371","Regular","2026-09-21_102371","morning","2026-09-21T09:51:00","9128","Mrc Nagar","13","6387","Uthandi","35","2026-09-21T09:51:00","2026-09-21T10:33:00","1","60","ALL_TICKETS_USED","AT_TICKET_DESTINATION"
"SYN000350","SYNTHETIC","ETM_STYLE","2026-09-21","23600","109 R","102371","Regular","2026-09-21_102371","morning","2026-09-21T09:34:00","5814","Secretariat","3","6370","Anandbagh","36","2026-09-21T09:34:00","2026-09-21T10:34:00","2","60","ALL_TICKETS_USED","AT_TICKET_DESTINATION"
"SYN000351","SYNTHETIC","ETM_STYLE","2026-09-21","23600","109 R","102371","Regular","2026-09-21_102371","morning","2026-09-21T09:37:00","2601","Marina Beach","6","6387","Uthandi","35","2026-09-21T09:37:00","2026-09-21T10:33:00","1","60","ALL_TICKETS_USED","AT_TICKET_DESTINATION"
"SYN000352","SYNTHETIC","CHENNAI_ONE_STYLE","2026-09-21","23600","109 R","102371","Regular","2026-09-21_102371","morning","2026-09-21T09:17:00","9783","Parrys Corner","2","6387","Uthandi","35","2026-09-21T09:32:00","2026-09-21T10:33:00","2","60","ALL_TICKETS_USED","AT_TICKET_DESTINATION"
"SYN000353","SYNTHETIC","CHENNAI_ONE_STYLE","2026-09-21","23600","109 R","102371","Regular","2026-09-21_102371","morning","2026-09-21T09:48:00","5819","Foreshore Estate Bus Stop","12","9955","N.I.E.P.M.D","43","2026-09-21T09:49:00","2026-09-21T10:41:00","3","60","ALL_TICKETS_USED","AT_TICKET_DESTINATION"
"SYN000354","SYNTHETIC","CHENNAI_ONE_STYLE","2026-09-21","23600","109 R","102371","Regular","2026-09-21_102371","morning","2026-09-21T09:32:00","5932","War Memorial","4","6081","Kovalam Chamjarai","48","2026-09-21T09:35:00","2026-09-21T10:46:00","2","60","ALL_TICKETS_USED","AT_TICKET_DESTINATION"
"SYN000355","SYNTHETIC","CHENNAI_ONE_STYLE","2026-09-21","23600","109 R","102371","Regular","2026-09-21_102371","morning","2026-09-21T09:36:00","5918","Kannagi Statue Or Presidency College","7","6160","Muttukadu Boat House","44","2026-09-21T09:39:00","2026-09-21T10:42:00","1","60","ALL_TICKETS_USED","AT_TICKET_DESTINATION"
"SYN000356","SYNTHETIC","CHENNAI_ONE_STYLE","2026-09-21","23600","109 R","102371","Regular","2026-09-21_102371","morning","2026-09-21T09:36:00","5639","Santhome Church","11","9962","Mary World Or Mgm","41","2026-09-21T09:47:00","2026-09-21T10:39:00","1","60","ALL_TICKETS_USED","AT_TICKET_DESTINATION"
"SYN000357","SYNTHETIC","CHENNAI_ONE_STYLE","2026-09-21","23600","109 R","102371","Regular","2026-09-21_102371","morning","2026-09-21T09:46:00","5760","Adyar Signal","16","6106","Kovalam","46","2026-09-21T10:00:00","2026-09-21T10:44:00","1","60","ALL_TICKETS_USED","AT_TICKET_DESTINATION"
"SYN000358","SYNTHETIC","ETM_STYLE","2026-09-21","23600","109 R","102371","Regular","2026-09-21_102371","morning","2026-09-21T09:58:00","5758","M.G.R Janaki College Or Sathya Studio","15","9986","Uthandi Toll Gate Or Ragash College","37","2026-09-21T09:58:00","2026-09-21T10:35:00","2","60","ALL_TICKETS_USED","AT_TICKET_DESTINATION"
"SYN000359","SYNTHETIC","ETM_STYLE","2026-09-21","23600","109 R","102371","Regular","2026-09-21_102371","morning","2026-09-21T09:37:00","2601","Marina Beach","6","9957","Panjabur Or Yellow Board","42","2026-09-21T09:37:00","2026-09-21T10:40:00","2","60","ALL_TICKETS_USED","AT_TICKET_DESTINATION"
"SYN000360","SYNTHETIC","ETM_STYLE","2026-09-21","23600","109 R","102371","Regular","2026-09-21_102371","morning","2026-09-21T09:34:00","5814","Secretariat","3","9955","N.I.E.P.M.D","43","2026-09-21T09:34:00","2026-09-21T10:41:00","1","60","ALL_TICKETS_USED","AT_TICKET_DESTINATION"
"SYN000361","SYNTHETIC","ETM_STYLE","2026-09-21","23600","109 R","102371","Regular","2026-09-21_102371","morning","2026-09-21T09:58:00","5758","M.G.R Janaki College Or Sathya Studio","15","6387","Uthandi","35","2026-09-21T09:58:00","2026-09-21T10:33:00","2","60","ALL_TICKETS_USED","AT_TICKET_DESTINATION"
"SYN000362","SYNTHETIC","ETM_STYLE","2026-09-21","23600","109 R","102371","Regular","2026-09-21_102371","morning","2026-09-21T09:58:00","5758","M.G.R Janaki College Or Sathya Studio","15","6160","Muttukadu Boat House","44","2026-09-21T09:58:00","2026-09-21T10:42:00","1","60","ALL_TICKETS_USED","AT_TICKET_DESTINATION"
"SYN000363","SYNTHETIC","ETM_STYLE","2026-09-21","23600","109 R","102371","Regular","2026-09-21_102371","morning","2026-09-21T09:39:00","5918","Kannagi Statue Or Presidency College","7","9993","Nainar Kuppam Or Uthandi Colony","34","2026-09-21T09:39:00","2026-09-21T10:32:00","1","60","ALL_TICKETS_USED","AT_TICKET_DESTINATION"
"SYN000364","SYNTHETIC","CHENNAI_ONE_STYLE","2026-09-21","23600","109 R","102371","Regular","2026-09-21_102371","morning","2026-09-21T09:36:00","11192","Annasquare","5","6370","Anandbagh","36","2026-09-21T09:36:00","2026-09-21T10:34:00","2","60","ALL_TICKETS_USED","AT_TICKET_DESTINATION"
"SYN000365","SYNTHETIC","CHENNAI_ONE_STYLE","2026-09-21","23600","109 R","102371","Regular","2026-09-21_102371","morning","2026-09-21T09:26:00","5932","War Memorial","4","9993","Nainar Kuppam Or Uthandi Colony","34","2026-09-21T09:35:00","2026-09-21T10:32:00","2","60","ALL_TICKETS_USED","AT_TICKET_DESTINATION"
"SYN000366","SYNTHETIC","CHENNAI_ONE_STYLE","2026-09-21","23600","109 R","102371","Regular","2026-09-21_102371","morning","2026-09-21T09:32:00","5918","Kannagi Statue Or Presidency College","7","6387","Uthandi","35","2026-09-21T09:39:00","2026-09-21T10:33:00","2","60","ALL_TICKETS_USED","AT_TICKET_DESTINATION"
"SYN000367","SYNTHETIC","ETM_STYLE","2026-09-21","23600","109 R","102371","Regular","2026-09-21_102371","morning","2026-09-21T09:47:00","5639","Santhome Church","11","9955","N.I.E.P.M.D","43","2026-09-21T09:47:00","2026-09-21T10:41:00","1","60","ALL_TICKETS_USED","AT_TICKET_DESTINATION"
"SYN000368","SYNTHETIC","ETM_STYLE","2026-09-21","23600","109 R","102371","Regular","2026-09-21_102371","morning","2026-09-21T09:25:00","11159","Island ground Terminus","1","6370","Anandbagh","36","2026-09-21T09:25:00","2026-09-21T10:34:00","1","60","ALL_TICKETS_USED","AT_TICKET_DESTINATION"
"SYN000369","SYNTHETIC","ETM_STYLE","2026-09-21","23600","109 R","102371","Regular","2026-09-21_102371","morning","2026-09-21T09:32:00","9783","Parrys Corner","2","9993","Nainar Kuppam Or Uthandi Colony","34","2026-09-21T09:32:00","2026-09-21T10:32:00","1","60","ALL_TICKETS_USED","AT_TICKET_DESTINATION"
"SYN000370","SYNTHETIC","ETM_STYLE","2026-09-21","23600","109 R","102371","Regular","2026-09-21_102371","morning","2026-09-21T09:45:00","5917","Queen Marys College","9","6130","Kunnukadu Alamaram","45","2026-09-21T09:45:00","2026-09-21T10:43:00","1","60","ALL_TICKETS_USED","AT_TICKET_DESTINATION"
"SYN000371","SYNTHETIC","ETM_STYLE","2026-09-21","23600","109 R","102371","Regular","2026-09-21_102371","morning","2026-09-21T10:00:00","5760","Adyar Signal","16","6091","Kovalam Kelambakam Road Junction","47","2026-09-21T10:00:00","2026-09-21T10:45:00","2","60","ALL_TICKETS_USED","AT_TICKET_DESTINATION"
"SYN000372","SYNTHETIC","ETM_STYLE","2026-09-21","23600","109 R","102371","Regular","2026-09-21_102371","morning","2026-09-21T09:56:00","10814","Music College Annamalai Puram","14","6106","Kovalam","46","2026-09-21T09:56:00","2026-09-21T10:44:00","1","60","ALL_TICKETS_USED","AT_TICKET_DESTINATION"
"SYN000373","SYNTHETIC","ETM_STYLE","2026-09-21","23600","109 R","102371","Regular","2026-09-21_102371","morning","2026-09-21T09:36:00","11192","Annasquare","5","6091","Kovalam Kelambakam Road Junction","47","2026-09-21T09:36:00","2026-09-21T10:45:00","3","60","ALL_TICKETS_USED","AT_TICKET_DESTINATION"
"SYN000374","SYNTHETIC","ETM_STYLE","2026-09-21","23600","109 R","102371","Regular","2026-09-21_102371","morning","2026-09-21T09:35:00","5932","War Memorial","4","6370","Anandbagh","36","2026-09-21T09:35:00","2026-09-21T10:34:00","1","60","ALL_TICKETS_USED","AT_TICKET_DESTINATION"
"SYN000375","SYNTHETIC","ETM_STYLE","2026-09-21","23600","109 R","102371","Regular","2026-09-21_102371","morning","2026-09-21T09:44:00","5916","Vivekananda House","8","9955","N.I.E.P.M.D","43","2026-09-21T09:44:00","2026-09-21T10:41:00","1","60","ALL_TICKETS_USED","AT_TICKET_DESTINATION"
"SYN000376","SYNTHETIC","CHENNAI_ONE_STYLE","2026-09-21","23600","109 R","102371","Regular","2026-09-21_102371","morning","2026-09-21T09:33:00","5917","Queen Marys College","9","6081","Kovalam Chamjarai","48","2026-09-21T09:45:00","2026-09-21T10:46:00","2","60","ALL_TICKETS_USED","AT_TICKET_DESTINATION"
"SYN000377","SYNTHETIC","CHENNAI_ONE_STYLE","2026-09-21","23600","109 R","102371","Regular","2026-09-21_102371","morning","2026-09-21T09:51:00","5758","M.G.R Janaki College Or Sathya Studio","15","6130","Kunnukadu Alamaram","45","2026-09-21T09:58:00","2026-09-21T10:43:00","1","60","ALL_TICKETS_USED","AT_TICKET_DESTINATION"
"SYN000378","SYNTHETIC","ETM_STYLE","2026-09-21","23600","109 R","102371","Regular","2026-09-21_102371","morning","2026-09-21T09:49:00","5819","Foreshore Estate Bus Stop","12","6459","Panaiyur","33","2026-09-21T09:49:00","2026-09-21T10:31:00","2","60","ALL_TICKETS_USED","AT_TICKET_DESTINATION"
"SYN000379","SYNTHETIC","CHENNAI_ONE_STYLE","2026-09-21","23600","109 R","102371","Regular","2026-09-21_102371","morning","2026-09-21T09:27:00","2601","Marina Beach","6","6130","Kunnukadu Alamaram","45","2026-09-21T09:37:00","2026-09-21T10:43:00","1","60","ALL_TICKETS_USED","AT_TICKET_DESTINATION"
"SYN000380","SYNTHETIC","ETM_STYLE","2026-09-21","23600","109 R","102373","Regular","2026-09-21_102373","afternoon","2026-09-21T14:14:00","8666","Thiruvalluvar Nagar Rto","20","6690","Sai Baba Kovil","28","2026-09-21T14:14:00","2026-09-21T14:23:00","2","60","ALL_TICKETS_USED","AT_TICKET_DESTINATION"
"SYN000381","SYNTHETIC","CHENNAI_ONE_STYLE","2026-09-21","23600","109 R","102373","Regular","2026-09-21_102373","afternoon","2026-09-21T13:35:00","2601","Marina Beach","6","6081","Kovalam Chamjarai","48","2026-09-21T13:37:00","2026-09-21T14:46:00","3","60","ALL_TICKETS_USED","AT_TICKET_DESTINATION"
"SYN000382","SYNTHETIC","ETM_STYLE","2026-09-21","23600","109 R","102373","Regular","2026-09-21_102373","afternoon","2026-09-21T13:45:00","5917","Queen Marys College","9","5760","Adyar Signal","16","2026-09-21T13:45:00","2026-09-21T14:00:00","1","60","ALL_TICKETS_USED","AT_TICKET_DESTINATION"
"SYN000383","SYNTHETIC","ETM_STYLE","2026-09-21","23600","109 R","102373","Regular","2026-09-21_102373","afternoon","2026-09-21T13:35:00","5932","War Memorial","4","10084","Neelankarai","25","2026-09-21T13:35:00","2026-09-21T14:20:00","1","60","ALL_TICKETS_USED","AT_TICKET_DESTINATION"
"SYN000384","SYNTHETIC","ETM_STYLE","2026-09-21","23600","109 R","102373","Regular","2026-09-21_102373","afternoon","2026-09-21T13:44:00","5916","Vivekananda House","8","10084","Neelankarai","25","2026-09-21T13:44:00","2026-09-21T14:20:00","2","60","ALL_TICKETS_USED","AT_TICKET_DESTINATION"
"SYN000385","SYNTHETIC","ETM_STYLE","2026-09-21","23600","109 R","102373","Regular","2026-09-21_102373","afternoon","2026-09-21T13:25:00","11159","Island ground Terminus","1","8495","Palavakkam","22","2026-09-21T13:25:00","2026-09-21T14:17:00","2","60","ALL_TICKETS_USED","AT_TICKET_DESTINATION"
"SYN000386","SYNTHETIC","ETM_STYLE","2026-09-21","23600","109 R","102373","Regular","2026-09-21_102373","afternoon","2026-09-21T13:44:00","5916","Vivekananda House","8","6581","Vgp Golden Beach","31","2026-09-21T13:44:00","2026-09-21T14:26:00","1","60","ALL_TICKETS_USED","AT_TICKET_DESTINATION"
"SYN000387","SYNTHETIC","ETM_STYLE","2026-09-21","23600","109 R","102373","Regular","2026-09-21_102373","afternoon","2026-09-21T14:39:00","9962","Mary World Or Mgm","41","6102","Kovalam Bus Terminus","49","2026-09-21T14:39:00","2026-09-21T14:49:00","2","60","ALL_TICKETS_USED","AT_TICKET_DESTINATION"
"SYN000388","SYNTHETIC","ETM_STYLE","2026-09-21","23600","109 R","102373","Regular","2026-09-21_102373","afternoon","2026-09-21T14:38:00","6249","Muttukadu","40","6091","Kovalam Kelambakam Road Junction","47","2026-09-21T14:38:00","2026-09-21T14:45:00","1","60","ALL_TICKETS_USED","AT_TICKET_DESTINATION"
"SYN000389","SYNTHETIC","ETM_STYLE","2026-09-21","23600","109 R","102373","Regular","2026-09-21_102373","afternoon","2026-09-21T13:25:00","11159","Island ground Terminus","1","5918","Kannagi Statue Or Presidency College","7","2026-09-21T13:25:00","2026-09-21T13:39:00","2","60","ALL_TICKETS_USED","AT_TICKET_DESTINATION"
"SYN000390","SYNTHETIC","CHENNAI_ONE_STYLE","2026-09-21","23600","109 R","102373","Regular","2026-09-21_102373","afternoon","2026-09-21T14:41:00","6106","Kovalam","46","6091","Kovalam Kelambakam Road Junction","47","2026-09-21T14:44:00","2026-09-21T14:45:00","1","60","ALL_TICKETS_USED","AT_TICKET_DESTINATION"
"SYN000391","SYNTHETIC","CHENNAI_ONE_STYLE","2026-09-21","23600","109 R","102373","Regular","2026-09-21_102373","afternoon","2026-09-21T13:34:00","5638","All India Radio Light House","10","8436","Ice Factory","24","2026-09-21T13:46:00","2026-09-21T14:19:00","1","60","ALL_TICKETS_USED","AT_TICKET_DESTINATION"
"SYN000392","SYNTHETIC","CHENNAI_ONE_STYLE","2026-09-21","23600","109 R","102373","Regular","2026-09-21_102373","afternoon","2026-09-21T13:22:00","9783","Parrys Corner","2","6581","Vgp Golden Beach","31","2026-09-21T13:32:00","2026-09-21T14:26:00","2","60","ALL_TICKETS_USED","AT_TICKET_DESTINATION"
"SYN000393","SYNTHETIC","ETM_STYLE","2026-09-21","23600","109 R","102375","Regular","2026-09-21_102375","evening","2026-09-21T17:55:00","5760","Adyar Signal","16","6091","Kovalam Kelambakam Road Junction","47","2026-09-21T17:55:00","2026-09-21T18:40:00","1","60","ALL_TICKETS_USED","AT_TICKET_DESTINATION"
"SYN000394","SYNTHETIC","ETM_STYLE","2026-09-21","23600","109 R","102375","Regular","2026-09-21_102375","evening","2026-09-21T17:55:00","5760","Adyar Signal","16","9986","Uthandi Toll Gate Or Ragash College","37","2026-09-21T17:55:00","2026-09-21T18:30:00","3","60","ALL_TICKETS_USED","AT_TICKET_DESTINATION"
"SYN000395","SYNTHETIC","ETM_STYLE","2026-09-21","23600","109 R","102375","Regular","2026-09-21_102375","evening","2026-09-21T17:31:00","11192","Annasquare","5","6249","Muttukadu","40","2026-09-21T17:31:00","2026-09-21T18:33:00","1","60","ALL_TICKETS_USED","AT_TICKET_DESTINATION"
"SYN000396","SYNTHETIC","ETM_STYLE","2026-09-21","23600","109 R","102375","Regular","2026-09-21_102375","evening","2026-09-21T17:44:00","5819","Foreshore Estate Bus Stop","12","6102","Kovalam Bus Terminus","49","2026-09-21T17:44:00","2026-09-21T18:44:00","1","60","ALL_TICKETS_USED","AT_TICKET_DESTINATION"
"SYN000397","SYNTHETIC","CHENNAI_ONE_STYLE","2026-09-21","23600","109 R","102375","Regular","2026-09-21_102375","evening","2026-09-21T17:32:00","5916","Vivekananda House","8","6316","Kanathur","38","2026-09-21T17:39:00","2026-09-21T18:31:00","1","60","ALL_TICKETS_USED","AT_TICKET_DESTINATION"
"SYN000398","SYNTHETIC","CHENNAI_ONE_STYLE","2026-09-21","23600","109 R","102375","Regular","2026-09-21_102375","evening","2026-09-21T17:18:00","5932","War Memorial","4","6370","Anandbagh","36","2026-09-21T17:30:00","2026-09-21T18:29:00","1","60","ALL_TICKETS_USED","AT_TICKET_DESTINATION"
"SYN000399","SYNTHETIC","CHENNAI_ONE_STYLE","2026-09-21","23600","109 R","102375","Regular","2026-09-21_102375","evening","2026-09-21T17:28:00","11192","Annasquare","5","6459","Panaiyur","33","2026-09-21T17:31:00","2026-09-21T18:26:00","2","60","ALL_TICKETS_USED","AT_TICKET_DESTINATION"
"SYN000400","SYNTHETIC","ETM_STYLE","2026-09-21","23600","109 R","102375","Regular","2026-09-21_102375","evening","2026-09-21T17:41:00","5638","All India Radio Light House","10","6459","Panaiyur","33","2026-09-21T17:41:00","2026-09-21T18:26:00","2","60","ALL_TICKETS_USED","AT_TICKET_DESTINATION"
"SYN000401","SYNTHETIC","ETM_STYLE","2026-09-21","23600","109 R","102375","Regular","2026-09-21_102375","evening","2026-09-21T17:55:00","5760","Adyar Signal","16","9993","Nainar Kuppam Or Uthandi Colony","34","2026-09-21T17:55:00","2026-09-21T18:27:00","2","60","ALL_TICKETS_USED","AT_TICKET_DESTINATION"
"SYN000402","SYNTHETIC","CHENNAI_ONE_STYLE","2026-09-21","23600","109 R","102375","Regular","2026-09-21_102375","evening","2026-09-21T17:21:00","5918","Kannagi Statue Or Presidency College","7","6387","Uthandi","35","2026-09-21T17:34:00","2026-09-21T18:28:00","2","60","ALL_TICKETS_USED","AT_TICKET_DESTINATION"
"SYN000403","SYNTHETIC","ETM_STYLE","2026-09-21","23600","109 R","102375","Regular","2026-09-21_102375","evening","2026-09-21T17:51:00","10814","Music College Annamalai Puram","14","9957","Panjabur Or Yellow Board","42","2026-09-21T17:51:00","2026-09-21T18:35:00","2","60","ALL_TICKETS_USED","AT_TICKET_DESTINATION"
"SYN000404","SYNTHETIC","CHENNAI_ONE_STYLE","2026-09-21","23600","109 R","102375","Regular","2026-09-21_102375","evening","2026-09-21T17:27:00","5918","Kannagi Statue Or Presidency College","7","9993","Nainar Kuppam Or Uthandi Colony","34","2026-09-21T17:34:00","2026-09-21T18:27:00","1","60","ALL_TICKETS_USED","AT_TICKET_DESTINATION"
"SYN000405","SYNTHETIC","CHENNAI_ONE_STYLE","2026-09-21","23600","109 R","102375","Regular","2026-09-21_102375","evening","2026-09-21T17:12:00","11159","Island ground Terminus","1","6249","Muttukadu","40","2026-09-21T17:20:00","2026-09-21T18:33:00","1","60","ALL_TICKETS_USED","AT_TICKET_DESTINATION"
"SYN000406","SYNTHETIC","CHENNAI_ONE_STYLE","2026-09-21","23600","109 R","102375","Regular","2026-09-21_102375","evening","2026-09-21T17:32:00","5917","Queen Marys College","9","9955","N.I.E.P.M.D","43","2026-09-21T17:40:00","2026-09-21T18:36:00","1","60","ALL_TICKETS_USED","AT_TICKET_DESTINATION"
"SYN000407","SYNTHETIC","CHENNAI_ONE_STYLE","2026-09-21","23600","109 R","102375","Regular","2026-09-21_102375","evening","2026-09-21T17:17:00","2601","Marina Beach","6","9962","Mary World Or Mgm","41","2026-09-21T17:32:00","2026-09-21T18:34:00","2","60","ALL_TICKETS_USED","AT_TICKET_DESTINATION"
"SYN000408","SYNTHETIC","ETM_STYLE","2026-09-21","23600","109 R","102375","Regular","2026-09-21_102375","evening","2026-09-21T17:39:00","5916","Vivekananda House","8","6091","Kovalam Kelambakam Road Junction","47","2026-09-21T17:39:00","2026-09-21T18:40:00","1","60","ALL_TICKETS_USED","AT_TICKET_DESTINATION"
"SYN000409","SYNTHETIC","ETM_STYLE","2026-09-21","23600","109 R","102375","Regular","2026-09-21_102375","evening","2026-09-21T17:51:00","10814","Music College Annamalai Puram","14","6130","Kunnukadu Alamaram","45","2026-09-21T17:51:00","2026-09-21T18:38:00","2","60","ALL_TICKETS_USED","AT_TICKET_DESTINATION"
"SYN000410","SYNTHETIC","ETM_STYLE","2026-09-21","23600","109 R","102375","Regular","2026-09-21_102375","evening","2026-09-21T17:44:00","5819","Foreshore Estate Bus Stop","12","9957","Panjabur Or Yellow Board","42","2026-09-21T17:44:00","2026-09-21T18:35:00","1","60","ALL_TICKETS_USED","AT_TICKET_DESTINATION"
"SYN000411","SYNTHETIC","ETM_STYLE","2026-09-21","23600","109 R","102375","Regular","2026-09-21_102375","evening","2026-09-21T17:34:00","5918","Kannagi Statue Or Presidency College","7","6287","Meera Nagar","39","2026-09-21T17:34:00","2026-09-21T18:32:00","1","60","ALL_TICKETS_USED","AT_TICKET_DESTINATION"
"SYN000412","SYNTHETIC","ETM_STYLE","2026-09-21","23600","109 R","102375","Regular","2026-09-21_102375","evening","2026-09-21T17:29:00","5814","Secretariat","3","6370","Anandbagh","36","2026-09-21T17:29:00","2026-09-21T18:29:00","1","60","ALL_TICKETS_USED","AT_TICKET_DESTINATION"
"SYN000413","SYNTHETIC","ETM_STYLE","2026-09-21","23600","109 R","102375","Regular","2026-09-21_102375","evening","2026-09-21T17:41:00","5638","All India Radio Light House","10","6370","Anandbagh","36","2026-09-21T17:41:00","2026-09-21T18:29:00","2","60","ALL_TICKETS_USED","AT_TICKET_DESTINATION"
"SYN000414","SYNTHETIC","ETM_STYLE","2026-09-21","23600","109 R","102375","Regular","2026-09-21_102375","evening","2026-09-21T17:53:00","5758","M.G.R Janaki College Or Sathya Studio","15","6081","Kovalam Chamjarai","48","2026-09-21T17:53:00","2026-09-21T18:41:00","2","60","ALL_TICKETS_USED","AT_TICKET_DESTINATION"
"SYN000415","SYNTHETIC","CHENNAI_ONE_STYLE","2026-09-21","23600","109 R","102375","Regular","2026-09-21_102375","evening","2026-09-21T17:55:00","5760","Adyar Signal","16","6160","Muttukadu Boat House","44","2026-09-21T17:55:00","2026-09-21T18:37:00","1","60","ALL_TICKETS_USED","AT_TICKET_DESTINATION"
"SYN000416","SYNTHETIC","CHENNAI_ONE_STYLE","2026-09-21","23600","109 R","102375","Regular","2026-09-21_102375","evening","2026-09-21T17:39:00","5758","M.G.R Janaki College Or Sathya Studio","15","6287","Meera Nagar","39","2026-09-21T17:53:00","2026-09-21T18:32:00","1","60","ALL_TICKETS_USED","AT_TICKET_DESTINATION"
"SYN000417","SYNTHETIC","ETM_STYLE","2026-09-21","23600","109 R","102375","Regular","2026-09-21_102375","evening","2026-09-21T17:46:00","9128","Mrc Nagar","13","6459","Panaiyur","33","2026-09-21T17:46:00","2026-09-21T18:26:00","2","60","ALL_TICKETS_USED","AT_TICKET_DESTINATION"
"SYN000418","SYNTHETIC","ETM_STYLE","2026-09-21","23600","109 R","102375","Regular","2026-09-21_102375","evening","2026-09-21T17:20:00","11159","Island ground Terminus","1","6316","Kanathur","38","2026-09-21T17:20:00","2026-09-21T18:31:00","3","60","ALL_TICKETS_USED","AT_TICKET_DESTINATION"
"SYN000419","SYNTHETIC","ETM_STYLE","2026-09-21","23600","109 R","102375","Regular","2026-09-21_102375","evening","2026-09-21T17:41:00","5638","All India Radio Light House","10","6130","Kunnukadu Alamaram","45","2026-09-21T17:41:00","2026-09-21T18:38:00","1","60","ALL_TICKETS_USED","AT_TICKET_DESTINATION"
"SYN000420","SYNTHETIC","ETM_STYLE","2026-09-21","23600","109 R","102375","Regular","2026-09-21_102375","evening","2026-09-21T17:39:00","5916","Vivekananda House","8","9957","Panjabur Or Yellow Board","42","2026-09-21T17:39:00","2026-09-21T18:35:00","1","60","ALL_TICKETS_USED","AT_TICKET_DESTINATION"
"SYN000421","SYNTHETIC","ETM_STYLE","2026-09-21","23600","109 R","102375","Regular","2026-09-21_102375","evening","2026-09-21T17:55:00","5760","Adyar Signal","16","6081","Kovalam Chamjarai","48","2026-09-21T17:55:00","2026-09-21T18:41:00","1","60","ALL_TICKETS_USED","AT_TICKET_DESTINATION"
"SYN000422","SYNTHETIC","ETM_STYLE","2026-09-21","23600","109 R","102375","Regular","2026-09-21_102375","evening","2026-09-21T17:41:00","5638","All India Radio Light House","10","6459","Panaiyur","33","2026-09-21T17:41:00","2026-09-21T18:26:00","2","60","ALL_TICKETS_USED","AT_TICKET_DESTINATION"
"SYN000423","SYNTHETIC","CHENNAI_ONE_STYLE","2026-09-21","23600","109 R","102375","Regular","2026-09-21_102375","evening","2026-09-21T17:50:00","10814","Music College Annamalai Puram","14","6287","Meera Nagar","39","2026-09-21T17:51:00","2026-09-21T18:32:00","3","60","ALL_TICKETS_USED","AT_TICKET_DESTINATION"
"SYN000424","SYNTHETIC","ETM_STYLE","2026-09-21","23600","109 R","102998","Regular","2026-09-21_102998","night","2026-09-21T21:42:00","5913","Adyar Depot","17","8666","Thiruvalluvar Nagar Rto","20","2026-09-21T21:42:00","2026-09-21T21:54:00","2","60","ALL_TICKETS_USED","AT_TICKET_DESTINATION"
"SYN000425","SYNTHETIC","CHENNAI_ONE_STYLE","2026-09-21","23600","109 R","102998","Regular","2026-09-21_102998","night","2026-09-21T22:05:00","9986","Uthandi Toll Gate Or Ragash College","37","6160","Muttukadu Boat House","44","2026-09-21T22:15:00","2026-09-21T22:22:00","2","60","ALL_TICKETS_USED","AT_TICKET_DESTINATION"
"SYN000426","SYNTHETIC","CHENNAI_ONE_STYLE","2026-09-21","23600","109 R","102998","Regular","2026-09-21_102998","night","2026-09-21T22:03:00","6690","Sai Baba Kovil","28","6370","Anandbagh","36","2026-09-21T22:03:00","2026-09-21T22:14:00","1","60","ALL_TICKETS_USED","AT_TICKET_DESTINATION"
"SYN000427","SYNTHETIC","ETM_STYLE","2026-09-21","23600","109 R","102998","Regular","2026-09-21_102998","night","2026-09-21T22:06:00","6581","Vgp Golden Beach","31","6160","Muttukadu Boat House","44","2026-09-21T22:06:00","2026-09-21T22:22:00","2","60","ALL_TICKETS_USED","AT_TICKET_DESTINATION"
"SYN000428","SYNTHETIC","ETM_STYLE","2026-09-21","23600","109 R","102998","Regular","2026-09-21_102998","night","2026-09-21T21:42:00","5913","Adyar Depot","17","8666","Thiruvalluvar Nagar Rto","20","2026-09-21T21:42:00","2026-09-21T21:54:00","2","60","ALL_TICKETS_USED","AT_TICKET_DESTINATION"
"SYN000429","SYNTHETIC","CHENNAI_ONE_STYLE","2026-09-21","23600","109 R","102998","Regular","2026-09-21_102998","night","2026-09-21T22:13:00","6387","Uthandi","35","9957","Panjabur Or Yellow Board","42","2026-09-21T22:13:00","2026-09-21T22:20:00","2","60","ALL_TICKETS_USED","AT_TICKET_DESTINATION"
"SYN000430","SYNTHETIC","CHENNAI_ONE_STYLE","2026-09-21","23600","109 R","102998","Regular","2026-09-21_102998","night","2026-09-21T21:08:00","5932","War Memorial","4","5760","Adyar Signal","16","2026-09-21T21:15:00","2026-09-21T21:40:00","1","60","ALL_TICKETS_USED","AT_TICKET_DESTINATION"
"SYN000431","SYNTHETIC","ETM_STYLE","2026-09-21","23600","109 R","102998","Regular","2026-09-21_102998","night","2026-09-21T22:24:00","6106","Kovalam","46","6091","Kovalam Kelambakam Road Junction","47","2026-09-21T22:24:00","2026-09-21T22:25:00","1","60","ALL_TICKETS_USED","AT_TICKET_DESTINATION"
"SYN000432","SYNTHETIC","CHENNAI_ONE_STYLE","2026-09-21","23600","109 R","102998","Regular","2026-09-21_102998","night","2026-09-21T21:48:00","8588","Kottivakkam","21","6370","Anandbagh","36","2026-09-21T21:55:00","2026-09-21T22:14:00","1","60","ALL_TICKETS_USED","AT_TICKET_DESTINATION"
"SYN000433","SYNTHETIC","ETM_STYLE","2026-09-21","23600","109 R","102998","Regular","2026-09-21_102998","night","2026-09-21T21:14:00","5814","Secretariat","3","6106","Kovalam","46","2026-09-21T21:14:00","2026-09-21T22:24:00","1","60","ALL_TICKETS_USED","AT_TICKET_DESTINATION"
"SYN000434","SYNTHETIC","CHENNAI_ONE_STYLE","2026-09-21","23600","109 R","102998","Regular","2026-09-21_102998","night","2026-09-21T21:25:00","10814","Music College Annamalai Puram","14","10084","Neelankarai","25","2026-09-21T21:36:00","2026-09-21T22:00:00","1","60","ALL_TICKETS_USED","AT_TICKET_DESTINATION"
"SYN000435","SYNTHETIC","CHENNAI_ONE_STYLE","2026-09-21","23600","109 R","102998","Regular","2026-09-21_102998","night","2026-09-21T21:25:00","5758","M.G.R Janaki College Or Sathya Studio","15","5914","Jayanthi Theatre","18","2026-09-21T21:38:00","2026-09-21T21:48:00","2","60","ALL_TICKETS_USED","AT_TICKET_DESTINATION"
"SYN000436","SYNTHETIC","ETM_STYLE","2026-09-22","23212","101 R","5022","Regular","2026-09-22_5022","morning","2026-09-22T07:43:00","9500","Acs Medical College","7","7577","Thiruvottriyur Bus Stand","59","2026-09-22T07:43:00","2026-09-22T09:07:00","1","60","ALL_TICKETS_USED","AT_TICKET_DESTINATION"
"SYN000437","SYNTHETIC","ETM_STYLE","2026-09-22","23212","101 R","5022","Regular","2026-09-22_5022","morning","2026-09-22T08:06:00","9628","Rohini Theatre","18","7292","Anna Nagar","49","2026-09-22T08:06:00","2026-09-22T08:53:00","3","60","ALL_TICKETS_USED","AT_TICKET_DESTINATION"
"SYN000438","SYNTHETIC","CHENNAI_ONE_STYLE","2026-09-22","23212","101 R","5022","Regular","2026-09-22_5022","morning","2026-09-22T07:45:00","9519","Velappanchavadi","8","7531","Vellayan Chettiyar School","57","2026-09-22T07:46:00","2026-09-22T09:05:00","2","60","ALL_TICKETS_USED","AT_TICKET_DESTINATION"
"SYN000439","SYNTHETIC","ETM_STYLE","2026-09-22","23212","101 R","5022","Regular","2026-09-22_5022","morning","2026-09-22T07:56:00","9566","Maduravoyal Ration Shop","14","7450","Ellaiamman Kovil","53","2026-09-22T07:56:00","2026-09-22T09:01:00","1","60","ALL_TICKETS_USED","AT_TICKET_DESTINATION"
"SYN000440","SYNTHETIC","ETM_STYLE","2026-09-22","23212","101 R","5022","Regular","2026-09-22_5022","morning","2026-09-22T07:38:00","10238","Poonamallee Municipality Or Kumananchavadi","5","7508","Thiruvottiyur Market","56","2026-09-22T07:38:00","2026-09-22T09:04:00","1","60","ALL_TICKETS_USED","AT_TICKET_DESTINATION"
"SYN000441","SYNTHETIC","CHENNAI_ONE_STYLE","2026-09-22","23212","101 R","5022","Regular","2026-09-22_5022","morning","2026-09-22T07:38:00","9513","Vaanagaram","10","7508","Thiruvottiyur Market","56","2026-09-22T07:51:00","2026-09-22T09:04:00","1","60","ALL_TICKETS_USED","AT_TICKET_DESTINATION"
"SYN000442","SYNTHETIC","ETM_STYLE","2026-09-22","23212","101 R","5022","Regular","2026-09-22_5022","morning","2026-09-22T07:56:00","9566","Maduravoyal Ration Shop","14","7292","Anna Nagar","49","2026-09-22T07:56:00","2026-09-22T08:53:00","1","60","ALL_TICKETS_USED","AT_TICKET_DESTINATION"
"SYN000443","SYNTHETIC","CHENNAI_ONE_STYLE","2026-09-22","23212","101 R","5022","Regular","2026-09-22_5022","morning","2026-09-22T07:22:00","9436","Poonamallee Government Hospital","2","10424","Kalaimagal Vidyalaya Or Esso","44","2026-09-22T07:33:00","2026-09-22T08:48:00","3","60","ALL_TICKETS_USED","AT_TICKET_DESTINATION"
"SYN000444","SYNTHETIC","CHENNAI_ONE_STYLE","2026-09-22","23212","101 R","5022","Regular","2026-09-22_5022","morning","2026-09-22T07:42:00","10269","Maduravoyal Erikarai","11","6936","Kalmandapam Police Station","43","2026-09-22T07:53:00","2026-09-22T08:47:00","1","60","ALL_TICKETS_USED","AT_TICKET_DESTINATION"
"SYN000445","SYNTHETIC","ETM_STYLE","2026-09-22","23212","101 R","5022","Regular","2026-09-22_5022","morning","2026-09-22T07:38:00","10238","Poonamallee Municipality Or Kumananchavadi","5","7531","Vellayan Chettiyar School","57","2026-09-22T07:38:00","2026-09-22T09:05:00","1","60","ALL_TICKETS_USED","AT_TICKET_DESTINATION"
"SYN000446","SYNTHETIC","ETM_STYLE","2026-09-22","23212","101 R","5022","Regular","2026-09-22_5022","morning","2026-09-22T08:06:00","9628","Rohini Theatre","18","7403","Raja Kaladi","52","2026-09-22T08:06:00","2026-09-22T08:59:00","1","60","ALL_TICKETS_USED","AT_TICKET_DESTINATION"
"SYN000447","SYNTHETIC","ETM_STYLE","2026-09-22","23212","101 R","5022","Regular","2026-09-22_5022","morning","2026-09-22T07:51:00","9513","Vaanagaram","10","7508","Thiruvottiyur Market","56","2026-09-22T07:51:00","2026-09-22T09:04:00","1","60","ALL_TICKETS_USED","AT_TICKET_DESTINATION"
"SYN000448","SYNTHETIC","ETM_STYLE","2026-09-22","23212","101 R","5022","Regular","2026-09-22_5022","morning","2026-09-22T07:55:00","9542","Maduravoyal Post Office","13","7292","Anna Nagar","49","2026-09-22T07:55:00","2026-09-22T08:53:00","2","60","ALL_TICKETS_USED","AT_TICKET_DESTINATION"
"SYN000449","SYNTHETIC","CHENNAI_ONE_STYLE","2026-09-22","23212","101 R","5022","Regular","2026-09-22_5022","morning","2026-09-22T07:47:00","9581","Vengaya Mandi","15","7480","Theradi","54","2026-09-22T07:58:00","2026-09-22T09:02:00","3","60","ALL_TICKETS_USED","AT_TICKET_DESTINATION"
"SYN000450","SYNTHETIC","CHENNAI_ONE_STYLE","2026-09-22","23212","101 R","5022","Regular","2026-09-22_5022","morning","2026-09-22T07:57:00","9594","Nerkundram","16","10539","Thiruvottiyur Ajax Bus Depot","58","2026-09-22T08:03:00","2026-09-22T09:06:00","2","60","ALL_TICKETS_USED","AT_TICKET_DESTINATION"
"SYN000451","SYNTHETIC","ETM_STYLE","2026-09-22","23212","101 R","5022","Regular","2026-09-22_5022","morning","2026-09-22T07:33:00","9436","Poonamallee Government Hospital","2","11087","Surya Narayana Road","46","2026-09-22T07:33:00","2026-09-22T08:50:00","1","60","ALL_TICKETS_USED","AT_TICKET_DESTINATION"
"SYN000452","SYNTHETIC","ETM_STYLE","2026-09-22","23212","101 R","5022","Regular","2026-09-22_5022","morning","2026-09-22T08:03:00","9594","Nerkundram","16","7292","Anna Nagar","49","2026-09-22T08:03:00","2026-09-22T08:53:00","1","60","ALL_TICKETS_USED","AT_TICKET_DESTINATION"
"SYN000453","SYNTHETIC","ETM_STYLE","2026-09-22","23212","101 R","5022","Regular","2026-09-22_5022","morning","2026-09-22T07:49:00","9525","Kumar Theatre","9","7531","Vellayan Chettiyar School","57","2026-09-22T07:49:00","2026-09-22T09:05:00","2","60","ALL_TICKETS_USED","AT_TICKET_DESTINATION"
"SYN000454","SYNTHETIC","CHENNAI_ONE_STYLE","2026-09-22","23212","101 R","5022","Regular","2026-09-22_5022","morning","2026-09-22T08:00:00","9594","Nerkundram","16","7480","Theradi","54","2026-09-22T08:03:00","2026-09-22T09:02:00","2","60","ALL_TICKETS_USED","AT_TICKET_DESTINATION"
"SYN000455","SYNTHETIC","CHENNAI_ONE_STYLE","2026-09-22","23212","101 R","5022","Regular","2026-09-22_5022","morning","2026-09-22T07:24:00","10238","Poonamallee Municipality Or Kumananchavadi","5","6758","Clive Battery","40","2026-09-22T07:38:00","2026-09-22T08:42:00","1","60","ALL_TICKETS_USED","AT_TICKET_DESTINATION"
"SYN000456","SYNTHETIC","ETM_STYLE","2026-09-22","23212","101 R","5022","Regular","2026-09-22_5022","morning","2026-09-22T07:58:00","9581","Vengaya Mandi","15","7508","Thiruvottiyur Market","56","2026-09-22T07:58:00","2026-09-22T09:04:00","2","60","ALL_TICKETS_USED","AT_TICKET_DESTINATION"
"SYN000457","SYNTHETIC","ETM_STYLE","2026-09-22","23212","101 R","5022","Regular","2026-09-22_5022","morning","2026-09-22T07:56:00","9566","Maduravoyal Ration Shop","14","10539","Thiruvottiyur Ajax Bus Depot","58","2026-09-22T07:56:00","2026-09-22T09:06:00","1","60","ALL_TICKETS_USED","AT_TICKET_DESTINATION"
"SYN000458","SYNTHETIC","ETM_STYLE","2026-09-22","23212","101 R","5022","Regular","2026-09-22_5022","morning","2026-09-22T07:35:00","9428","Kallarai","3","7508","Thiruvottiyur Market","56","2026-09-22T07:35:00","2026-09-22T09:04:00","2","60","ALL_TICKETS_USED","AT_TICKET_DESTINATION"
"SYN000459","SYNTHETIC","ETM_STYLE","2026-09-22","23212","101 R","5022","Regular","2026-09-22_5022","morning","2026-09-22T07:53:00","10269","Maduravoyal Erikarai","11","7531","Vellayan Chettiyar School","57","2026-09-22T07:53:00","2026-09-22T09:05:00","1","60","ALL_TICKETS_USED","AT_TICKET_DESTINATION"
"SYN000460","SYNTHETIC","CHENNAI_ONE_STYLE","2026-09-22","23212","101 R","5022","Regular","2026-09-22_5022","morning","2026-09-22T07:32:00","9428","Kallarai","3","7403","Raja Kaladi","52","2026-09-22T07:35:00","2026-09-22T08:59:00","1","60","ALL_TICKETS_USED","AT_TICKET_DESTINATION"
"SYN000461","SYNTHETIC","ETM_STYLE","2026-09-22","23212","101 R","5022","Regular","2026-09-22_5022","morning","2026-09-22T08:07:00","10293","Arumbakkam P.H Road","19","7403","Raja Kaladi","52","2026-09-22T08:07:00","2026-09-22T08:59:00","2","60","ALL_TICKETS_USED","AT_TICKET_DESTINATION"
"SYN000462","SYNTHETIC","ETM_STYLE","2026-09-22","23212","101 R","5022","Regular","2026-09-22_5022","morning","2026-09-22T07:58:00","9581","Vengaya Mandi","15","7450","Ellaiamman Kovil","53","2026-09-22T07:58:00","2026-09-22T09:01:00","1","60","ALL_TICKETS_USED","AT_TICKET_DESTINATION"
"SYN000463","SYNTHETIC","ETM_STYLE","2026-09-22","23212","101 R","5022","Regular","2026-09-22_5022","morning","2026-09-22T07:51:00","9513","Vaanagaram","10","7450","Ellaiamman Kovil","53","2026-09-22T07:51:00","2026-09-22T09:01:00","2","60","ALL_TICKETS_USED","AT_TICKET_DESTINATION"
"SYN000464","SYNTHETIC","ETM_STYLE","2026-09-22","23212","101 R","5022","Regular","2026-09-22_5022","morning","2026-09-22T07:46:00","9519","Velappanchavadi","8","6936","Kalmandapam Police Station","43","2026-09-22T07:46:00","2026-09-22T08:47:00","2","60","ALL_TICKETS_USED","AT_TICKET_DESTINATION"
"SYN000465","SYNTHETIC","ETM_STYLE","2026-09-22","23212","101 R","5022","Regular","2026-09-22_5022","morning","2026-09-22T07:38:00","10238","Poonamallee Municipality Or Kumananchavadi","5","6936","Kalmandapam Police Station","43","2026-09-22T07:38:00","2026-09-22T08:47:00","1","60","ALL_TICKETS_USED","AT_TICKET_DESTINATION"
"SYN000466","SYNTHETIC","CHENNAI_ONE_STYLE","2026-09-22","23212","101 R","5022","Regular","2026-09-22_5022","morning","2026-09-22T07:40:00","9536","Maduravoyal","12","6936","Kalmandapam Police Station","43","2026-09-22T07:54:00","2026-09-22T08:47:00","2","60","ALL_TICKETS_USED","AT_TICKET_DESTINATION"
"SYN000467","SYNTHETIC","ETM_STYLE","2026-09-22","23212","101 R","5013","Regular","2026-09-22_5013","afternoon","2026-09-22T14:07:00","6936","Kalmandapam Police Station","43","7487","Thiruvotriyur Temple","55","2026-09-22T14:07:00","2026-09-22T14:23:00","1","60","ALL_TICKETS_USED","AT_TICKET_DESTINATION"
"SYN000468","SYNTHETIC","CHENNAI_ONE_STYLE","2026-09-22","23212","101 R","5013","Regular","2026-09-22_5013","afternoon","2026-09-22T14:07:00","5536","Thangal Tollgate","50","7508","Thiruvottiyur Market","56","2026-09-22T14:17:00","2026-09-22T14:24:00","1","60","ALL_TICKETS_USED","AT_TICKET_DESTINATION"
"SYN000469","SYNTHETIC","ETM_STYLE","2026-09-22","23212","101 R","5013","Regular","2026-09-22_5013","afternoon","2026-09-22T13:11:00","9513","Vaanagaram","10","10269","Maduravoyal Erikarai","11","2026-09-22T13:11:00","2026-09-22T13:13:00","1","60","ALL_TICKETS_USED","AT_TICKET_DESTINATION"
"SYN000470","SYNTHETIC","CHENNAI_ONE_STYLE","2026-09-22","23212","101 R","5013","Regular","2026-09-22_5013","afternoon","2026-09-22T12:55:00","9428","Kallarai","3","9519","Velappanchavadi","8","2026-09-22T12:55:00","2026-09-22T13:06:00","2","60","ALL_TICKETS_USED","AT_TICKET_DESTINATION"
"SYN000471","SYNTHETIC","ETM_STYLE","2026-09-22","23212","101 R","5013","Regular","2026-09-22_5013","afternoon","2026-09-22T14:19:00","7403","Raja Kaladi","52","7577","Thiruvottriyur Bus Stand","59","2026-09-22T14:19:00","2026-09-22T14:27:00","1","60","ALL_TICKETS_USED","AT_TICKET_DESTINATION"
"SYN000472","SYNTHETIC","ETM_STYLE","2026-09-22","23212","101 R","5013","Regular","2026-09-22_5013","afternoon","2026-09-22T13:26:00","9628","Rohini Theatre","18","10316","Payaigada Evening Bazar Road","34","2026-09-22T13:26:00","2026-09-22T13:53:00","2","60","ALL_TICKETS_USED","AT_TICKET_DESTINATION"
"SYN000473","SYNTHETIC","ETM_STYLE","2026-09-22","23212","101 R","5013","Regular","2026-09-22_5013","afternoon","2026-09-22T13:41:00","9671","Sangam Theatre","29","7480","Theradi","54","2026-09-22T13:41:00","2026-09-22T14:22:00","2","60","ALL_TICKETS_USED","AT_TICKET_DESTINATION"
"SYN000474","SYNTHETIC","CHENNAI_ONE_STYLE","2026-09-22","23212","101 R","5013","Regular","2026-09-22_5013","afternoon","2026-09-22T13:52:00","9782","High Court","36","6780","Thambu Chetty Street","41","2026-09-22T13:57:00","2026-09-22T14:03:00","1","60","ALL_TICKETS_USED","AT_TICKET_DESTINATION"
"SYN000475","SYNTHETIC","ETM_STYLE","2026-09-22","23212","101 R","5013","Regular","2026-09-22_5013","afternoon","2026-09-22T14:02:00","6758","Clive Battery","40","6936","Kalmandapam Police Station","43","2026-09-22T14:02:00","2026-09-22T14:07:00","1","60","ALL_TICKETS_USED","AT_TICKET_DESTINATION"
"SYN000476","SYNTHETIC","ETM_STYLE","2026-09-22","23212","101 R","5013","Regular","2026-09-22_5013","afternoon","2026-09-22T13:23:00","9594","Nerkundram","16","10539","Thiruvottiyur Ajax Bus Depot","58","2026-09-22T13:23:00","2026-09-22T14:26:00","1","60","ALL_TICKETS_USED","AT_TICKET_DESTINATION"
"SYN000477","SYNTHETIC","CHENNAI_ONE_STYLE","2026-09-22","23212","101 R","5013","Regular","2026-09-22_5013","afternoon","2026-09-22T14:05:00","6936","Kalmandapam Police Station","43","11087","Surya Narayana Road","46","2026-09-22T14:07:00","2026-09-22T14:10:00","1","60","ALL_TICKETS_USED","AT_TICKET_DESTINATION"
"SYN000478","SYNTHETIC","ETM_STYLE","2026-09-22","23212","101 R","5013","Regular","2026-09-22_5013","afternoon","2026-09-22T13:27:00","10293","Arumbakkam P.H Road","19","7292","Anna Nagar","49","2026-09-22T13:27:00","2026-09-22T14:13:00","2","60","ALL_TICKETS_USED","AT_TICKET_DESTINATION"
"SYN000479","SYNTHETIC","ETM_STYLE","2026-09-22","23212","101 R","5013","Regular","2026-09-22_5013","afternoon","2026-09-22T13:29:00","9638","Dg Vaishnava College","21","9863","Collector Office","39","2026-09-22T13:29:00","2026-09-22T14:01:00","2","60","ALL_TICKETS_USED","AT_TICKET_DESTINATION"
"SYN000480","SYNTHETIC","CHENNAI_ONE_STYLE","2026-09-22","23212","101 R","5015","Regular","2026-09-22_5015","evening","2026-09-22T17:09:00","9519","Velappanchavadi","8","7189","Nagara Thottam","48","2026-09-22T17:21:00","2026-09-22T18:27:00","2","60","ALL_TICKETS_USED","AT_TICKET_DESTINATION"
"SYN000481","SYNTHETIC","ETM_STYLE","2026-09-22","23212","101 R","5015","Regular","2026-09-22_5015","evening","2026-09-22T17:40:00","9615","Mettukulam","17","7531","Vellayan Chettiyar School","57","2026-09-22T17:40:00","2026-09-22T18:40:00","1","60","ALL_TICKETS_USED","AT_TICKET_DESTINATION"
"SYN000482","SYNTHETIC","CHENNAI_ONE_STYLE","2026-09-22","23212","101 R","5015","Regular","2026-09-22_5015","evening","2026-09-22T17:14:00","9500","Acs Medical College","7","7450","Ellaiamman Kovil","53","2026-09-22T17:18:00","2026-09-22T18:36:00","1","60","ALL_TICKETS_USED","AT_TICKET_DESTINATION"
"SYN000483","SYNTHETIC","ETM_STYLE","2026-09-22","23212","101 R","5015","Regular","2026-09-22_5015","evening","2026-09-22T17:05:00","9440","Poonamallee","1","10424","Kalaimagal Vidyalaya Or Esso","44","2026-09-22T17:05:00","2026-09-22T18:23:00","1","60","ALL_TICKETS_USED","AT_TICKET_DESTINATION"
"SYN000484","SYNTHETIC","ETM_STYLE","2026-09-22","23212","101 R","5015","Regular","2026-09-22_5015","evening","2026-09-22T17:21:00","9519","Velappanchavadi","8","7378","Thangal","51","2026-09-22T17:21:00","2026-09-22T18:33:00","1","60","ALL_TICKETS_USED","AT_TICKET_DESTINATION"
"SYN000485","SYNTHETIC","ETM_STYLE","2026-09-22","23212","101 R","5015","Regular","2026-09-22_5015","evening","2026-09-22T17:08:00","9436","Poonamallee Government Hospital","2","7480","Theradi","54","2026-09-22T17:08:00","2026-09-22T18:37:00","1","60","ALL_TICKETS_USED","AT_TICKET_DESTINATION"
"SYN000486","SYNTHETIC","ETM_STYLE","2026-09-22","23212","101 R","5015","Regular","2026-09-22_5015","evening","2026-09-22T17:33:00","9581","Vengaya Mandi","15","7189","Nagara Thottam","48","2026-09-22T17:33:00","2026-09-22T18:27:00","2","60","ALL_TICKETS_USED","AT_TICKET_DESTINATION"
"SYN000487","SYNTHETIC","CHENNAI_ONE_STYLE","2026-09-22","23212","101 R","5015","Regular","2026-09-22_5015","evening","2026-09-22T17:15:00","9519","Velappanchavadi","8","6936","Kalmandapam Police Station","43","2026-09-22T17:21:00","2026-09-22T18:22:00","1","60","ALL_TICKETS_USED","AT_TICKET_DESTINATION"
"SYN000488","SYNTHETIC","CHENNAI_ONE_STYLE","2026-09-22","23212","101 R","5015","Regular","2026-09-22_5015","evening","2026-09-22T17:24:00","9581","Vengaya Mandi","15","7403","Raja Kaladi","52","2026-09-22T17:33:00","2026-09-22T18:34:00","1","60","ALL_TICKETS_USED","AT_TICKET_DESTINATION"
"SYN000489","SYNTHETIC","ETM_STYLE","2026-09-22","23212","101 R","5015","Regular","2026-09-22_5015","evening","2026-09-22T17:31:00","9566","Maduravoyal Ration Shop","14","10539","Thiruvottiyur Ajax Bus Depot","58","2026-09-22T17:31:00","2026-09-22T18:41:00","2","60","ALL_TICKETS_USED","AT_TICKET_DESTINATION"
"SYN000490","SYNTHETIC","CHENNAI_ONE_STYLE","2026-09-22","23212","101 R","5015","Regular","2026-09-22_5015","evening","2026-09-22T17:17:00","9519","Velappanchavadi","8","6936","Kalmandapam Police Station","43","2026-09-22T17:21:00","2026-09-22T18:22:00","1","60","ALL_TICKETS_USED","AT_TICKET_DESTINATION"
"SYN000491","SYNTHETIC","ETM_STYLE","2026-09-22","23212","101 R","5015","Regular","2026-09-22_5015","evening","2026-09-22T17:33:00","9581","Vengaya Mandi","15","5536","Thangal Tollgate","50","2026-09-22T17:33:00","2026-09-22T18:32:00","2","60","ALL_TICKETS_USED","AT_TICKET_DESTINATION"
"SYN000492","SYNTHETIC","CHENNAI_ONE_STYLE","2026-09-22","23212","101 R","5015","Regular","2026-09-22_5015","evening","2026-09-22T17:30:00","9542","Maduravoyal Post Office","13","7531","Vellayan Chettiyar School","57","2026-09-22T17:30:00","2026-09-22T18:40:00","1","60","ALL_TICKETS_USED","AT_TICKET_DESTINATION"
"SYN000493","SYNTHETIC","ETM_STYLE","2026-09-22","23212","101 R","5015","Regular","2026-09-22_5015","evening","2026-09-22T17:10:00","9428","Kallarai","3","7083","Kasimedu","47","2026-09-22T17:10:00","2026-09-22T18:26:00","2","60","ALL_TICKETS_USED","AT_TICKET_DESTINATION"
"SYN000494","SYNTHETIC","ETM_STYLE","2026-09-22","23212","101 R","5015","Regular","2026-09-22_5015","evening","2026-09-22T17:28:00","10269","Maduravoyal Erikarai","11","7378","Thangal","51","2026-09-22T17:28:00","2026-09-22T18:33:00","1","60","ALL_TICKETS_USED","AT_TICKET_DESTINATION"
"SYN000495","SYNTHETIC","CHENNAI_ONE_STYLE","2026-09-22","23212","101 R","5015","Regular","2026-09-22_5015","evening","2026-09-22T17:17:00","9500","Acs Medical College","7","7083","Kasimedu","47","2026-09-22T17:18:00","2026-09-22T18:26:00","1","60","ALL_TICKETS_USED","AT_TICKET_DESTINATION"
"SYN000496","SYNTHETIC","ETM_STYLE","2026-09-22","23212","101 R","5015","Regular","2026-09-22_5015","evening","2026-09-22T17:38:00","9594","Nerkundram","16","5536","Thangal Tollgate","50","2026-09-22T17:38:00","2026-09-22T18:32:00","1","60","ALL_TICKETS_USED","AT_TICKET_DESTINATION"
"SYN000497","SYNTHETIC","ETM_STYLE","2026-09-22","23212","101 R","5015","Regular","2026-09-22_5015","evening","2026-09-22T17:42:00","10293","Arumbakkam P.H Road","19","11087","Surya Narayana Road","46","2026-09-22T17:42:00","2026-09-22T18:25:00","1","60","ALL_TICKETS_USED","AT_TICKET_DESTINATION"
"SYN000498","SYNTHETIC","ETM_STYLE","2026-09-22","23212","101 R","5015","Regular","2026-09-22_5015","evening","2026-09-22T17:26:00","9513","Vaanagaram","10","5536","Thangal Tollgate","50","2026-09-22T17:26:00","2026-09-22T18:32:00","1","60","ALL_TICKETS_USED","AT_TICKET_DESTINATION"
"SYN000499","SYNTHETIC","CHENNAI_ONE_STYLE","2026-09-22","23212","101 R","5015","Regular","2026-09-22_5015","evening","2026-09-22T17:38:00","9615","Mettukulam","17","10424","Kalaimagal Vidyalaya Or Esso","44","2026-09-22T17:40:00","2026-09-22T18:23:00","1","60","ALL_TICKETS_USED","AT_TICKET_DESTINATION"
"SYN000500","SYNTHETIC","ETM_STYLE","2026-09-22","23212","101 R","5015","Regular","2026-09-22_5015","evening","2026-09-22T17:16:00","9457","Saveetha Hospital","6","7189","Nagara Thottam","48","2026-09-22T17:16:00","2026-09-22T18:27:00","1","60","ALL_TICKETS_USED","AT_TICKET_DESTINATION"
"SYN000501","SYNTHETIC","CHENNAI_ONE_STYLE","2026-09-22","23212","101 R","5015","Regular","2026-09-22_5015","evening","2026-09-22T17:24:00","9594","Nerkundram","16","11087","Surya Narayana Road","46","2026-09-22T17:38:00","2026-09-22T18:25:00","1","60","ALL_TICKETS_USED","AT_TICKET_DESTINATION"
"SYN000502","SYNTHETIC","CHENNAI_ONE_STYLE","2026-09-22","23212","101 R","5015","Regular","2026-09-22_5015","evening","2026-09-22T17:10:00","9525","Kumar Theatre","9","6780","Thambu Chetty Street","41","2026-09-22T17:24:00","2026-09-22T18:18:00","1","60","ALL_TICKETS_USED","AT_TICKET_DESTINATION"
"SYN000503","SYNTHETIC","ETM_STYLE","2026-09-22","23212","101 R","5015","Regular","2026-09-22_5015","evening","2026-09-22T17:31:00","9566","Maduravoyal Ration Shop","14","7508","Thiruvottiyur Market","56","2026-09-22T17:31:00","2026-09-22T18:39:00","3","60","ALL_TICKETS_USED","AT_TICKET_DESTINATION"
"SYN000504","SYNTHETIC","ETM_STYLE","2026-09-22","23212","101 R","5015","Regular","2026-09-22_5015","evening","2026-09-22T17:42:00","10293","Arumbakkam P.H Road","19","7450","Ellaiamman Kovil","53","2026-09-22T17:42:00","2026-09-22T18:36:00","1","60","ALL_TICKETS_USED","AT_TICKET_DESTINATION"
"SYN000505","SYNTHETIC","ETM_STYLE","2026-09-22","23212","101 R","5015","Regular","2026-09-22_5015","evening","2026-09-22T17:26:00","9513","Vaanagaram","10","7508","Thiruvottiyur Market","56","2026-09-22T17:26:00","2026-09-22T18:39:00","1","60","ALL_TICKETS_USED","AT_TICKET_DESTINATION"
"SYN000506","SYNTHETIC","ETM_STYLE","2026-09-22","23212","101 R","5015","Regular","2026-09-22_5015","evening","2026-09-22T17:42:00","10293","Arumbakkam P.H Road","19","7403","Raja Kaladi","52","2026-09-22T17:42:00","2026-09-22T18:34:00","1","60","ALL_TICKETS_USED","AT_TICKET_DESTINATION"
"SYN000507","SYNTHETIC","ETM_STYLE","2026-09-22","23212","101 R","5015","Regular","2026-09-22_5015","evening","2026-09-22T17:33:00","9581","Vengaya Mandi","15","7487","Thiruvotriyur Temple","55","2026-09-22T17:33:00","2026-09-22T18:38:00","1","60","ALL_TICKETS_USED","AT_TICKET_DESTINATION"
"SYN000508","SYNTHETIC","CHENNAI_ONE_STYLE","2026-09-22","23212","101 R","5015","Regular","2026-09-22_5015","evening","2026-09-22T17:30:00","9581","Vengaya Mandi","15","10539","Thiruvottiyur Ajax Bus Depot","58","2026-09-22T17:33:00","2026-09-22T18:41:00","3","60","ALL_TICKETS_USED","AT_TICKET_DESTINATION"
"SYN000509","SYNTHETIC","ETM_STYLE","2026-09-22","23212","101 R","5015","Regular","2026-09-22_5015","evening","2026-09-22T17:10:00","9428","Kallarai","3","7480","Theradi","54","2026-09-22T17:10:00","2026-09-22T18:37:00","1","60","ALL_TICKETS_USED","AT_TICKET_DESTINATION"
"SYN000510","SYNTHETIC","CHENNAI_ONE_STYLE","2026-09-22","23212","101 R","5015","Regular","2026-09-22_5015","evening","2026-09-22T17:25:00","9566","Maduravoyal Ration Shop","14","7292","Anna Nagar","49","2026-09-22T17:31:00","2026-09-22T18:28:00","2","60","ALL_TICKETS_USED","AT_TICKET_DESTINATION"
"SYN000511","SYNTHETIC","ETM_STYLE","2026-09-22","23212","101 R","71785","Regular","2026-09-22_71785","night","2026-09-22T23:23:00","54","Hotel Everest","32","9776","Flower Bazzar","35","2026-09-22T23:23:00","2026-09-22T23:31:00","2","60","ALL_TICKETS_USED","AT_TICKET_DESTINATION"
"SYN000512","SYNTHETIC","ETM_STYLE","2026-09-22","23212","101 R","71785","Regular","2026-09-22_71785","night","2026-09-22T23:06:00","9638","Dg Vaishnava College","21","9642","Taylors Road","26","2026-09-22T23:06:00","2026-09-22T23:14:00","1","60","ALL_TICKETS_USED","AT_TICKET_DESTINATION"
"SYN000513","SYNTHETIC","CHENNAI_ONE_STYLE","2026-09-22","23212","101 R","71785","Regular","2026-09-22_71785","night","2026-09-22T22:57:00","9638","Dg Vaishnava College","21","9863","Collector Office","39","2026-09-22T23:06:00","2026-09-22T23:38:00","1","60","ALL_TICKETS_USED","AT_TICKET_DESTINATION"
"SYN000514","SYNTHETIC","ETM_STYLE","2026-09-22","23212","101 R","71785","Regular","2026-09-22_71785","night","2026-09-22T22:40:00","9500","Acs Medical College","7","7403","Raja Kaladi","52","2026-09-22T22:40:00","2026-09-22T23:56:00","1","60","ALL_TICKETS_USED","AT_TICKET_DESTINATION"
"SYN000515","SYNTHETIC","ETM_STYLE","2026-09-22","23212","101 R","71785","Regular","2026-09-22_71785","night","2026-09-22T22:55:00","9581","Vengaya Mandi","15","9659","Kmc Hospital","27","2026-09-22T22:55:00","2026-09-22T23:16:00","1","60","ALL_TICKETS_USED","AT_TICKET_DESTINATION"
"SYN000516","SYNTHETIC","ETM_STYLE","2026-09-22","23212","101 R","71785","Regular","2026-09-22_71785","night","2026-09-22T23:19:00","9672","Dasaprakash","30","10424","Kalaimagal Vidyalaya Or Esso","44","2026-09-22T23:19:00","2026-09-22T23:45:00","1","60","ALL_TICKETS_USED","AT_TICKET_DESTINATION"
"SYN000517","SYNTHETIC","CHENNAI_ONE_STYLE","2026-09-22","23212","101 R","71785","Regular","2026-09-22_71785","night","2026-09-22T23:23:00","9776","Flower Bazzar","35","7480","Theradi","54","2026-09-22T23:31:00","2026-09-22T23:59:00","3","60","ALL_TICKETS_USED","AT_TICKET_DESTINATION"
"SYN000518","SYNTHETIC","ETM_STYLE","2026-09-22","23212","101 R","71785","Regular","2026-09-22_71785","night","2026-09-22T23:11:00","5792","Aminjikarai","23","7083","Kasimedu","47","2026-09-22T23:11:00","2026-09-22T23:48:00","1","60","ALL_TICKETS_USED","AT_TICKET_DESTINATION"
"SYN000519","SYNTHETIC","CHENNAI_ONE_STYLE","2026-09-22","23212","101 R","71785","Regular","2026-09-22_71785","night","2026-09-22T23:18:00","9672","Dasaprakash","30","9805","Parrys Corner","37","2026-09-22T23:19:00","2026-09-22T23:36:00","1","60","ALL_TICKETS_USED","AT_TICKET_DESTINATION"
"SYN000520","SYNTHETIC","ETM_STYLE","2026-09-22","23212","101 R","71785","Regular","2026-09-22_71785","night","2026-09-22T22:38:00","9457","Saveetha Hospital","6","11087","Surya Narayana Road","46","2026-09-22T22:38:00","2026-09-22T23:47:00","1","60","ALL_TICKETS_USED","AT_TICKET_DESTINATION"
"SYN000521","SYNTHETIC","ETM_STYLE","2026-09-22","23212","101 R","71785","Regular","2026-09-22_71785","night","2026-09-22T22:53:00","9566","Maduravoyal Ration Shop","14","9671","Sangam Theatre","29","2026-09-22T22:53:00","2026-09-22T23:18:00","1","60","ALL_TICKETS_USED","AT_TICKET_DESTINATION"
"SYN000522","SYNTHETIC","ETM_STYLE","2026-09-22","23212","101 R","71785","Regular","2026-09-22_71785","night","2026-09-22T23:12:00","9626","Aminjikarai Market","24","10539","Thiruvottiyur Ajax Bus Depot","58","2026-09-22T23:12:00","2026-09-23T00:03:00","1","60","ALL_TICKETS_USED","AT_TICKET_DESTINATION"
"SYN000523","SYNTHETIC","ETM_STYLE","2026-09-22","24079","102","108712","Regular","2026-09-22_108712","morning","2026-09-22T09:33:00","11192","Annasquare","6","6420","Kumaran Nagar","37","2026-09-22T09:33:00","2026-09-22T10:26:00","1","60","ALL_TICKETS_USED","AT_TICKET_DESTINATION"
"SYN000524","SYNTHETIC","CHENNAI_ONE_STYLE","2026-09-22","24079","102","108712","Regular","2026-09-22_108712","morning","2026-09-22T09:25:00","9782","High Court","2","6403","Satyabhama University","38","2026-09-22T09:27:00","2026-09-22T10:28:00","1","60","ALL_TICKETS_USED","AT_TICKET_DESTINATION"
"SYN000525","SYNTHETIC","CHENNAI_ONE_STYLE","2026-09-22","24079","102","108712","Regular","2026-09-22_108712","morning","2026-09-22T09:17:00","11159","Island ground Terminus","1","9974","Navalur","41","2026-09-22T09:20:00","2026-09-22T10:33:00","1","60","ALL_TICKETS_USED","AT_TICKET_DESTINATION"
"SYN000526","SYNTHETIC","ETM_STYLE","2026-09-22","24079","102","108712","Regular","2026-09-22_108712","morning","2026-09-22T09:20:00","11159","Island ground Terminus","1","6150","Hindustan College","48","2026-09-22T09:20:00","2026-09-22T10:41:00","2","60","ALL_TICKETS_USED","AT_TICKET_DESTINATION"
"SYN000527","SYNTHETIC","ETM_STYLE","2026-09-22","24079","102","108712","Regular","2026-09-22_108712","morning","2026-09-22T09:38:00","5916","Vivekananda House","9","6198","Kazhipattur","45","2026-09-22T09:38:00","2026-09-22T10:38:00","1","60","ALL_TICKETS_USED","AT_TICKET_DESTINATION"
"SYN000528","SYNTHETIC","ETM_STYLE","2026-09-22","24079","102","108712","Regular","2026-09-22_108712","morning","2026-09-22T09:38:00","5916","Vivekananda House","9","6198","Kazhipattur","45","2026-09-22T09:38:00","2026-09-22T10:38:00","2","60","ALL_TICKETS_USED","AT_TICKET_DESTINATION"
"SYN000529","SYNTHETIC","CHENNAI_ONE_STYLE","2026-09-22","24079","102","108712","Regular","2026-09-22_108712","morning","2026-09-22T09:40:00","5760","Adyar Signal","17","6157","Padur","47","2026-09-22T09:51:00","2026-09-22T10:40:00","1","60","ALL_TICKETS_USED","AT_TICKET_DESTINATION"
"SYN000530","SYNTHETIC","CHENNAI_ONE_STYLE","2026-09-22","24079","102","108712","Regular","2026-09-22_108712","morning","2026-09-22T09:26:00","11192","Annasquare","6","6420","Kumaran Nagar","37","2026-09-22T09:33:00","2026-09-22T10:26:00","1","60","ALL_TICKETS_USED","AT_TICKET_DESTINATION"
"SYN000531","SYNTHETIC","ETM_STYLE","2026-09-22","24079","102","108712","Regular","2026-09-22_108712","morning","2026-09-22T09:38:00","5916","Vivekananda House","9","6269","Egattur","42","2026-09-22T09:38:00","2026-09-22T10:35:00","1","60","ALL_TICKETS_USED","AT_TICKET_DESTINATION"
"SYN000532","SYNTHETIC","CHENNAI_ONE_STYLE","2026-09-22","24079","102","108712","Regular","2026-09-22_108712","morning","2026-09-22T09:46:00","5760","Adyar Signal","17","6157","Padur","47","2026-09-22T09:51:00","2026-09-22T10:40:00","1","60","ALL_TICKETS_USED","AT_TICKET_DESTINATION"
"SYN000533","SYNTHETIC","ETM_STYLE","2026-09-22","24079","102","108712","Regular","2026-09-22_108712","morning","2026-09-22T09:51:00","5760","Adyar Signal","17","6403","Satyabhama University","38","2026-09-22T09:51:00","2026-09-22T10:28:00","3","60","ALL_TICKETS_USED","AT_TICKET_DESTINATION"
"SYN000534","SYNTHETIC","CHENNAI_ONE_STYLE","2026-09-22","24079","102","108712","Regular","2026-09-22_108712","morning","2026-09-22T09:23:00","5916","Vivekananda House","9","9966","It Park Siruseri Or Muttukadu","43","2026-09-22T09:38:00","2026-09-22T10:36:00","2","60","ALL_TICKETS_USED","AT_TICKET_DESTINATION"
"SYN000535","SYNTHETIC","CHENNAI_ONE_STYLE","2026-09-22","24079","102","108712","Regular","2026-09-22_108712","morning","2026-09-22T09:46:00","9128","Mrc Nagar","14","6150","Hindustan College","48","2026-09-22T09:47:00","2026-09-22T10:41:00","2","60","ALL_TICKETS_USED","AT_TICKET_DESTINATION"
"SYN000536","SYNTHETIC","ETM_STYLE","2026-09-22","24079","102","108712","Regular","2026-09-22_108712","morning","2026-09-22T09:45:00","9158","Foreshore Estate Bus Terminus","13","6358","Semmancheri","39","2026-09-22T09:45:00","2026-09-22T10:31:00","2","60","ALL_TICKETS_USED","AT_TICKET_DESTINATION"
"SYN000537","SYNTHETIC","CHENNAI_ONE_STYLE","2026-09-22","24079","102","108712","Regular","2026-09-22_108712","morning","2026-09-22T09:38:00","9262","Santhome Church","12","9974","Navalur","41","2026-09-22T09:42:00","2026-09-22T10:33:00","1","60","ALL_TICKETS_USED","AT_TICKET_DESTINATION"
"SYN000538","SYNTHETIC","CHENNAI_ONE_STYLE","2026-09-22","24079","102","108712","Regular","2026-09-22_108712","morning","2026-09-22T09:38:00","9262","Santhome Church","12","6358","Semmancheri","39","2026-09-22T09:42:00","2026-09-22T10:31:00","1","60","ALL_TICKETS_USED","AT_TICKET_DESTINATION"
"SYN000539","SYNTHETIC","CHENNAI_ONE_STYLE","2026-09-22","24079","102","108712","Regular","2026-09-22_108712","morning","2026-09-22T09:33:00","11192","Annasquare","6","9966","It Park Siruseri Or Muttukadu","43","2026-09-22T09:33:00","2026-09-22T10:36:00","1","60","ALL_TICKETS_USED","AT_TICKET_DESTINATION"
"SYN000540","SYNTHETIC","ETM_STYLE","2026-09-22","24079","102","108712","Regular","2026-09-22_108712","morning","2026-09-22T09:45:00","9158","Foreshore Estate Bus Terminus","13","6179","Akshaya Padur","46","2026-09-22T09:45:00","2026-09-22T10:39:00","1","60","ALL_TICKETS_USED","AT_TICKET_DESTINATION"
"SYN000541","SYNTHETIC","ETM_STYLE","2026-09-22","24079","102","108712","Regular","2026-09-22_108712","morning","2026-09-22T09:27:00","9782","High Court","2","9974","Navalur","41","2026-09-22T09:27:00","2026-09-22T10:33:00","1","60","ALL_TICKETS_USED","AT_TICKET_DESTINATION"
"SYN000542","SYNTHETIC","ETM_STYLE","2026-09-22","24079","102","108712","Regular","2026-09-22_108712","morning","2026-09-22T09:41:00","9318","Nochikuppam","11","6269","Egattur","42","2026-09-22T09:41:00","2026-09-22T10:35:00","3","60","ALL_TICKETS_USED","AT_TICKET_DESTINATION"
"SYN000543","SYNTHETIC","CHENNAI_ONE_STYLE","2026-09-22","24079","102","108712","Regular","2026-09-22_108712","morning","2026-09-22T09:44:00","5760","Adyar Signal","17","6314","Ags Complex Navalur","40","2026-09-22T09:51:00","2026-09-22T10:32:00","3","60","ALL_TICKETS_USED","AT_TICKET_DESTINATION"
"SYN000544","SYNTHETIC","ETM_STYLE","2026-09-22","24079","102","108712","Regular","2026-09-22_108712","morning","2026-09-22T09:42:00","9262","Santhome Church","12","6125","Kelambakkam V A O Office","50","2026-09-22T09:42:00","2026-09-22T10:43:00","1","60","ALL_TICKETS_USED","AT_TICKET_DESTINATION"
"SYN000545","SYNTHETIC","ETM_STYLE","2026-09-22","24079","102","108712","Regular","2026-09-22_108712","morning","2026-09-22T09:32:00","5932","War Memorial","5","10012","Government School Shozhinganallur","35","2026-09-22T09:32:00","2026-09-22T10:23:00","1","60","ALL_TICKETS_USED","AT_TICKET_DESTINATION"
"SYN000546","SYNTHETIC","CHENNAI_ONE_STYLE","2026-09-22","24079","102","108712","Regular","2026-09-22_108712","morning","2026-09-22T09:18:00","9782","High Court","2","6269","Egattur","42","2026-09-22T09:27:00","2026-09-22T10:35:00","1","60","ALL_TICKETS_USED","AT_TICKET_DESTINATION"
"SYN000547","SYNTHETIC","ETM_STYLE","2026-09-22","24079","102","108712","Regular","2026-09-22_108712","morning","2026-09-22T09:38:00","5916","Vivekananda House","9","6358","Semmancheri","39","2026-09-22T09:38:00","2026-09-22T10:31:00","1","60","ALL_TICKETS_USED","AT_TICKET_DESTINATION"
"SYN000548","SYNTHETIC","ETM_STYLE","2026-09-22","24079","102","108712","Regular","2026-09-22_108712","morning","2026-09-22T09:38:00","5916","Vivekananda House","9","6403","Satyabhama University","38","2026-09-22T09:38:00","2026-09-22T10:28:00","2","60","ALL_TICKETS_USED","AT_TICKET_DESTINATION"
"SYN000549","SYNTHETIC","CHENNAI_ONE_STYLE","2026-09-22","24079","102","108712","Regular","2026-09-22_108712","morning","2026-09-22T09:26:00","11192","Annasquare","6","9966","It Park Siruseri Or Muttukadu","43","2026-09-22T09:33:00","2026-09-22T10:36:00","1","60","ALL_TICKETS_USED","AT_TICKET_DESTINATION"
"SYN000550","SYNTHETIC","ETM_STYLE","2026-09-22","24079","102","108712","Regular","2026-09-22_108712","morning","2026-09-22T09:41:00","9318","Nochikuppam","11","6132","Chettinad Hospital","49","2026-09-22T09:41:00","2026-09-22T10:42:00","1","60","ALL_TICKETS_USED","AT_TICKET_DESTINATION"
"SYN000551","SYNTHETIC","CHENNAI_ONE_STYLE","2026-09-22","24079","102","108712","Regular","2026-09-22_108712","morning","2026-09-22T09:29:00","9262","Santhome Church","12","6454","Ponniamman Kovil","36","2026-09-22T09:42:00","2026-09-22T10:24:00","2","60","ALL_TICKETS_USED","AT_TICKET_DESTINATION"
"SYN000552","SYNTHETIC","ETM_STYLE","2026-09-22","24079","102","108712","Regular","2026-09-22_108712","morning","2026-09-22T09:51:00","5760","Adyar Signal","17","9974","Navalur","41","2026-09-22T09:51:00","2026-09-22T10:33:00","1","60","ALL_TICKETS_USED","AT_TICKET_DESTINATION"
"SYN000553","SYNTHETIC","ETM_STYLE","2026-09-22","24079","102","108712","Regular","2026-09-22_108712","morning","2026-09-22T09:33:00","11192","Annasquare","6","6179","Akshaya Padur","46","2026-09-22T09:33:00","2026-09-22T10:39:00","3","60","ALL_TICKETS_USED","AT_TICKET_DESTINATION"
"SYN000554","SYNTHETIC","ETM_STYLE","2026-09-22","24079","102","108714","Regular","2026-09-22_108714","afternoon","2026-09-22T15:03:00","6403","Satyabhama University","38","6179","Akshaya Padur","46","2026-09-22T15:03:00","2026-09-22T15:14:00","3","60","ALL_TICKETS_USED","AT_TICKET_DESTINATION"
"SYN000555","SYNTHETIC","CHENNAI_ONE_STYLE","2026-09-22","24079","102","108714","Regular","2026-09-22_108714","afternoon","2026-09-22T15:10:00","6179","Akshaya Padur","46","6157","Padur","47","2026-09-22T15:14:00","2026-09-22T15:15:00","1","60","ALL_TICKETS_USED","AT_TICKET_DESTINATION"
"SYN000556","SYNTHETIC","ETM_STYLE","2026-09-22","24079","102","108714","Regular","2026-09-22_108714","afternoon","2026-09-22T14:51:00","6622","Kcg College","31","6579","Karapakkam","32","2026-09-22T14:51:00","2026-09-22T14:53:00","2","60","ALL_TICKETS_USED","AT_TICKET_DESTINATION"
"SYN000557","SYNTHETIC","ETM_STYLE","2026-09-22","24079","102","108714","Regular","2026-09-22_108714","afternoon","2026-09-22T14:53:00","6579","Karapakkam","32","6157","Padur","47","2026-09-22T14:53:00","2026-09-22T15:15:00","1","60","ALL_TICKETS_USED","AT_TICKET_DESTINATION"
"SYN000558","SYNTHETIC","ETM_STYLE","2026-09-22","24079","102","108714","Regular","2026-09-22_108714","afternoon","2026-09-22T14:48:00","10066","Ptc Quarters Or Mootakaran Chavadi","29","6125","Kelambakkam V A O Office","50","2026-09-22T14:48:00","2026-09-22T15:18:00","3","60","ALL_TICKETS_USED","AT_TICKET_DESTINATION"
"SYN000559","SYNTHETIC","ETM_STYLE","2026-09-22","24079","102","108714","Regular","2026-09-22_108714","afternoon","2026-09-22T14:16:00","9318","Nochikuppam","11","6314","Ags Complex Navalur","40","2026-09-22T14:16:00","2026-09-22T15:07:00","1","60","ALL_TICKETS_USED","AT_TICKET_DESTINATION"
"SYN000560","SYNTHETIC","ETM_STYLE","2026-09-22","24079","102","108714","Regular","2026-09-22_108714","afternoon","2026-09-22T14:28:00","5441","Kamarajar Avenue 2nd Street","18","8542","Kandanchavadi","24","2026-09-22T14:28:00","2026-09-22T14:40:00","1","60","ALL_TICKETS_USED","AT_TICKET_DESTINATION"
"SYN000561","SYNTHETIC","CHENNAI_ONE_STYLE","2026-09-22","24079","102","108714","Regular","2026-09-22_108714","afternoon","2026-09-22T14:56:00","9974","Navalur","41","6125","Kelambakkam V A O Office","50","2026-09-22T15:08:00","2026-09-22T15:18:00","1","60","ALL_TICKETS_USED","AT_TICKET_DESTINATION"
"SYN000562","SYNTHETIC","CHENNAI_ONE_STYLE","2026-09-22","24079","102","108714","Regular","2026-09-22_108714","afternoon","2026-09-22T14:37:00","8323","Mettukuppam","28","9974","Navalur","41","2026-09-22T14:47:00","2026-09-22T15:08:00","1","60","ALL_TICKETS_USED","AT_TICKET_DESTINATION"
"SYN000563","SYNTHETIC","ETM_STYLE","2026-09-22","24079","102","108714","Regular","2026-09-22_108714","afternoon","2026-09-22T14:26:00","5760","Adyar Signal","17","8924","Shasthri Nagar","19","2026-09-22T14:26:00","2026-09-22T14:30:00","1","60","ALL_TICKETS_USED","AT_TICKET_DESTINATION"
"SYN000564","SYNTHETIC","ETM_STYLE","2026-09-22","24079","102","108714","Regular","2026-09-22_108714","afternoon","2026-09-22T15:16:00","6150","Hindustan College","48","6099","Kelambakkam Bus Terminal","51","2026-09-22T15:16:00","2026-09-22T15:20:00","2","60","ALL_TICKETS_USED","AT_TICKET_DESTINATION"
"SYN000565","SYNTHETIC","CHENNAI_ONE_STYLE","2026-09-22","24079","102","108714","Regular","2026-09-22_108714","afternoon","2026-09-22T14:58:00","6198","Kazhipattur","45","6157","Padur","47","2026-09-22T15:13:00","2026-09-22T15:15:00","2","60","ALL_TICKETS_USED","AT_TICKET_DESTINATION"
"SYN000566","SYNTHETIC","ETM_STYLE","2026-09-22","24079","102","108714","Regular","2026-09-22_108714","afternoon","2026-09-22T14:33:00","5914","Jayanthi Theatre","20","6622","Kcg College","31","2026-09-22T14:33:00","2026-09-22T14:51:00","2","60","ALL_TICKETS_USED","AT_TICKET_DESTINATION"
"SYN000567","SYNTHETIC","CHENNAI_ONE_STYLE","2026-09-22","24079","102","108716","Regular","2026-09-22_108716","evening","2026-09-22T18:55:00","9158","Foreshore Estate Bus Terminus","13","10012","Government School Shozhinganallur","35","2026-09-22T19:10:00","2026-09-22T19:48:00","1","60","ALL_TICKETS_USED","AT_TICKET_DESTINATION"
"SYN000568","SYNTHETIC","ETM_STYLE","2026-09-22","24079","102","108716","Regular","2026-09-22_108716","evening","2026-09-22T19:13:00","10814","Music College Annamalai Puram","15","6403","Satyabhama University","38","2026-09-22T19:13:00","2026-09-22T19:53:00","1","60","ALL_TICKETS_USED","AT_TICKET_DESTINATION"
"SYN000569","SYNTHETIC","ETM_STYLE","2026-09-22","24079","102","108716","Regular","2026-09-22_108716","evening","2026-09-22T18:57:00","5932","War Memorial","5","6198","Kazhipattur","45","2026-09-22T18:57:00","2026-09-22T20:03:00","1","60","ALL_TICKETS_USED","AT_TICKET_DESTINATION"
"SYN000570","SYNTHETIC","CHENNAI_ONE_STYLE","2026-09-22","24079","102","108716","Regular","2026-09-22_108716","evening","2026-09-22T18:55:00","5916","Vivekananda House","9","6150","Hindustan College","48","2026-09-22T19:03:00","2026-09-22T20:06:00","1","60","ALL_TICKETS_USED","AT_TICKET_DESTINATION"
"SYN000571","SYNTHETIC","ETM_STYLE","2026-09-22","24079","102","108716","Regular","2026-09-22_108716","evening","2026-09-22T19:06:00","9318","Nochikuppam","11","6225","Vaniyanchavadi Padma Adarsh School","44","2026-09-22T19:06:00","2026-09-22T20:02:00","2","60","ALL_TICKETS_USED","AT_TICKET_DESTINATION"
"SYN000572","SYNTHETIC","CHENNAI_ONE_STYLE","2026-09-22","24079","102","108716","Regular","2026-09-22_108716","evening","2026-09-22T18:55:00","5916","Vivekananda House","9","6125","Kelambakkam V A O Office","50","2026-09-22T19:03:00","2026-09-22T20:08:00","1","60","ALL_TICKETS_USED","AT_TICKET_DESTINATION"
"SYN000573","SYNTHETIC","CHENNAI_ONE_STYLE","2026-09-22","24079","102","108716","Regular","2026-09-22_108716","evening","2026-09-22T19:03:00","9318","Nochikuppam","11","9966","It Park Siruseri Or Muttukadu","43","2026-09-22T19:06:00","2026-09-22T20:01:00","2","60","ALL_TICKETS_USED","AT_TICKET_DESTINATION"
"SYN000574","SYNTHETIC","CHENNAI_ONE_STYLE","2026-09-22","24079","102","108716","Regular","2026-09-22_108716","evening","2026-09-22T18:50:00","9783","Parrys Corner","3","6125","Kelambakkam V A O Office","50","2026-09-22T18:54:00","2026-09-22T20:08:00","2","60","ALL_TICKETS_USED","AT_TICKET_DESTINATION"
"SYN000575","SYNTHETIC","ETM_STYLE","2026-09-22","24079","102","108716","Regular","2026-09-22_108716","evening","2026-09-22T18:57:00","5932","War Memorial","5","6198","Kazhipattur","45","2026-09-22T18:57:00","2026-09-22T20:03:00","2","60","ALL_TICKETS_USED","AT_TICKET_DESTINATION"
"SYN000576","SYNTHETIC","CHENNAI_ONE_STYLE","2026-09-22","24079","102","108716","Regular","2026-09-22_108716","evening","2026-09-22T19:01:00","2601","Marina Beach","8","6179","Akshaya Padur","46","2026-09-22T19:01:00","2026-09-22T20:04:00","1","60","ALL_TICKETS_USED","AT_TICKET_DESTINATION"
"SYN000577","SYNTHETIC","CHENNAI_ONE_STYLE","2026-09-22","24079","102","108716","Regular","2026-09-22_108716","evening","2026-09-22T18:45:00","11192","Annasquare","6","6125","Kelambakkam V A O Office","50","2026-09-22T18:58:00","2026-09-22T20:08:00","2","60","ALL_TICKETS_USED","AT_TICKET_DESTINATION"
"SYN000578","SYNTHETIC","CHENNAI_ONE_STYLE","2026-09-22","24079","102","108716","Regular","2026-09-22_108716","evening","2026-09-22T18:42:00","5814","Secretariat","4","6403","Satyabhama University","38","2026-09-22T18:56:00","2026-09-22T19:53:00","1","60","ALL_TICKETS_USED","AT_TICKET_DESTINATION"
"SYN000579","SYNTHETIC","ETM_STYLE","2026-09-22","24079","102","108716","Regular","2026-09-22_108716","evening","2026-09-22T19:16:00","5760","Adyar Signal","17","6358","Semmancheri","39","2026-09-22T19:16:00","2026-09-22T19:56:00","2","60","ALL_TICKETS_USED","AT_TICKET_DESTINATION"
"SYN000580","SYNTHETIC","ETM_STYLE","2026-09-22","24079","102","108716","Regular","2026-09-22_108716","evening","2026-09-22T19:01:00","2601","Marina Beach","8","6198","Kazhipattur","45","2026-09-22T19:01:00","2026-09-22T20:03:00","3","60","ALL_TICKETS_USED","AT_TICKET_DESTINATION"
"SYN000581","SYNTHETIC","ETM_STYLE","2026-09-22","24079","102","108716","Regular","2026-09-22_108716","evening","2026-09-22T19:12:00","9128","Mrc Nagar","14","6420","Kumaran Nagar","37","2026-09-22T19:12:00","2026-09-22T19:51:00","3","60","ALL_TICKETS_USED","AT_TICKET_DESTINATION"
"SYN000582","SYNTHETIC","CHENNAI_ONE_STYLE","2026-09-22","24079","102","108716","Regular","2026-09-22_108716","evening","2026-09-22T18:44:00","9783","Parrys Corner","3","6099","Kelambakkam Bus Terminal","51","2026-09-22T18:54:00","2026-09-22T20:10:00","1","60","ALL_TICKETS_USED","AT_TICKET_DESTINATION"
"SYN000583","SYNTHETIC","CHENNAI_ONE_STYLE","2026-09-22","24079","102","108716","Regular","2026-09-22_108716","evening","2026-09-22T18:56:00","9158","Foreshore Estate Bus Terminus","13","9974","Navalur","41","2026-09-22T19:10:00","2026-09-22T19:58:00","1","60","ALL_TICKETS_USED","AT_TICKET_DESTINATION"
"SYN000584","SYNTHETIC","ETM_STYLE","2026-09-22","24079","102","108716","Regular","2026-09-22_108716","evening","2026-09-22T18:58:00","11192","Annasquare","6","6099","Kelambakkam Bus Terminal","51","2026-09-22T18:58:00","2026-09-22T20:10:00","2","60","ALL_TICKETS_USED","AT_TICKET_DESTINATION"
"SYN000585","SYNTHETIC","ETM_STYLE","2026-09-22","24079","102","108716","Regular","2026-09-22_108716","evening","2026-09-22T18:58:00","11192","Annasquare","6","6403","Satyabhama University","38","2026-09-22T18:58:00","2026-09-22T19:53:00","2","60","ALL_TICKETS_USED","AT_TICKET_DESTINATION"
"SYN000586","SYNTHETIC","ETM_STYLE","2026-09-22","24079","102","108716","Regular","2026-09-22_108716","evening","2026-09-22T19:10:00","9158","Foreshore Estate Bus Terminus","13","6157","Padur","47","2026-09-22T19:10:00","2026-09-22T20:05:00","2","60","ALL_TICKETS_USED","AT_TICKET_DESTINATION"
"SYN000587","SYNTHETIC","ETM_STYLE","2026-09-22","24079","102","108716","Regular","2026-09-22_108716","evening","2026-09-22T19:03:00","5916","Vivekananda House","9","6314","Ags Complex Navalur","40","2026-09-22T19:03:00","2026-09-22T19:57:00","1","60","ALL_TICKETS_USED","AT_TICKET_DESTINATION"
"SYN000588","SYNTHETIC","CHENNAI_ONE_STYLE","2026-09-22","24079","102","108716","Regular","2026-09-22_108716","evening","2026-09-22T18:54:00","2601","Marina Beach","8","10012","Government School Shozhinganallur","35","2026-09-22T19:01:00","2026-09-22T19:48:00","2","60","ALL_TICKETS_USED","AT_TICKET_DESTINATION"
"SYN000589","SYNTHETIC","CHENNAI_ONE_STYLE","2026-09-22","24079","102","108716","Regular","2026-09-22_108716","evening","2026-09-22T18:58:00","10814","Music College Annamalai Puram","15","6150","Hindustan College","48","2026-09-22T19:13:00","2026-09-22T20:06:00","1","60","ALL_TICKETS_USED","AT_TICKET_DESTINATION"
"SYN000590","SYNTHETIC","CHENNAI_ONE_STYLE","2026-09-22","24079","102","108716","Regular","2026-09-22_108716","evening","2026-09-22T18:47:00","2601","Marina Beach","8","6454","Ponniamman Kovil","36","2026-09-22T19:01:00","2026-09-22T19:49:00","1","60","ALL_TICKETS_USED","AT_TICKET_DESTINATION"
"SYN000591","SYNTHETIC","ETM_STYLE","2026-09-22","24079","102","108716","Regular","2026-09-22_108716","evening","2026-09-22T19:14:00","5758","M.G.R Janaki College Or Sathya Studio","16","6225","Vaniyanchavadi Padma Adarsh School","44","2026-09-22T19:14:00","2026-09-22T20:02:00","2","60","ALL_TICKETS_USED","AT_TICKET_DESTINATION"
"SYN000592","SYNTHETIC","CHENNAI_ONE_STYLE","2026-09-22","24079","102","108716","Regular","2026-09-22_108716","evening","2026-09-22T18:47:00","10941","Kannagi Statue Shelter 1","7","6454","Ponniamman Kovil","36","2026-09-22T19:00:00","2026-09-22T19:49:00","2","60","ALL_TICKETS_USED","AT_TICKET_DESTINATION"
"SYN000593","SYNTHETIC","ETM_STYLE","2026-09-22","24079","102","108716","Regular","2026-09-22_108716","evening","2026-09-22T19:12:00","9128","Mrc Nagar","14","6358","Semmancheri","39","2026-09-22T19:12:00","2026-09-22T19:56:00","1","60","ALL_TICKETS_USED","AT_TICKET_DESTINATION"
"SYN000594","SYNTHETIC","CHENNAI_ONE_STYLE","2026-09-22","24079","102","108716","Regular","2026-09-22_108716","evening","2026-09-22T18:56:00","11192","Annasquare","6","6198","Kazhipattur","45","2026-09-22T18:58:00","2026-09-22T20:03:00","2","60","ALL_TICKETS_USED","AT_TICKET_DESTINATION"
"SYN000595","SYNTHETIC","ETM_STYLE","2026-09-22","24079","102","108716","Regular","2026-09-22_108716","evening","2026-09-22T19:16:00","5760","Adyar Signal","17","10012","Government School Shozhinganallur","35","2026-09-22T19:16:00","2026-09-22T19:48:00","1","60","ALL_TICKETS_USED","AT_TICKET_DESTINATION"
"SYN000596","SYNTHETIC","ETM_STYLE","2026-09-22","24079","102","108716","Regular","2026-09-22_108716","evening","2026-09-22T19:12:00","9128","Mrc Nagar","14","6314","Ags Complex Navalur","40","2026-09-22T19:12:00","2026-09-22T19:57:00","3","60","ALL_TICKETS_USED","AT_TICKET_DESTINATION"
"SYN000597","SYNTHETIC","ETM_STYLE","2026-09-22","24079","102","108716","Regular","2026-09-22_108716","evening","2026-09-22T18:52:00","9782","High Court","2","9974","Navalur","41","2026-09-22T18:52:00","2026-09-22T19:58:00","1","60","ALL_TICKETS_USED","AT_TICKET_DESTINATION"
"SYN000598","SYNTHETIC","CHENNAI_ONE_STYLE","2026-09-22","24079","102","108761","Regular","2026-09-22_108761","night","2026-09-22T21:20:00","6358","Semmancheri","39","6132","Chettinad Hospital","49","2026-09-22T21:21:00","2026-09-22T21:32:00","1","60","ALL_TICKETS_USED","AT_TICKET_DESTINATION"
"SYN000599","SYNTHETIC","ETM_STYLE","2026-09-22","24079","102","108761","Regular","2026-09-22_108761","night","2026-09-22T20:51:00","8693","Srp Tools","22","6225","Vaniyanchavadi Padma Adarsh School","44","2026-09-22T20:51:00","2026-09-22T21:27:00","1","60","ALL_TICKETS_USED","AT_TICKET_DESTINATION"
"SYN000600","SYNTHETIC","ETM_STYLE","2026-09-22","24079","102","108761","Regular","2026-09-22_108761","night","2026-09-22T21:28:00","6198","Kazhipattur","45","6150","Hindustan College","48","2026-09-22T21:28:00","2026-09-22T21:31:00","2","60","ALL_TICKETS_USED","AT_TICKET_DESTINATION"
"SYN000601","SYNTHETIC","CHENNAI_ONE_STYLE","2026-09-22","24079","102","108761","Regular","2026-09-22_108761","night","2026-09-22T20:10:00","10941","Kannagi Statue Shelter 1","7","6132","Chettinad Hospital","49","2026-09-22T20:25:00","2026-09-22T21:32:00","2","60","ALL_TICKETS_USED","AT_TICKET_DESTINATION"
"SYN000602","SYNTHETIC","CHENNAI_ONE_STYLE","2026-09-22","24079","102","108761","Regular","2026-09-22_108761","night","2026-09-22T21:19:00","6150","Hindustan College","48","6099","Kelambakkam Bus Terminal","51","2026-09-22T21:31:00","2026-09-22T21:35:00","3","60","ALL_TICKETS_USED","AT_TICKET_DESTINATION"
"SYN000603","SYNTHETIC","ETM_STYLE","2026-09-22","24079","102","108761","Regular","2026-09-22_108761","night","2026-09-22T21:22:00","6314","Ags Complex Navalur","40","6198","Kazhipattur","45","2026-09-22T21:22:00","2026-09-22T21:28:00","2","60","ALL_TICKETS_USED","AT_TICKET_DESTINATION"
"SYN000604","SYNTHETIC","ETM_STYLE","2026-09-22","24079","102","108761","Regular","2026-09-22_108761","night","2026-09-22T20:49:00","11149","Thiruvanmiyur Ration Shop","21","6269","Egattur","42","2026-09-22T20:49:00","2026-09-22T21:25:00","3","60","ALL_TICKETS_USED","AT_TICKET_DESTINATION"
"SYN000605","SYNTHETIC","CHENNAI_ONE_STYLE","2026-09-22","24079","102","108761","Regular","2026-09-22_108761","night","2026-09-22T21:09:00","10012","Government School Shozhinganallur","35","6198","Kazhipattur","45","2026-09-22T21:13:00","2026-09-22T21:28:00","1","60","ALL_TICKETS_USED","AT_TICKET_DESTINATION"
"SYN000606","SYNTHETIC","ETM_STYLE","2026-09-22","24079","102","108761","Regular","2026-09-22_108761","night","2026-09-22T20:25:00","10941","Kannagi Statue Shelter 1","7","6132","Chettinad Hospital","49","2026-09-22T20:25:00","2026-09-22T21:32:00","1","60","ALL_TICKETS_USED","AT_TICKET_DESTINATION"
"SYN000607","SYNTHETIC","ETM_STYLE","2026-09-22","24079","102","108761","Regular","2026-09-22_108761","night","2026-09-22T20:41:00","5760","Adyar Signal","17","6358","Semmancheri","39","2026-09-22T20:41:00","2026-09-22T21:21:00","2","60","ALL_TICKETS_USED","AT_TICKET_DESTINATION"
"SYN000608","SYNTHETIC","ETM_STYLE","2026-09-22","24079","102","108761","Regular","2026-09-22_108761","night","2026-09-22T21:26:00","9966","It Park Siruseri Or Muttukadu","43","6150","Hindustan College","48","2026-09-22T21:26:00","2026-09-22T21:31:00","2","60","ALL_TICKETS_USED","AT_TICKET_DESTINATION"
"SYN000609","SYNTHETIC","CHENNAI_ONE_STYLE","2026-09-22","24079","102","108761","Regular","2026-09-22_108761","night","2026-09-22T20:49:00","8481","Perungudi","25","6198","Kazhipattur","45","2026-09-22T20:56:00","2026-09-22T21:28:00","3","60","ALL_TICKETS_USED","AT_TICKET_DESTINATION"
"SYN000610","SYNTHETIC","ETM_STYLE","2026-09-22","21083","104 R","19334","Regular","2026-09-22_19334","morning","2026-09-22T10:23:00","5731","Ambattur Canara Bank","8","7547","Kavangarai","25","2026-09-22T10:23:00","2026-09-22T10:45:00","1","60","ALL_TICKETS_USED","AT_TICKET_DESTINATION"
"SYN000611","SYNTHETIC","ETM_STYLE","2026-09-22","21083","104 R","19334","Regular","2026-09-22_19334","morning","2026-09-22T10:04:00","9374","Porur Toll Plaza","3","7509","Puzhal Jail","24","2026-09-22T10:04:00","2026-09-22T10:44:00","2","60","ALL_TICKETS_USED","AT_TICKET_DESTINATION"
"SYN000612","SYNTHETIC","CHENNAI_ONE_STYLE","2026-09-22","21083","104 R","19334","Regular","2026-09-22_19334","morning","2026-09-22T10:17:00","6794","Ti Miller","6","7547","Kavangarai","25","2026-09-22T10:21:00","2026-09-22T10:45:00","3","60","ALL_TICKETS_USED","AT_TICKET_DESTINATION"
"SYN000613","SYNTHETIC","CHENNAI_ONE_STYLE","2026-09-22","21083","104 R","19334","Regular","2026-09-22_19334","morning","2026-09-22T10:10:00","6794","Ti Miller","6","7585","Thandal Kazhani","26","2026-09-22T10:21:00","2026-09-22T10:47:00","3","60","ALL_TICKETS_USED","AT_TICKET_DESTINATION"
"SYN000614","SYNTHETIC","ETM_STYLE","2026-09-22","21083","104 R","19334","Regular","2026-09-22_19334","morning","2026-09-22T10:22:00","5730","Dunlop","7","7651","Ayurveda Ashramam","28","2026-09-22T10:22:00","2026-09-22T10:50:00","1","60","ALL_TICKETS_USED","AT_TICKET_DESTINATION"
"SYN000615","SYNTHETIC","ETM_STYLE","2026-09-22","21083","104 R","19334","Regular","2026-09-22_19334","morning","2026-09-22T09:40:00","6693","Tambaram West Bus Stand","1","5578","Redhills Bus Terminus","30","2026-09-22T09:40:00","2026-09-22T10:52:00","1","60","ALL_TICKETS_USED","AT_TICKET_DESTINATION"
"SYN000616","SYNTHETIC","ETM_STYLE","2026-09-22","21083","104 R","19334","Regular","2026-09-22_19334","morning","2026-09-22T09:40:00","6693","Tambaram West Bus Stand","1","7452","Omayal Achi College","22","2026-09-22T09:40:00","2026-09-22T10:42:00","3","60","ALL_TICKETS_USED","AT_TICKET_DESTINATION"
"SYN000617","SYNTHETIC","ETM_STYLE","2026-09-22","21083","104 R","19334","Regular","2026-09-22_19334","morning","2026-09-22T09:46:00","6594","Irumbuliyur","2","7681","Redhills Market","29","2026-09-22T09:46:00","2026-09-22T10:51:00","1","60","ALL_TICKETS_USED","AT_TICKET_DESTINATION"
"SYN000618","SYNTHETIC","ETM_STYLE","2026-09-22","21083","104 R","19334","Regular","2026-09-22_19334","morning","2026-09-22T10:27:00","10429","Ambattur O.T Bus Stand","10","7547","Kavangarai","25","2026-09-22T10:27:00","2026-09-22T10:45:00","1","60","ALL_TICKETS_USED","AT_TICKET_DESTINATION"
"SYN000619","SYNTHETIC","CHENNAI_ONE_STYLE","2026-09-22","21083","104 R","19334","Regular","2026-09-22_19334","morning","2026-09-22T10:22:00","6932","Uzhavar Santhai","9","5578","Redhills Bus Terminus","30","2026-09-22T10:25:00","2026-09-22T10:52:00","1","60","ALL_TICKETS_USED","AT_TICKET_DESTINATION"
"SYN000620","SYNTHETIC","ETM_STYLE","2026-09-22","21083","104 R","19334","Regular","2026-09-22_19334","morning","2026-09-22T10:21:00","6794","Ti Miller","6","7547","Kavangarai","25","2026-09-22T10:21:00","2026-09-22T10:45:00","1","60","ALL_TICKETS_USED","AT_TICKET_DESTINATION"
"SYN000621","SYNTHETIC","ETM_STYLE","2026-09-22","21083","104 R","19334","Regular","2026-09-22_19334","morning","2026-09-22T09:40:00","6693","Tambaram West Bus Stand","1","7547","Kavangarai","25","2026-09-22T09:40:00","2026-09-22T10:45:00","2","60","ALL_TICKETS_USED","AT_TICKET_DESTINATION"
"SYN000622","SYNTHETIC","ETM_STYLE","2026-09-22","21083","104 R","19334","Regular","2026-09-22_19334","morning","2026-09-22T10:17:00","9920","Ambattur Industrial Estate","5","7509","Puzhal Jail","24","2026-09-22T10:17:00","2026-09-22T10:44:00","1","60","ALL_TICKETS_USED","AT_TICKET_DESTINATION"
"SYN000623","SYNTHETIC","ETM_STYLE","2026-09-22","21083","104 R","19334","Regular","2026-09-22_19334","morning","2026-09-22T10:27:00","10429","Ambattur O.T Bus Stand","10","7651","Ayurveda Ashramam","28","2026-09-22T10:27:00","2026-09-22T10:50:00","3","60","ALL_TICKETS_USED","AT_TICKET_DESTINATION"
"SYN000624","SYNTHETIC","ETM_STYLE","2026-09-22","21083","104 R","19334","Regular","2026-09-22_19334","morning","2026-09-22T10:23:00","5731","Ambattur Canara Bank","8","7427","Chocolate Company","21","2026-09-22T10:23:00","2026-09-22T10:41:00","1","60","ALL_TICKETS_USED","AT_TICKET_DESTINATION"
"SYN000625","SYNTHETIC","ETM_STYLE","2026-09-22","21083","104 R","19334","Regular","2026-09-22_19334","morning","2026-09-22T10:21:00","6794","Ti Miller","6","7651","Ayurveda Ashramam","28","2026-09-22T10:21:00","2026-09-22T10:50:00","2","60","ALL_TICKETS_USED","AT_TICKET_DESTINATION"
"SYN000626","SYNTHETIC","ETM_STYLE","2026-09-22","21083","104 R","19334","Regular","2026-09-22_19334","morning","2026-09-22T10:17:00","9920","Ambattur Industrial Estate","5","7427","Chocolate Company","21","2026-09-22T10:17:00","2026-09-22T10:41:00","1","60","ALL_TICKETS_USED","AT_TICKET_DESTINATION"
"SYN000627","SYNTHETIC","ETM_STYLE","2026-09-22","21083","104 R","19334","Regular","2026-09-22_19334","morning","2026-09-22T10:17:00","9920","Ambattur Industrial Estate","5","7599","Sri Nallaghu Polytechnic College","27","2026-09-22T10:17:00","2026-09-22T10:48:00","1","60","ALL_TICKETS_USED","AT_TICKET_DESTINATION"
"SYN000628","SYNTHETIC","CHENNAI_ONE_STYLE","2026-09-22","21083","104 R","19334","Regular","2026-09-22_19334","morning","2026-09-22T10:10:00","10351","Ambattur I.T Park","4","7585","Thandal Kazhani","26","2026-09-22T10:16:00","2026-09-22T10:47:00","2","60","ALL_TICKETS_USED","AT_TICKET_DESTINATION"
"SYN000629","SYNTHETIC","ETM_STYLE","2026-09-22","21083","104 R","19334","Regular","2026-09-22_19334","morning","2026-09-22T10:22:00","5730","Dunlop","7","7427","Chocolate Company","21","2026-09-22T10:22:00","2026-09-22T10:41:00","1","60","ALL_TICKETS_USED","AT_TICKET_DESTINATION"
"SYN000630","SYNTHETIC","ETM_STYLE","2026-09-22","21083","104 R","19334","Regular","2026-09-22_19334","morning","2026-09-22T10:23:00","5731","Ambattur Canara Bank","8","7547","Kavangarai","25","2026-09-22T10:23:00","2026-09-22T10:45:00","1","60","ALL_TICKETS_USED","AT_TICKET_DESTINATION"
"SYN000631","SYNTHETIC","ETM_STYLE","2026-09-22","21083","104 R","19334","Regular","2026-09-22_19334","morning","2026-09-22T09:40:00","6693","Tambaram West Bus Stand","1","7547","Kavangarai","25","2026-09-22T09:40:00","2026-09-22T10:45:00","1","60","ALL_TICKETS_USED","AT_TICKET_DESTINATION"
"SYN000632","SYNTHETIC","ETM_STYLE","2026-09-22","21083","104 R","19334","Regular","2026-09-22_19334","morning","2026-09-22T10:23:00","5731","Ambattur Canara Bank","8","7599","Sri Nallaghu Polytechnic College","27","2026-09-22T10:23:00","2026-09-22T10:48:00","1","60","ALL_TICKETS_USED","AT_TICKET_DESTINATION"
"SYN000633","SYNTHETIC","ETM_STYLE","2026-09-22","21083","104 R","19334","Regular","2026-09-22_19334","morning","2026-09-22T10:22:00","5730","Dunlop","7","7599","Sri Nallaghu Polytechnic College","27","2026-09-22T10:22:00","2026-09-22T10:48:00","3","60","ALL_TICKETS_USED","AT_TICKET_DESTINATION"
"SYN000634","SYNTHETIC","CHENNAI_ONE_STYLE","2026-09-22","21083","104 R","19334","Regular","2026-09-22_19334","morning","2026-09-22T10:02:00","9374","Porur Toll Plaza","3","7651","Ayurveda Ashramam","28","2026-09-22T10:04:00","2026-09-22T10:50:00","2","60","ALL_TICKETS_USED","AT_TICKET_DESTINATION"
"SYN000635","SYNTHETIC","ETM_STYLE","2026-09-22","21083","104 R","19334","Regular","2026-09-22_19334","morning","2026-09-22T10:21:00","6794","Ti Miller","6","7509","Puzhal Jail","24","2026-09-22T10:21:00","2026-09-22T10:44:00","2","60","ALL_TICKETS_USED","AT_TICKET_DESTINATION"
"SYN000636","SYNTHETIC","ETM_STYLE","2026-09-22","21083","104 R","19334","Regular","2026-09-22_19334","morning","2026-09-22T10:04:00","9374","Porur Toll Plaza","3","7585","Thandal Kazhani","26","2026-09-22T10:04:00","2026-09-22T10:47:00","1","60","ALL_TICKETS_USED","AT_TICKET_DESTINATION"
"SYN000637","SYNTHETIC","ETM_STYLE","2026-09-22","21083","104 R","19334","Regular","2026-09-22_19334","morning","2026-09-22T10:16:00","10351","Ambattur I.T Park","4","7509","Puzhal Jail","24","2026-09-22T10:16:00","2026-09-22T10:44:00","1","60","ALL_TICKETS_USED","AT_TICKET_DESTINATION"
"SYN000638","SYNTHETIC","ETM_STYLE","2026-09-22","21083","104 R","19334","Regular","2026-09-22_19334","morning","2026-09-22T10:21:00","6794","Ti Miller","6","7599","Sri Nallaghu Polytechnic College","27","2026-09-22T10:21:00","2026-09-22T10:48:00","2","60","ALL_TICKETS_USED","AT_TICKET_DESTINATION"
"SYN000639","SYNTHETIC","CHENNAI_ONE_STYLE","2026-09-22","21083","104 R","19334","Regular","2026-09-22_19334","morning","2026-09-22T10:16:00","5731","Ambattur Canara Bank","8","7585","Thandal Kazhani","26","2026-09-22T10:23:00","2026-09-22T10:47:00","1","60","ALL_TICKETS_USED","AT_TICKET_DESTINATION"
"SYN000640","SYNTHETIC","ETM_STYLE","2026-09-22","21083","104 R","19334","Regular","2026-09-22_19334","morning","2026-09-22T10:17:00","9920","Ambattur Industrial Estate","5","5578","Redhills Bus Terminus","30","2026-09-22T10:17:00","2026-09-22T10:52:00","1","60","ALL_TICKETS_USED","AT_TICKET_DESTINATION"
"SYN000641","SYNTHETIC","ETM_STYLE","2026-09-22","21083","104 R","19336","Regular","2026-09-22_19336","afternoon","2026-09-22T14:39:00","10469","Kallikuppam Kovil","15","7509","Puzhal Jail","24","2026-09-22T14:39:00","2026-09-22T14:49:00","2","60","ALL_TICKETS_USED","AT_TICKET_DESTINATION"
"SYN000642","SYNTHETIC","ETM_STYLE","2026-09-22","21083","104 R","19336","Regular","2026-09-22_19336","afternoon","2026-09-22T14:55:00","7651","Ayurveda Ashramam","28","5578","Redhills Bus Terminus","30","2026-09-22T14:55:00","2026-09-22T14:57:00","1","60","ALL_TICKETS_USED","AT_TICKET_DESTINATION"
"SYN000643","SYNTHETIC","CHENNAI_ONE_STYLE","2026-09-22","21083","104 R","19336","Regular","2026-09-22_19336","afternoon","2026-09-22T14:18:00","10429","Ambattur O.T Bus Stand","10","7599","Sri Nallaghu Polytechnic College","27","2026-09-22T14:32:00","2026-09-22T14:53:00","1","60","ALL_TICKETS_USED","AT_TICKET_DESTINATION"
"SYN000644","SYNTHETIC","ETM_STYLE","2026-09-22","21083","104 R","19336","Regular","2026-09-22_19336","afternoon","2026-09-22T14:52:00","7585","Thandal Kazhani","26","7681","Redhills Market","29","2026-09-22T14:52:00","2026-09-22T14:56:00","2","60","ALL_TICKETS_USED","AT_TICKET_DESTINATION"
"SYN000645","SYNTHETIC","CHENNAI_ONE_STYLE","2026-09-22","21083","104 R","19336","Regular","2026-09-22_19336","afternoon","2026-09-22T13:33:00","6693","Tambaram West Bus Stand","1","7509","Puzhal Jail","24","2026-09-22T13:45:00","2026-09-22T14:49:00","1","60","ALL_TICKETS_USED","AT_TICKET_DESTINATION"
"SYN000646","SYNTHETIC","ETM_STYLE","2026-09-22","21083","104 R","19336","Regular","2026-09-22_19336","afternoon","2026-09-22T14:44:00","7345","Surapet","19","7599","Sri Nallaghu Polytechnic College","27","2026-09-22T14:44:00","2026-09-22T14:53:00","1","60","ALL_TICKETS_USED","AT_TICKET_DESTINATION"
"SYN000647","SYNTHETIC","ETM_STYLE","2026-09-22","21083","104 R","19336","Regular","2026-09-22_19336","afternoon","2026-09-22T14:21:00","10351","Ambattur I.T Park","4","7509","Puzhal Jail","24","2026-09-22T14:21:00","2026-09-22T14:49:00","1","60","ALL_TICKETS_USED","AT_TICKET_DESTINATION"
"SYN000648","SYNTHETIC","CHENNAI_ONE_STYLE","2026-09-22","21083","104 R","19336","Regular","2026-09-22_19336","afternoon","2026-09-22T14:44:00","7345","Surapet","19","7509","Puzhal Jail","24","2026-09-22T14:44:00","2026-09-22T14:49:00","1","60","ALL_TICKETS_USED","AT_TICKET_DESTINATION"
"SYN000649","SYNTHETIC","ETM_STYLE","2026-09-22","21083","104 R","19336","Regular","2026-09-22_19336","afternoon","2026-09-22T14:47:00","7452","Omayal Achi College","22","7651","Ayurveda Ashramam","28","2026-09-22T14:47:00","2026-09-22T14:55:00","1","60","ALL_TICKETS_USED","AT_TICKET_DESTINATION"
"SYN000650","SYNTHETIC","ETM_STYLE","2026-09-22","21083","104 R","19336","Regular","2026-09-22_19336","afternoon","2026-09-22T14:50:00","7547","Kavangarai","25","5578","Redhills Bus Terminus","30","2026-09-22T14:50:00","2026-09-22T14:57:00","1","60","ALL_TICKETS_USED","AT_TICKET_DESTINATION"
"SYN000651","SYNTHETIC","ETM_STYLE","2026-09-22","21083","104 R","19336","Regular","2026-09-22_19336","afternoon","2026-09-22T14:22:00","9920","Ambattur Industrial Estate","5","7057","Raaki Theatre","11","2026-09-22T14:22:00","2026-09-22T14:34:00","1","60","ALL_TICKETS_USED","AT_TICKET_DESTINATION"
"SYN000652","SYNTHETIC","ETM_STYLE","2026-09-22","21083","104 R","19336","Regular","2026-09-22_19336","afternoon","2026-09-22T14:56:00","7681","Redhills Market","29","5578","Redhills Bus Terminus","30","2026-09-22T14:56:00","2026-09-22T14:57:00","2","60","ALL_TICKETS_USED","AT_TICKET_DESTINATION"
"SYN000653","SYNTHETIC","ETM_STYLE","2026-09-22","21083","104 R","19336","Regular","2026-09-22_19336","afternoon","2026-09-22T14:48:00","7467","Screw Factory","23","7651","Ayurveda Ashramam","28","2026-09-22T14:48:00","2026-09-22T14:55:00","1","60","ALL_TICKETS_USED","AT_TICKET_DESTINATION"
"SYN000654","SYNTHETIC","ETM_STYLE","2026-09-22","21083","104 R","19338","Regular","2026-09-22_19338","evening","2026-09-22T17:55:00","6693","Tambaram West Bus Stand","1","7452","Omayal Achi College","22","2026-09-22T17:55:00","2026-09-22T18:57:00","2","60","ALL_TICKETS_USED","AT_TICKET_DESTINATION"
"SYN000655","SYNTHETIC","ETM_STYLE","2026-09-22","21083","104 R","19338","Regular","2026-09-22_19338","evening","2026-09-22T18:01:00","6594","Irumbuliyur","2","7681","Redhills Market","29","2026-09-22T18:01:00","2026-09-22T19:06:00","2","60","ALL_TICKETS_USED","AT_TICKET_DESTINATION"
"SYN000656","SYNTHETIC","CHENNAI_ONE_STYLE","2026-09-22","21083","104 R","19338","Regular","2026-09-22_19338","evening","2026-09-22T18:34:00","6932","Uzhavar Santhai","9","7467","Screw Factory","23","2026-09-22T18:40:00","2026-09-22T18:58:00","1","60","ALL_TICKETS_USED","AT_TICKET_DESTINATION"
"SYN000657","SYNTHETIC","CHENNAI_ONE_STYLE","2026-09-22","21083","104 R","19338","Regular","2026-09-22_19338","evening","2026-09-22T18:16:00","10351","Ambattur I.T Park","4","7509","Puzhal Jail","24","2026-09-22T18:31:00","2026-09-22T18:59:00","1","60","ALL_TICKETS_USED","AT_TICKET_DESTINATION"
"SYN000658","SYNTHETIC","CHENNAI_ONE_STYLE","2026-09-22","21083","104 R","19338","Regular","2026-09-22_19338","evening","2026-09-22T18:25:00","6932","Uzhavar Santhai","9","7651","Ayurveda Ashramam","28","2026-09-22T18:40:00","2026-09-22T19:05:00","2","60","ALL_TICKETS_USED","AT_TICKET_DESTINATION"
"SYN000659","SYNTHETIC","ETM_STYLE","2026-09-22","21083","104 R","19338","Regular","2026-09-22_19338","evening","2026-09-22T18:32:00","9920","Ambattur Industrial Estate","5","7585","Thandal Kazhani","26","2026-09-22T18:32:00","2026-09-22T19:02:00","1","60","ALL_TICKETS_USED","AT_TICKET_DESTINATION"
"SYN000660","SYNTHETIC","ETM_STYLE","2026-09-22","21083","104 R","19338","Regular","2026-09-22_19338","evening","2026-09-22T18:31:00","10351","Ambattur I.T Park","4","7452","Omayal Achi College","22","2026-09-22T18:31:00","2026-09-22T18:57:00","1","60","ALL_TICKETS_USED","AT_TICKET_DESTINATION"
"SYN000661","SYNTHETIC","ETM_STYLE","2026-09-22","21083","104 R","19338","Regular","2026-09-22_19338","evening","2026-09-22T18:36:00","6794","Ti Miller","6","7599","Sri Nallaghu Polytechnic College","27","2026-09-22T18:36:00","2026-09-22T19:03:00","1","60","ALL_TICKETS_USED","AT_TICKET_DESTINATION"
"SYN000662","SYNTHETIC","CHENNAI_ONE_STYLE","2026-09-22","21083","104 R","19338","Regular","2026-09-22_19338","evening","2026-09-22T18:28:00","5731","Ambattur Canara Bank","8","7452","Omayal Achi College","22","2026-09-22T18:38:00","2026-09-22T18:57:00","1","60","ALL_TICKETS_USED","AT_TICKET_DESTINATION"
"SYN000663","SYNTHETIC","CHENNAI_ONE_STYLE","2026-09-22","21083","104 R","19338","Regular","2026-09-22_19338","evening","2026-09-22T18:30:00","5731","Ambattur Canara Bank","8","7599","Sri Nallaghu Polytechnic College","27","2026-09-22T18:38:00","2026-09-22T19:03:00","1","60","ALL_TICKETS_USED","AT_TICKET_DESTINATION"
"SYN000664","SYNTHETIC","CHENNAI_ONE_STYLE","2026-09-22","21083","104 R","19338","Regular","2026-09-22_19338","evening","2026-09-22T18:35:00","10429","Ambattur O.T Bus Stand","10","5578","Redhills Bus Terminus","30","2026-09-22T18:42:00","2026-09-22T19:07:00","2","60","ALL_TICKETS_USED","AT_TICKET_DESTINATION"
"SYN000665","SYNTHETIC","CHENNAI_ONE_STYLE","2026-09-22","21083","104 R","19338","Regular","2026-09-22_19338","evening","2026-09-22T18:26:00","5730","Dunlop","7","7599","Sri Nallaghu Polytechnic College","27","2026-09-22T18:37:00","2026-09-22T19:03:00","1","60","ALL_TICKETS_USED","AT_TICKET_DESTINATION"
"SYN000666","SYNTHETIC","ETM_STYLE","2026-09-22","21083","104 R","19338","Regular","2026-09-22_19338","evening","2026-09-22T18:40:00","6932","Uzhavar Santhai","9","7547","Kavangarai","25","2026-09-22T18:40:00","2026-09-22T19:00:00","2","60","ALL_TICKETS_USED","AT_TICKET_DESTINATION"
"SYN000667","SYNTHETIC","CHENNAI_ONE_STYLE","2026-09-22","21083","104 R","19338","Regular","2026-09-22_19338","evening","2026-09-22T18:35:00","6794","Ti Miller","6","7509","Puzhal Jail","24","2026-09-22T18:36:00","2026-09-22T18:59:00","1","60","ALL_TICKETS_USED","AT_TICKET_DESTINATION"
"SYN000668","SYNTHETIC","ETM_STYLE","2026-09-22","21083","104 R","19338","Regular","2026-09-22_19338","evening","2026-09-22T18:37:00","5730","Dunlop","7","7467","Screw Factory","23","2026-09-22T18:37:00","2026-09-22T18:58:00","1","60","ALL_TICKETS_USED","AT_TICKET_DESTINATION"
"SYN000669","SYNTHETIC","ETM_STYLE","2026-09-22","21083","104 R","19338","Regular","2026-09-22_19338","evening","2026-09-22T18:32:00","9920","Ambattur Industrial Estate","5","7452","Omayal Achi College","22","2026-09-22T18:32:00","2026-09-22T18:57:00","1","60","ALL_TICKETS_USED","AT_TICKET_DESTINATION"
"SYN000670","SYNTHETIC","CHENNAI_ONE_STYLE","2026-09-22","21083","104 R","19338","Regular","2026-09-22_19338","evening","2026-09-22T18:32:00","5731","Ambattur Canara Bank","8","7599","Sri Nallaghu Polytechnic College","27","2026-09-22T18:38:00","2026-09-22T19:03:00","1","60","ALL_TICKETS_USED","AT_TICKET_DESTINATION"
"SYN000671","SYNTHETIC","CHENNAI_ONE_STYLE","2026-09-22","21083","104 R","19338","Regular","2026-09-22_19338","evening","2026-09-22T18:29:00","5730","Dunlop","7","7452","Omayal Achi College","22","2026-09-22T18:37:00","2026-09-22T18:57:00","2","60","ALL_TICKETS_USED","AT_TICKET_DESTINATION"
"SYN000672","SYNTHETIC","ETM_STYLE","2026-09-22","21083","104 R","19338","Regular","2026-09-22_19338","evening","2026-09-22T18:42:00","10429","Ambattur O.T Bus Stand","10","7599","Sri Nallaghu Polytechnic College","27","2026-09-22T18:42:00","2026-09-22T19:03:00","2","60","ALL_TICKETS_USED","AT_TICKET_DESTINATION"
"SYN000673","SYNTHETIC","ETM_STYLE","2026-09-22","21083","104 R","19338","Regular","2026-09-22_19338","evening","2026-09-22T18:01:00","6594","Irumbuliyur","2","7509","Puzhal Jail","24","2026-09-22T18:01:00","2026-09-22T18:59:00","1","60","ALL_TICKETS_USED","AT_TICKET_DESTINATION"
"SYN000674","SYNTHETIC","ETM_STYLE","2026-09-22","21083","104 R","19338","Regular","2026-09-22_19338","evening","2026-09-22T18:32:00","9920","Ambattur Industrial Estate","5","7547","Kavangarai","25","2026-09-22T18:32:00","2026-09-22T19:00:00","1","60","ALL_TICKETS_USED","AT_TICKET_DESTINATION"
"SYN000675","SYNTHETIC","ETM_STYLE","2026-09-22","21083","104 R","19338","Regular","2026-09-22_19338","evening","2026-09-22T18:37:00","5730","Dunlop","7","7427","Chocolate Company","21","2026-09-22T18:37:00","2026-09-22T18:56:00","1","60","ALL_TICKETS_USED","AT_TICKET_DESTINATION"
"SYN000676","SYNTHETIC","ETM_STYLE","2026-09-22","21083","104 R","19338","Regular","2026-09-22_19338","evening","2026-09-22T17:55:00","6693","Tambaram West Bus Stand","1","7509","Puzhal Jail","24","2026-09-22T17:55:00","2026-09-22T18:59:00","2","60","ALL_TICKETS_USED","AT_TICKET_DESTINATION"
"SYN000677","SYNTHETIC","ETM_STYLE","2026-09-22","21083","104 R","19338","Regular","2026-09-22_19338","evening","2026-09-22T18:19:00","9374","Porur Toll Plaza","3","7427","Chocolate Company","21","2026-09-22T18:19:00","2026-09-22T18:56:00","1","60","ALL_TICKETS_USED","AT_TICKET_DESTINATION"
"SYN000678","SYNTHETIC","CHENNAI_ONE_STYLE","2026-09-22","21083","104 R","19338","Regular","2026-09-22_19338","evening","2026-09-22T18:32:00","10429","Ambattur O.T Bus Stand","10","5578","Redhills Bus Terminus","30","2026-09-22T18:42:00","2026-09-22T19:07:00","2","60","ALL_TICKETS_USED","AT_TICKET_DESTINATION"
"SYN000679","SYNTHETIC","ETM_STYLE","2026-09-22","21083","104 R","19338","Regular","2026-09-22_19338","evening","2026-09-22T18:38:00","5731","Ambattur Canara Bank","8","7509","Puzhal Jail","24","2026-09-22T18:38:00","2026-09-22T18:59:00","2","60","ALL_TICKETS_USED","AT_TICKET_DESTINATION"
"SYN000680","SYNTHETIC","CHENNAI_ONE_STYLE","2026-09-22","21083","104 R","19338","Regular","2026-09-22_19338","evening","2026-09-22T18:37:00","10429","Ambattur O.T Bus Stand","10","7681","Redhills Market","29","2026-09-22T18:42:00","2026-09-22T19:06:00","2","60","ALL_TICKETS_USED","AT_TICKET_DESTINATION"
"SYN000681","SYNTHETIC","ETM_STYLE","2026-09-22","21083","104 R","19338","Regular","2026-09-22_19338","evening","2026-09-22T18:37:00","5730","Dunlop","7","5578","Redhills Bus Terminus","30","2026-09-22T18:37:00","2026-09-22T19:07:00","1","60","ALL_TICKETS_USED","AT_TICKET_DESTINATION"
"SYN000682","SYNTHETIC","ETM_STYLE","2026-09-22","21083","104 R","19338","Regular","2026-09-22_19338","evening","2026-09-22T18:37:00","5730","Dunlop","7","7599","Sri Nallaghu Polytechnic College","27","2026-09-22T18:37:00","2026-09-22T19:03:00","2","60","ALL_TICKETS_USED","AT_TICKET_DESTINATION"
"SYN000683","SYNTHETIC","ETM_STYLE","2026-09-22","21083","104 R","19338","Regular","2026-09-22_19338","evening","2026-09-22T17:55:00","6693","Tambaram West Bus Stand","1","7509","Puzhal Jail","24","2026-09-22T17:55:00","2026-09-22T18:59:00","1","60","ALL_TICKETS_USED","AT_TICKET_DESTINATION"
"SYN000684","SYNTHETIC","ETM_STYLE","2026-09-22","21083","104 R","19338","Regular","2026-09-22_19338","evening","2026-09-22T18:36:00","6794","Ti Miller","6","7681","Redhills Market","29","2026-09-22T18:36:00","2026-09-22T19:06:00","3","60","ALL_TICKETS_USED","AT_TICKET_DESTINATION"
"SYN000685","SYNTHETIC","ETM_STYLE","2026-09-22","21083","104 R","22233","Regular","2026-09-22_22233","night","2026-09-22T20:55:00","7129","Oragadam","12","7307","Shanmugapuram","17","2026-09-22T20:55:00","2026-09-22T21:02:00","2","60","ALL_TICKETS_USED","AT_TICKET_DESTINATION"
"SYN000686","SYNTHETIC","ETM_STYLE","2026-09-22","21083","104 R","22233","Regular","2026-09-22_22233","night","2026-09-22T20:05:00","6693","Tambaram West Bus Stand","1","10429","Ambattur O.T Bus Stand","10","2026-09-22T20:05:00","2026-09-22T20:52:00","3","60","ALL_TICKETS_USED","AT_TICKET_DESTINATION"
"SYN000687","SYNTHETIC","ETM_STYLE","2026-09-22","21083","104 R","22233","Regular","2026-09-22_22233","night","2026-09-22T20:42:00","9920","Ambattur Industrial Estate","5","6794","Ti Miller","6","2026-09-22T20:42:00","2026-09-22T20:46:00","1","60","ALL_TICKETS_USED","AT_TICKET_DESTINATION"
"SYN000688","SYNTHETIC","CHENNAI_ONE_STYLE","2026-09-22","21083","104 R","22233","Regular","2026-09-22_22233","night","2026-09-22T20:01:00","6594","Irumbuliyur","2","5578","Redhills Bus Terminus","30","2026-09-22T20:11:00","2026-09-22T21:17:00","1","60","ALL_TICKETS_USED","AT_TICKET_DESTINATION"
"SYN000689","SYNTHETIC","ETM_STYLE","2026-09-22","21083","104 R","22233","Regular","2026-09-22_22233","night","2026-09-22T20:48:00","5731","Ambattur Canara Bank","8","7651","Ayurveda Ashramam","28","2026-09-22T20:48:00","2026-09-22T21:15:00","2","60","ALL_TICKETS_USED","AT_TICKET_DESTINATION"
"SYN000690","SYNTHETIC","ETM_STYLE","2026-09-22","21083","104 R","22233","Regular","2026-09-22_22233","night","2026-09-22T21:08:00","7467","Screw Factory","23","7599","Sri Nallaghu Polytechnic College","27","2026-09-22T21:08:00","2026-09-22T21:13:00","1","60","ALL_TICKETS_USED","AT_TICKET_DESTINATION"
"SYN000691","SYNTHETIC","CHENNAI_ONE_STYLE","2026-09-22","21083","104 R","22233","Regular","2026-09-22_22233","night","2026-09-22T21:02:00","7509","Puzhal Jail","24","7599","Sri Nallaghu Polytechnic College","27","2026-09-22T21:09:00","2026-09-22T21:13:00","2","60","ALL_TICKETS_USED","AT_TICKET_DESTINATION"
"SYN000692","SYNTHETIC","ETM_STYLE","2026-09-22","21083","104 R","22233","Regular","2026-09-22_22233","night","2026-09-22T21:15:00","7651","Ayurveda Ashramam","28","7681","Redhills Market","29","2026-09-22T21:15:00","2026-09-22T21:16:00","1","60","ALL_TICKETS_USED","AT_TICKET_DESTINATION"
"SYN000693","SYNTHETIC","CHENNAI_ONE_STYLE","2026-09-22","21083","104 R","22233","Regular","2026-09-22_22233","night","2026-09-22T21:04:00","7452","Omayal Achi College","22","7547","Kavangarai","25","2026-09-22T21:07:00","2026-09-22T21:10:00","1","60","ALL_TICKETS_USED","AT_TICKET_DESTINATION"
"SYN000694","SYNTHETIC","ETM_STYLE","2026-09-22","21083","104 R","22233","Regular","2026-09-22_22233","night","2026-09-22T21:02:00","7307","Shanmugapuram","17","7467","Screw Factory","23","2026-09-22T21:02:00","2026-09-22T21:08:00","3","60","ALL_TICKETS_USED","AT_TICKET_DESTINATION"
"SYN000695","SYNTHETIC","CHENNAI_ONE_STYLE","2026-09-22","21083","104 R","22233","Regular","2026-09-22_22233","night","2026-09-22T21:12:00","7599","Sri Nallaghu Polytechnic College","27","7651","Ayurveda Ashramam","28","2026-09-22T21:13:00","2026-09-22T21:15:00","3","60","ALL_TICKETS_USED","AT_TICKET_DESTINATION"
"SYN000696","SYNTHETIC","ETM_STYLE","2026-09-22","21083","104 R","22233","Regular","2026-09-22_22233","night","2026-09-22T20:50:00","6932","Uzhavar Santhai","9","7547","Kavangarai","25","2026-09-22T20:50:00","2026-09-22T21:10:00","1","60","ALL_TICKETS_USED","AT_TICKET_DESTINATION"
"SYN000697","SYNTHETIC","ETM_STYLE","2026-09-22","16821","105","14448","Regular","2026-09-22_14448","morning","2026-09-22T08:20:00","6272","Egattur","5","10049","S.I.V.E.T","34","2026-09-22T08:20:00","2026-09-22T09:02:00","1","60","ALL_TICKETS_USED","AT_TICKET_DESTINATION"
"SYN000698","SYNTHETIC","ETM_STYLE","2026-09-22","16821","105","14448","Regular","2026-09-22_14448","morning","2026-09-22T08:15:00","9960","Siruseri It Park","1","6647","Aathi Nagar","40","2026-09-22T08:15:00","2026-09-22T09:10:00","2","60","ALL_TICKETS_USED","AT_TICKET_DESTINATION"
"SYN000699","SYNTHETIC","ETM_STYLE","2026-09-22","16821","105","14448","Regular","2026-09-22_14448","morning","2026-09-22T08:19:00","9967","It Park Siruseri Or Muttukadu","4","6658","Tambaram Railway Station East","43","2026-09-22T08:19:00","2026-09-22T09:13:00","1","60","ALL_TICKETS_USED","AT_TICKET_DESTINATION"
"SYN000700","SYNTHETIC","ETM_STYLE","2026-09-22","16821","105","14448","Regular","2026-09-22_14448","morning","2026-09-22T08:17:00","6240","Tcs Gate 1","3","6614","Vijaya Nagaram","31","2026-09-22T08:17:00","2026-09-22T08:59:00","1","60","ALL_TICKETS_USED","AT_TICKET_DESTINATION"
"SYN000701","SYNTHETIC","CHENNAI_ONE_STYLE","2026-09-22","16821","105","14448","Regular","2026-09-22_14448","morning","2026-09-22T08:14:00","6307","Kakkan Nagar","7","10049","S.I.V.E.T","34","2026-09-22T08:25:00","2026-09-22T09:02:00","3","60","ALL_TICKETS_USED","AT_TICKET_DESTINATION"
"SYN000702","SYNTHETIC","ETM_STYLE","2026-09-22","16821","105","14448","Regular","2026-09-22_14448","morning","2026-09-22T08:25:00","6307","Kakkan Nagar","7","6614","Vijaya Nagaram","31","2026-09-22T08:25:00","2026-09-22T08:59:00","1","60","ALL_TICKETS_USED","AT_TICKET_DESTINATION"
"SYN000703","SYNTHETIC","ETM_STYLE","2026-09-22","16821","105","14448","Regular","2026-09-22_14448","morning","2026-09-22T08:33:00","6363","Ottiyambakkam","13","6625","Santhosapuram","33","2026-09-22T08:33:00","2026-09-22T09:01:00","1","60","ALL_TICKETS_USED","AT_TICKET_DESTINATION"
"SYN000704","SYNTHETIC","CHENNAI_ONE_STYLE","2026-09-22","16821","105","14448","Regular","2026-09-22_14448","morning","2026-09-22T08:18:00","6272","Egattur","5","6638","Prince College","35","2026-09-22T08:20:00","2026-09-22T09:03:00","2","60","ALL_TICKETS_USED","AT_TICKET_DESTINATION"
"SYN000705","SYNTHETIC","CHENNAI_ONE_STYLE","2026-09-22","16821","105","14448","Regular","2026-09-22_14448","morning","2026-09-22T08:18:00","6309","Thalambur Road Junction","9","6608","Vengaivasal Road Junction","32","2026-09-22T08:27:00","2026-09-22T09:00:00","1","60","ALL_TICKETS_USED","AT_TICKET_DESTINATION"
"SYN000706","SYNTHETIC","CHENNAI_ONE_STYLE","2026-09-22","16821","105","14448","Regular","2026-09-22_14448","morning","2026-09-22T08:26:00","6351","Karanai","12","6644","Mahalakshmi Nagar","38","2026-09-22T08:31:00","2026-09-22T09:07:00","2","60","ALL_TICKETS_USED","AT_TICKET_DESTINATION"
"SYN000707","SYNTHETIC","ETM_STYLE","2026-09-22","16821","105","14448","Regular","2026-09-22_14448","morning","2026-09-22T08:16:00","6224","Sipcot Industrial Park","2","6658","Tambaram Railway Station East","43","2026-09-22T08:16:00","2026-09-22T09:13:00","1","60","ALL_TICKETS_USED","AT_TICKET_DESTINATION"
"SYN000708","SYNTHETIC","ETM_STYLE","2026-09-22","16821","105","14448","Regular","2026-09-22_14448","morning","2026-09-22T08:17:00","6240","Tcs Gate 1","3","6638","Prince College","35","2026-09-22T08:17:00","2026-09-22T09:03:00","2","60","ALL_TICKETS_USED","AT_TICKET_DESTINATION"
"SYN000709","SYNTHETIC","CHENNAI_ONE_STYLE","2026-09-22","16821","105","14448","Regular","2026-09-22_14448","morning","2026-09-22T08:02:00","6224","Sipcot Industrial Park","2","6659","Sembakkam","36","2026-09-22T08:16:00","2026-09-22T09:04:00","1","60","ALL_TICKETS_USED","AT_TICKET_DESTINATION"
"SYN000710","SYNTHETIC","ETM_STYLE","2026-09-22","16821","105","14448","Regular","2026-09-22_14448","morning","2026-09-22T08:23:00","9976","Navalur","6","6666","Kamarajapuram","37","2026-09-22T08:23:00","2026-09-22T09:05:00","1","60","ALL_TICKETS_USED","AT_TICKET_DESTINATION"
"SYN000711","SYNTHETIC","CHENNAI_ONE_STYLE","2026-09-22","16821","105","14448","Regular","2026-09-22_14448","morning","2026-09-22T08:29:00","6389","Tellus Avenue","14","6614","Vijaya Nagaram","31","2026-09-22T08:35:00","2026-09-22T08:59:00","2","60","ALL_TICKETS_USED","AT_TICKET_DESTINATION"
"SYN000712","SYNTHETIC","CHENNAI_ONE_STYLE","2026-09-22","16821","105","14448","Regular","2026-09-22_14448","morning","2026-09-22T08:13:00","9976","Navalur","6","6651","East Tambaram Convent","41","2026-09-22T08:23:00","2026-09-22T09:11:00","1","60","ALL_TICKETS_USED","AT_TICKET_DESTINATION"
"SYN000713","SYNTHETIC","ETM_STYLE","2026-09-22","16821","105","14448","Regular","2026-09-22_14448","morning","2026-09-22T08:20:00","6272","Egattur","5","6658","Tambaram Railway Station East","43","2026-09-22T08:20:00","2026-09-22T09:13:00","1","60","ALL_TICKETS_USED","AT_TICKET_DESTINATION"
"SYN000714","SYNTHETIC","ETM_STYLE","2026-09-22","16821","105","14448","Regular","2026-09-22_14448","morning","2026-09-22T08:17:00","6240","Tcs Gate 1","3","6656","Poondi Bazaar","42","2026-09-22T08:17:00","2026-09-22T09:12:00","2","60","ALL_TICKETS_USED","AT_TICKET_DESTINATION"
"SYN000715","SYNTHETIC","ETM_STYLE","2026-09-22","16821","105","14448","Regular","2026-09-22_14448","morning","2026-09-22T08:28:00","6303","Thalambur","10","6662","Tambaram East Bus Stop","44","2026-09-22T08:28:00","2026-09-22T09:14:00","2","60","ALL_TICKETS_USED","AT_TICKET_DESTINATION"
"SYN000716","SYNTHETIC","ETM_STYLE","2026-09-22","16821","105","14448","Regular","2026-09-22_14448","morning","2026-09-22T08:33:00","6363","Ottiyambakkam","13","6651","East Tambaram Convent","41","2026-09-22T08:33:00","2026-09-22T09:11:00","1","60","ALL_TICKETS_USED","AT_TICKET_DESTINATION"
"SYN000717","SYNTHETIC","CHENNAI_ONE_STYLE","2026-09-22","16821","105","14448","Regular","2026-09-22_14448","morning","2026-09-22T08:18:00","6309","Thalambur Road Junction","9","6647","Aathi Nagar","40","2026-09-22T08:27:00","2026-09-22T09:10:00","2","60","ALL_TICKETS_USED","AT_TICKET_DESTINATION"
"SYN000718","SYNTHETIC","CHENNAI_ONE_STYLE","2026-09-22","16821","105","14448","Regular","2026-09-22_14448","morning","2026-09-22T08:15:00","6332","Karanai Colony","11","6651","East Tambaram Convent","41","2026-09-22T08:29:00","2026-09-22T09:11:00","1","60","ALL_TICKETS_USED","AT_TICKET_DESTINATION"
"SYN000719","SYNTHETIC","ETM_STYLE","2026-09-22","16821","105","14448","Regular","2026-09-22_14448","morning","2026-09-22T08:20:00","6272","Egattur","5","6651","East Tambaram Convent","41","2026-09-22T08:20:00","2026-09-22T09:11:00","1","60","ALL_TICKETS_USED","AT_TICKET_DESTINATION"
"SYN000720","SYNTHETIC","ETM_STYLE","2026-09-22","16821","105","14448","Regular","2026-09-22_14448","morning","2026-09-22T08:16:00","6224","Sipcot Industrial Park","2","6644","Mahalakshmi Nagar","38","2026-09-22T08:16:00","2026-09-22T09:07:00","1","60","ALL_TICKETS_USED","AT_TICKET_DESTINATION"
"SYN000721","SYNTHETIC","CHENNAI_ONE_STYLE","2026-09-22","16821","105","14448","Regular","2026-09-22_14448","morning","2026-09-22T08:20:00","6389","Tellus Avenue","14","6644","Mahalakshmi Nagar","38","2026-09-22T08:35:00","2026-09-22T09:07:00","2","60","ALL_TICKETS_USED","AT_TICKET_DESTINATION"
"SYN000722","SYNTHETIC","CHENNAI_ONE_STYLE","2026-09-22","16821","105","14448","Regular","2026-09-22_14448","morning","2026-09-22T08:22:00","6408","Ramakrishna Nagar","15","6614","Vijaya Nagaram","31","2026-09-22T08:36:00","2026-09-22T08:59:00","1","60","ALL_TICKETS_USED","AT_TICKET_DESTINATION"
"SYN000723","SYNTHETIC","ETM_STYLE","2026-09-22","16821","105","14448","Regular","2026-09-22_14448","morning","2026-09-22T08:23:00","9976","Navalur","6","6643","Selaiyur","39","2026-09-22T08:23:00","2026-09-22T09:09:00","3","60","ALL_TICKETS_USED","AT_TICKET_DESTINATION"
"SYN000724","SYNTHETIC","ETM_STYLE","2026-09-22","16821","105","14448","Regular","2026-09-22_14448","morning","2026-09-22T08:20:00","6272","Egattur","5","6662","Tambaram East Bus Stop","44","2026-09-22T08:20:00","2026-09-22T09:14:00","1","60","ALL_TICKETS_USED","AT_TICKET_DESTINATION"
"SYN000725","SYNTHETIC","ETM_STYLE","2026-09-22","16821","105","14448","Regular","2026-09-22_14448","morning","2026-09-22T08:16:00","6224","Sipcot Industrial Park","2","10049","S.I.V.E.T","34","2026-09-22T08:16:00","2026-09-22T09:02:00","1","60","ALL_TICKETS_USED","AT_TICKET_DESTINATION"
"SYN000726","SYNTHETIC","CHENNAI_ONE_STYLE","2026-09-22","16821","105","14448","Regular","2026-09-22_14448","morning","2026-09-22T08:21:00","6351","Karanai","12","6647","Aathi Nagar","40","2026-09-22T08:31:00","2026-09-22T09:10:00","1","60","ALL_TICKETS_USED","AT_TICKET_DESTINATION"
"SYN000727","SYNTHETIC","ETM_STYLE","2026-09-22","16821","105","14448","Regular","2026-09-22_14448","morning","2026-09-22T08:15:00","9960","Siruseri It Park","1","6625","Santhosapuram","33","2026-09-22T08:15:00","2026-09-22T09:01:00","1","60","ALL_TICKETS_USED","AT_TICKET_DESTINATION"
"SYN000728","SYNTHETIC","ETM_STYLE","2026-09-22","16821","105","14452","Regular","2026-09-22_14452","afternoon","2026-09-22T14:34:00","6659","Sembakkam","36","6666","Kamarajapuram","37","2026-09-22T14:34:00","2026-09-22T14:35:00","1","60","ALL_TICKETS_USED","AT_TICKET_DESTINATION"
"SYN000729","SYNTHETIC","ETM_STYLE","2026-09-22","16821","105","14452","Regular","2026-09-22_14452","afternoon","2026-09-22T14:14:00","6523","Vengaivasal Road Chithalapakkam","23","6658","Tambaram Railway Station East","43","2026-09-22T14:14:00","2026-09-22T14:43:00","1","60","ALL_TICKETS_USED","AT_TICKET_DESTINATION"
"SYN000730","SYNTHETIC","CHENNAI_ONE_STYLE","2026-09-22","16821","105","14452","Regular","2026-09-22_14452","afternoon","2026-09-22T14:00:00","6464","Sithalapakkam","19","6656","Poondi Bazaar","42","2026-09-22T14:10:00","2026-09-22T14:42:00","3","60","ALL_TICKETS_USED","AT_TICKET_DESTINATION"
"SYN000731","SYNTHETIC","ETM_STYLE","2026-09-22","16821","105","14452","Regular","2026-09-22_14452","afternoon","2026-09-22T14:39:00","6643","Selaiyur","39","6656","Poondi Bazaar","42","2026-09-22T14:39:00","2026-09-22T14:42:00","2","60","ALL_TICKETS_USED","AT_TICKET_DESTINATION"
"SYN000732","SYNTHETIC","ETM_STYLE","2026-09-22","16821","105","14452","Regular","2026-09-22_14452","afternoon","2026-09-22T14:37:00","6644","Mahalakshmi Nagar","38","6662","Tambaram East Bus Stop","44","2026-09-22T14:37:00","2026-09-22T14:44:00","2","60","ALL_TICKETS_USED","AT_TICKET_DESTINATION"
"SYN000733","SYNTHETIC","ETM_STYLE","2026-09-22","16821","105","14452","Regular","2026-09-22_14452","afternoon","2026-09-22T14:32:00","10049","S.I.V.E.T","34","6666","Kamarajapuram","37","2026-09-22T14:32:00","2026-09-22T14:35:00","1","60","ALL_TICKETS_USED","AT_TICKET_DESTINATION"
"SYN000734","SYNTHETIC","ETM_STYLE","2026-09-22","16821","105","14452","Regular","2026-09-22_14452","afternoon","2026-09-22T14:40:00","6647","Aathi Nagar","40","6656","Poondi Bazaar","42","2026-09-22T14:40:00","2026-09-22T14:42:00","1","60","ALL_TICKETS_USED","AT_TICKET_DESTINATION"
"SYN000735","SYNTHETIC","CHENNAI_ONE_STYLE","2026-09-22","16821","105","14452","Regular","2026-09-22_14452","afternoon","2026-09-22T13:53:00","6307","Kakkan Nagar","7","6608","Vengaivasal Road Junction","32","2026-09-22T13:55:00","2026-09-22T14:30:00","1","60","ALL_TICKETS_USED","AT_TICKET_DESTINATION"
"SYN000736","SYNTHETIC","ETM_STYLE","2026-09-22","16821","105","14452","Regular","2026-09-22_14452","afternoon","2026-09-22T14:03:00","6363","Ottiyambakkam","13","6656","Poondi Bazaar","42","2026-09-22T14:03:00","2026-09-22T14:42:00","1","60","ALL_TICKETS_USED","AT_TICKET_DESTINATION"
"SYN000737","SYNTHETIC","ETM_STYLE","2026-09-22","16821","105","14452","Regular","2026-09-22_14452","afternoon","2026-09-22T14:07:00","6421","Arasankazhani","16","6535","Gold Winner","24","2026-09-22T14:07:00","2026-09-22T14:15:00","2","60","ALL_TICKETS_USED","AT_TICKET_DESTINATION"
"SYN000738","SYNTHETIC","ETM_STYLE","2026-09-22","16821","105","14452","Regular","2026-09-22_14452","afternoon","2026-09-22T14:42:00","6656","Poondi Bazaar","42","6658","Tambaram Railway Station East","43","2026-09-22T14:42:00","2026-09-22T14:43:00","1","60","ALL_TICKETS_USED","AT_TICKET_DESTINATION"
"SYN000739","SYNTHETIC","ETM_STYLE","2026-09-22","16821","105","14452","Regular","2026-09-22_14452","afternoon","2026-09-22T14:31:00","6625","Santhosapuram","33","10049","S.I.V.E.T","34","2026-09-22T14:31:00","2026-09-22T14:32:00","1","60","ALL_TICKETS_USED","AT_TICKET_DESTINATION"
"SYN000740","SYNTHETIC","ETM_STYLE","2026-09-22","16821","105","14452","Regular","2026-09-22_14452","afternoon","2026-09-22T13:58:00","6303","Thalambur","10","6651","East Tambaram Convent","41","2026-09-22T13:58:00","2026-09-22T14:41:00","1","60","ALL_TICKETS_USED","AT_TICKET_DESTINATION"
"SYN000741","SYNTHETIC","ETM_STYLE","2026-09-22","16821","105","14456","Regular","2026-09-22_14456","evening","2026-09-22T19:30:00","6307","Kakkan Nagar","7","6651","East Tambaram Convent","41","2026-09-22T19:30:00","2026-09-22T20:16:00","3","60","ALL_TICKETS_USED","AT_TICKET_DESTINATION"
"SYN000742","SYNTHETIC","CHENNAI_ONE_STYLE","2026-09-22","16821","105","14456","Regular","2026-09-22_14456","evening","2026-09-22T19:32:00","6332","Karanai Colony","11","6651","East Tambaram Convent","41","2026-09-22T19:34:00","2026-09-22T20:16:00","1","60","ALL_TICKETS_USED","AT_TICKET_DESTINATION"
"SYN000743","SYNTHETIC","ETM_STYLE","2026-09-22","16821","105","14456","Regular","2026-09-22_14456","evening","2026-09-22T19:30:00","6307","Kakkan Nagar","7","6693","Tambaram West Bus Stand","45","2026-09-22T19:30:00","2026-09-22T20:21:00","1","60","ALL_TICKETS_USED","AT_TICKET_DESTINATION"
"SYN000744","SYNTHETIC","CHENNAI_ONE_STYLE","2026-09-22","16821","105","14456","Regular","2026-09-22_14456","evening","2026-09-22T19:17:00","6224","Sipcot Industrial Park","2","6656","Poondi Bazaar","42","2026-09-22T19:21:00","2026-09-22T20:17:00","3","60","ALL_TICKETS_USED","AT_TICKET_DESTINATION"
"SYN000745","SYNTHETIC","CHENNAI_ONE_STYLE","2026-09-22","16821","105","14456","Regular","2026-09-22_14456","evening","2026-09-22T19:18:00","9960","Siruseri It Park","1","6693","Tambaram West Bus Stand","45","2026-09-22T19:20:00","2026-09-22T20:21:00","1","60","ALL_TICKETS_USED","AT_TICKET_DESTINATION"
"SYN000746","SYNTHETIC","CHENNAI_ONE_STYLE","2026-09-22","16821","105","14456","Regular","2026-09-22_14456","evening","2026-09-22T19:36:00","6408","Ramakrishna Nagar","15","10049","S.I.V.E.T","34","2026-09-22T19:41:00","2026-09-22T20:07:00","2","60","ALL_TICKETS_USED","AT_TICKET_DESTINATION"
"SYN000747","SYNTHETIC","CHENNAI_ONE_STYLE","2026-09-22","16821","105","14456","Regular","2026-09-22_14456","evening","2026-09-22T19:12:00","6272","Egattur","5","6656","Poondi Bazaar","42","2026-09-22T19:25:00","2026-09-22T20:17:00","1","60","ALL_TICKETS_USED","AT_TICKET_DESTINATION"
"SYN000748","SYNTHETIC","ETM_STYLE","2026-09-22","16821","105","14456","Regular","2026-09-22_14456","evening","2026-09-22T19:38:00","6363","Ottiyambakkam","13","6614","Vijaya Nagaram","31","2026-09-22T19:38:00","2026-09-22T20:04:00","1","60","ALL_TICKETS_USED","AT_TICKET_DESTINATION"
"SYN000749","SYNTHETIC","ETM_STYLE","2026-09-22","16821","105","14456","Regular","2026-09-22_14456","evening","2026-09-22T19:30:00","6307","Kakkan Nagar","7","6644","Mahalakshmi Nagar","38","2026-09-22T19:30:00","2026-09-22T20:12:00","1","60","ALL_TICKETS_USED","AT_TICKET_DESTINATION"
"SYN000750","SYNTHETIC","ETM_STYLE","2026-09-22","16821","105","14456","Regular","2026-09-22_14456","evening","2026-09-22T19:36:00","6351","Karanai","12","6659","Sembakkam","36","2026-09-22T19:36:00","2026-09-22T20:09:00","1","60","ALL_TICKETS_USED","AT_TICKET_DESTINATION"
"SYN000751","SYNTHETIC","ETM_STYLE","2026-09-22","16821","105","14456","Regular","2026-09-22_14456","evening","2026-09-22T19:41:00","6408","Ramakrishna Nagar","15","6651","East Tambaram Convent","41","2026-09-22T19:41:00","2026-09-22T20:16:00","3","60","ALL_TICKETS_USED","AT_TICKET_DESTINATION"
"SYN000752","SYNTHETIC","ETM_STYLE","2026-09-22","16821","105","14456","Regular","2026-09-22_14456","evening","2026-09-22T19:25:00","6272","Egattur","5","6659","Sembakkam","36","2026-09-22T19:25:00","2026-09-22T20:09:00","3","60","ALL_TICKETS_USED","AT_TICKET_DESTINATION"
"SYN000753","SYNTHETIC","CHENNAI_ONE_STYLE","2026-09-22","16821","105","14456","Regular","2026-09-22_14456","evening","2026-09-22T19:12:00","6224","Sipcot Industrial Park","2","6693","Tambaram West Bus Stand","45","2026-09-22T19:21:00","2026-09-22T20:21:00","1","60","ALL_TICKETS_USED","AT_TICKET_DESTINATION"
"SYN000754","SYNTHETIC","ETM_STYLE","2026-09-22","16821","105","14456","Regular","2026-09-22_14456","evening","2026-09-22T19:20:00","9960","Siruseri It Park","1","6644","Mahalakshmi Nagar","38","2026-09-22T19:20:00","2026-09-22T20:12:00","2","60","ALL_TICKETS_USED","AT_TICKET_DESTINATION"
"SYN000755","SYNTHETIC","ETM_STYLE","2026-09-22","16821","105","14456","Regular","2026-09-22_14456","evening","2026-09-22T19:30:00","6307","Kakkan Nagar","7","6651","East Tambaram Convent","41","2026-09-22T19:30:00","2026-09-22T20:16:00","1","60","ALL_TICKETS_USED","AT_TICKET_DESTINATION"
"SYN000756","SYNTHETIC","ETM_STYLE","2026-09-22","16821","105","14456","Regular","2026-09-22_14456","evening","2026-09-22T19:32:00","6309","Thalambur Road Junction","9","6662","Tambaram East Bus Stop","44","2026-09-22T19:32:00","2026-09-22T20:19:00","1","60","ALL_TICKETS_USED","AT_TICKET_DESTINATION"
"SYN000757","SYNTHETIC","ETM_STYLE","2026-09-22","16821","105","14456","Regular","2026-09-22_14456","evening","2026-09-22T19:24:00","9967","It Park Siruseri Or Muttukadu","4","6666","Kamarajapuram","37","2026-09-22T19:24:00","2026-09-22T20:10:00","3","60","ALL_TICKETS_USED","AT_TICKET_DESTINATION"
"SYN000758","SYNTHETIC","ETM_STYLE","2026-09-22","16821","105","14456","Regular","2026-09-22_14456","evening","2026-09-22T19:28:00","9976","Navalur","6","6658","Tambaram Railway Station East","43","2026-09-22T19:28:00","2026-09-22T20:18:00","2","60","ALL_TICKETS_USED","AT_TICKET_DESTINATION"
"SYN000759","SYNTHETIC","ETM_STYLE","2026-09-22","16821","105","14456","Regular","2026-09-22_14456","evening","2026-09-22T19:32:00","6309","Thalambur Road Junction","9","6693","Tambaram West Bus Stand","45","2026-09-22T19:32:00","2026-09-22T20:21:00","1","60","ALL_TICKETS_USED","AT_TICKET_DESTINATION"
"SYN000760","SYNTHETIC","ETM_STYLE","2026-09-22","16821","105","14456","Regular","2026-09-22_14456","evening","2026-09-22T19:33:00","6303","Thalambur","10","6693","Tambaram West Bus Stand","45","2026-09-22T19:33:00","2026-09-22T20:21:00","1","60","ALL_TICKETS_USED","AT_TICKET_DESTINATION"
"SYN000761","SYNTHETIC","ETM_STYLE","2026-09-22","16821","105","14456","Regular","2026-09-22_14456","evening","2026-09-22T19:33:00","6303","Thalambur","10","6647","Aathi Nagar","40","2026-09-22T19:33:00","2026-09-22T20:15:00","2","60","ALL_TICKETS_USED","AT_TICKET_DESTINATION"
"SYN000762","SYNTHETIC","CHENNAI_ONE_STYLE","2026-09-22","16821","105","14456","Regular","2026-09-22_14456","evening","2026-09-22T19:15:00","6240","Tcs Gate 1","3","6658","Tambaram Railway Station East","43","2026-09-22T19:22:00","2026-09-22T20:18:00","1","60","ALL_TICKETS_USED","AT_TICKET_DESTINATION"
"SYN000763","SYNTHETIC","ETM_STYLE","2026-09-22","16821","105","14456","Regular","2026-09-22_14456","evening","2026-09-22T19:33:00","6303","Thalambur","10","6693","Tambaram West Bus Stand","45","2026-09-22T19:33:00","2026-09-22T20:21:00","1","60","ALL_TICKETS_USED","AT_TICKET_DESTINATION"
"SYN000764","SYNTHETIC","CHENNAI_ONE_STYLE","2026-09-22","16821","105","14456","Regular","2026-09-22_14456","evening","2026-09-22T19:17:00","6224","Sipcot Industrial Park","2","6647","Aathi Nagar","40","2026-09-22T19:21:00","2026-09-22T20:15:00","1","60","ALL_TICKETS_USED","AT_TICKET_DESTINATION"
"SYN000765","SYNTHETIC","ETM_STYLE","2026-09-22","16821","105","14456","Regular","2026-09-22_14456","evening","2026-09-22T19:20:00","9960","Siruseri It Park","1","6638","Prince College","35","2026-09-22T19:20:00","2026-09-22T20:08:00","1","60","ALL_TICKETS_USED","AT_TICKET_DESTINATION"
"SYN000766","SYNTHETIC","ETM_STYLE","2026-09-22","16821","105","14456","Regular","2026-09-22_14456","evening","2026-09-22T19:30:00","6307","Kakkan Nagar","7","6608","Vengaivasal Road Junction","32","2026-09-22T19:30:00","2026-09-22T20:05:00","2","60","ALL_TICKETS_USED","AT_TICKET_DESTINATION"
"SYN000767","SYNTHETIC","ETM_STYLE","2026-09-22","16821","105","14456","Regular","2026-09-22_14456","evening","2026-09-22T19:28:00","9976","Navalur","6","6614","Vijaya Nagaram","31","2026-09-22T19:28:00","2026-09-22T20:04:00","1","60","ALL_TICKETS_USED","AT_TICKET_DESTINATION"
"SYN000768","SYNTHETIC","ETM_STYLE","2026-09-22","16821","105","14456","Regular","2026-09-22_14456","evening","2026-09-22T19:22:00","6240","Tcs Gate 1","3","6656","Poondi Bazaar","42","2026-09-22T19:22:00","2026-09-22T20:17:00","1","60","ALL_TICKETS_USED","AT_TICKET_DESTINATION"
"SYN000769","SYNTHETIC","ETM_STYLE","2026-09-22","16821","105","14456","Regular","2026-09-22_14456","evening","2026-09-22T19:33:00","6303","Thalambur","10","6651","East Tambaram Convent","41","2026-09-22T19:33:00","2026-09-22T20:16:00","1","60","ALL_TICKETS_USED","AT_TICKET_DESTINATION"
"SYN000770","SYNTHETIC","CHENNAI_ONE_STYLE","2026-09-22","16821","105","14456","Regular","2026-09-22_14456","evening","2026-09-22T19:28:00","6303","Thalambur","10","6659","Sembakkam","36","2026-09-22T19:33:00","2026-09-22T20:09:00","1","60","ALL_TICKETS_USED","AT_TICKET_DESTINATION"
"SYN000771","SYNTHETIC","ETM_STYLE","2026-09-22","16821","105","14456","Regular","2026-09-22_14456","evening","2026-09-22T19:28:00","9976","Navalur","6","6638","Prince College","35","2026-09-22T19:28:00","2026-09-22T20:08:00","2","60","ALL_TICKETS_USED","AT_TICKET_DESTINATION"
"SYN000772","SYNTHETIC","ETM_STYLE","2026-09-22","16821","105","14458","Regular","2026-09-22_14458","night","2026-09-22T22:18:00","6303","Thalambur","10","6651","East Tambaram Convent","41","2026-09-22T22:18:00","2026-09-22T23:01:00","1","60","ALL_TICKETS_USED","AT_TICKET_DESTINATION"
"SYN000773","SYNTHETIC","ETM_STYLE","2026-09-22","16821","105","14458","Regular","2026-09-22_14458","night","2026-09-22T22:51:00","6625","Santhosapuram","33","6647","Aathi Nagar","40","2026-09-22T22:51:00","2026-09-22T23:00:00","1","60","ALL_TICKETS_USED","AT_TICKET_DESTINATION"
"SYN000774","SYNTHETIC","ETM_STYLE","2026-09-22","16821","105","14458","Regular","2026-09-22_14458","night","2026-09-22T22:32:00","6492","Valluvar Nagar Chithalapakkam","21","6651","East Tambaram Convent","41","2026-09-22T22:32:00","2026-09-22T23:01:00","1","60","ALL_TICKETS_USED","AT_TICKET_DESTINATION"
"SYN000775","SYNTHETIC","CHENNAI_ONE_STYLE","2026-09-22","16821","105","14458","Regular","2026-09-22_14458","night","2026-09-22T22:14:00","6421","Arasankazhani","16","10049","S.I.V.E.T","34","2026-09-22T22:27:00","2026-09-22T22:52:00","2","60","ALL_TICKETS_USED","AT_TICKET_DESTINATION"
"SYN000776","SYNTHETIC","CHENNAI_ONE_STYLE","2026-09-22","16821","105","14458","Regular","2026-09-22_14458","night","2026-09-22T22:25:00","6408","Ramakrishna Nagar","15","6575","Babu Nagar Medavakkam","27","2026-09-22T22:26:00","2026-09-22T22:38:00","1","60","ALL_TICKETS_USED","AT_TICKET_DESTINATION"
"SYN000777","SYNTHETIC","ETM_STYLE","2026-09-22","16821","105","14458","Regular","2026-09-22_14458","night","2026-09-22T22:55:00","6666","Kamarajapuram","37","6656","Poondi Bazaar","42","2026-09-22T22:55:00","2026-09-22T23:02:00","1","60","ALL_TICKETS_USED","AT_TICKET_DESTINATION"
"SYN000778","SYNTHETIC","ETM_STYLE","2026-09-22","16821","105","14458","Regular","2026-09-22_14458","night","2026-09-22T23:03:00","6658","Tambaram Railway Station East","43","6662","Tambaram East Bus Stop","44","2026-09-22T23:03:00","2026-09-22T23:04:00","2","60","ALL_TICKETS_USED","AT_TICKET_DESTINATION"
"SYN000779","SYNTHETIC","ETM_STYLE","2026-09-22","16821","105","14458","Regular","2026-09-22_14458","night","2026-09-22T22:49:00","6614","Vijaya Nagaram","31","6658","Tambaram Railway Station East","43","2026-09-22T22:49:00","2026-09-22T23:03:00","1","60","ALL_TICKETS_USED","AT_TICKET_DESTINATION"
"SYN000780","SYNTHETIC","CHENNAI_ONE_STYLE","2026-09-22","16821","105","14458","Regular","2026-09-22_14458","night","2026-09-22T22:50:00","6608","Vengaivasal Road Junction","32","6659","Sembakkam","36","2026-09-22T22:50:00","2026-09-22T22:54:00","3","60","ALL_TICKETS_USED","AT_TICKET_DESTINATION"
"SYN000781","SYNTHETIC","CHENNAI_ONE_STYLE","2026-09-22","16821","105","14458","Regular","2026-09-22_14458","night","2026-09-22T21:58:00","9967","It Park Siruseri Or Muttukadu","4","6464","Sithalapakkam","19","2026-09-22T22:09:00","2026-09-22T22:30:00","1","60","ALL_TICKETS_USED","AT_TICKET_DESTINATION"
"SYN000782","SYNTHETIC","ETM_STYLE","2026-09-22","16821","105","14458","Regular","2026-09-22_14458","night","2026-09-22T23:00:00","6647","Aathi Nagar","40","6662","Tambaram East Bus Stop","44","2026-09-22T23:00:00","2026-09-22T23:04:00","3","60","ALL_TICKETS_USED","AT_TICKET_DESTINATION"
"SYN000783","SYNTHETIC","ETM_STYLE","2026-09-22","16821","105","14458","Regular","2026-09-22_14458","night","2026-09-22T22:45:00","6600","Medavakkam Junction","28","6666","Kamarajapuram","37","2026-09-22T22:45:00","2026-09-22T22:55:00","2","60","ALL_TICKETS_USED","AT_TICKET_DESTINATION"
"SYN000784","SYNTHETIC","CHENNAI_ONE_STYLE","2026-09-22","23600","109 R","102371","Regular","2026-09-22_102371","morning","2026-09-22T09:28:00","5918","Kannagi Statue Or Presidency College","7","6091","Kovalam Kelambakam Road Junction","47","2026-09-22T09:39:00","2026-09-22T10:45:00","2","60","ALL_TICKETS_USED","AT_TICKET_DESTINATION"
"SYN000785","SYNTHETIC","ETM_STYLE","2026-09-22","23600","109 R","102371","Regular","2026-09-22_102371","morning","2026-09-22T09:58:00","5758","M.G.R Janaki College Or Sathya Studio","15","6130","Kunnukadu Alamaram","45","2026-09-22T09:58:00","2026-09-22T10:43:00","2","60","ALL_TICKETS_USED","AT_TICKET_DESTINATION"
"SYN000786","SYNTHETIC","ETM_STYLE","2026-09-22","23600","109 R","102371","Regular","2026-09-22_102371","morning","2026-09-22T09:58:00","5758","M.G.R Janaki College Or Sathya Studio","15","6387","Uthandi","35","2026-09-22T09:58:00","2026-09-22T10:33:00","2","60","ALL_TICKETS_USED","AT_TICKET_DESTINATION"
"SYN000787","SYNTHETIC","ETM_STYLE","2026-09-22","23600","109 R","102371","Regular","2026-09-22_102371","morning","2026-09-22T09:45:00","5917","Queen Marys College","9","6316","Kanathur","38","2026-09-22T09:45:00","2026-09-22T10:36:00","1","60","ALL_TICKETS_USED","AT_TICKET_DESTINATION"
"SYN000788","SYNTHETIC","ETM_STYLE","2026-09-22","23600","109 R","102371","Regular","2026-09-22_102371","morning","2026-09-22T09:47:00","5639","Santhome Church","11","9962","Mary World Or Mgm","41","2026-09-22T09:47:00","2026-09-22T10:39:00","2","60","ALL_TICKETS_USED","AT_TICKET_DESTINATION"
"SYN000789","SYNTHETIC","CHENNAI_ONE_STYLE","2026-09-22","23600","109 R","102371","Regular","2026-09-22_102371","morning","2026-09-22T09:24:00","5932","War Memorial","4","6316","Kanathur","38","2026-09-22T09:35:00","2026-09-22T10:36:00","1","60","ALL_TICKETS_USED","AT_TICKET_DESTINATION"
"SYN000790","SYNTHETIC","ETM_STYLE","2026-09-22","23600","109 R","102371","Regular","2026-09-22_102371","morning","2026-09-22T09:37:00","2601","Marina Beach","6","6287","Meera Nagar","39","2026-09-22T09:37:00","2026-09-22T10:37:00","3","60","ALL_TICKETS_USED","AT_TICKET_DESTINATION"
"SYN000791","SYNTHETIC","CHENNAI_ONE_STYLE","2026-09-22","23600","109 R","102371","Regular","2026-09-22_102371","morning","2026-09-22T09:25:00","5814","Secretariat","3","6091","Kovalam Kelambakam Road Junction","47","2026-09-22T09:34:00","2026-09-22T10:45:00","3","60","ALL_TICKETS_USED","AT_TICKET_DESTINATION"
"SYN000792","SYNTHETIC","ETM_STYLE","2026-09-22","23600","109 R","102371","Regular","2026-09-22_102371","morning","2026-09-22T09:51:00","9128","Mrc Nagar","13","9962","Mary World Or Mgm","41","2026-09-22T09:51:00","2026-09-22T10:39:00","1","60","ALL_TICKETS_USED","AT_TICKET_DESTINATION"
"SYN000793","SYNTHETIC","ETM_STYLE","2026-09-22","23600","109 R","102371","Regular","2026-09-22_102371","morning","2026-09-22T09:34:00","5814","Secretariat","3","6106","Kovalam","46","2026-09-22T09:34:00","2026-09-22T10:44:00","1","60","ALL_TICKETS_USED","AT_TICKET_DESTINATION"
"SYN000794","SYNTHETIC","ETM_STYLE","2026-09-22","23600","109 R","102371","Regular","2026-09-22_102371","morning","2026-09-22T09:34:00","5814","Secretariat","3","9955","N.I.E.P.M.D","43","2026-09-22T09:34:00","2026-09-22T10:41:00","1","60","ALL_TICKETS_USED","AT_TICKET_DESTINATION"
"SYN000795","SYNTHETIC","ETM_STYLE","2026-09-22","23600","109 R","102371","Regular","2026-09-22_102371","morning","2026-09-22T09:51:00","9128","Mrc Nagar","13","6387","Uthandi","35","2026-09-22T09:51:00","2026-09-22T10:33:00","2","60","ALL_TICKETS_USED","AT_TICKET_DESTINATION"
"SYN000796","SYNTHETIC","ETM_STYLE","2026-09-22","23600","109 R","102371","Regular","2026-09-22_102371","morning","2026-09-22T09:47:00","5639","Santhome Church","11","6370","Anandbagh","36","2026-09-22T09:47:00","2026-09-22T10:34:00","1","60","ALL_TICKETS_USED","AT_TICKET_DESTINATION"
"SYN000797","SYNTHETIC","ETM_STYLE","2026-09-22","23600","109 R","102371","Regular","2026-09-22_102371","morning","2026-09-22T09:47:00","5639","Santhome Church","11","6102","Kovalam Bus Terminus","49","2026-09-22T09:47:00","2026-09-22T10:49:00","2","60","ALL_TICKETS_USED","AT_TICKET_DESTINATION"
"SYN000798","SYNTHETIC","CHENNAI_ONE_STYLE","2026-09-22","23600","109 R","102371","Regular","2026-09-22_102371","morning","2026-09-22T09:27:00","2601","Marina Beach","6","6249","Muttukadu","40","2026-09-22T09:37:00","2026-09-22T10:38:00","1","60","ALL_TICKETS_USED","AT_TICKET_DESTINATION"
"SYN000799","SYNTHETIC","CHENNAI_ONE_STYLE","2026-09-22","23600","109 R","102371","Regular","2026-09-22_102371","morning","2026-09-22T09:15:00","11159","Island ground Terminus","1","9957","Panjabur Or Yellow Board","42","2026-09-22T09:25:00","2026-09-22T10:40:00","1","60","ALL_TICKETS_USED","AT_TICKET_DESTINATION"
"SYN000800","SYNTHETIC","ETM_STYLE","2026-09-22","23600","109 R","102371","Regular","2026-09-22_102371","morning","2026-09-22T09:47:00","5639","Santhome Church","11","6106","Kovalam","46","2026-09-22T09:47:00","2026-09-22T10:44:00","1","60","ALL_TICKETS_USED","AT_TICKET_DESTINATION"
"SYN000801","SYNTHETIC","ETM_STYLE","2026-09-22","23600","109 R","102371","Regular","2026-09-22_102371","morning","2026-09-22T09:45:00","5917","Queen Marys College","9","6091","Kovalam Kelambakam Road Junction","47","2026-09-22T09:45:00","2026-09-22T10:45:00","1","60","ALL_TICKETS_USED","AT_TICKET_DESTINATION"
"SYN000802","SYNTHETIC","ETM_STYLE","2026-09-22","23600","109 R","102371","Regular","2026-09-22_102371","morning","2026-09-22T09:37:00","2601","Marina Beach","6","6160","Muttukadu Boat House","44","2026-09-22T09:37:00","2026-09-22T10:42:00","1","60","ALL_TICKETS_USED","AT_TICKET_DESTINATION"
"SYN000803","SYNTHETIC","ETM_STYLE","2026-09-22","23600","109 R","102371","Regular","2026-09-22_102371","morning","2026-09-22T09:25:00","11159","Island ground Terminus","1","6160","Muttukadu Boat House","44","2026-09-22T09:25:00","2026-09-22T10:42:00","2","60","ALL_TICKETS_USED","AT_TICKET_DESTINATION"
"SYN000804","SYNTHETIC","CHENNAI_ONE_STYLE","2026-09-22","23600","109 R","102371","Regular","2026-09-22_102371","morning","2026-09-22T09:32:00","5917","Queen Marys College","9","6249","Muttukadu","40","2026-09-22T09:45:00","2026-09-22T10:38:00","2","60","ALL_TICKETS_USED","AT_TICKET_DESTINATION"
"SYN000805","SYNTHETIC","CHENNAI_ONE_STYLE","2026-09-22","23600","109 R","102371","Regular","2026-09-22_102371","morning","2026-09-22T09:20:00","9783","Parrys Corner","2","6370","Anandbagh","36","2026-09-22T09:32:00","2026-09-22T10:34:00","1","60","ALL_TICKETS_USED","AT_TICKET_DESTINATION"
"SYN000806","SYNTHETIC","CHENNAI_ONE_STYLE","2026-09-22","23600","109 R","102371","Regular","2026-09-22_102371","morning","2026-09-22T09:24:00","11159","Island ground Terminus","1","9955","N.I.E.P.M.D","43","2026-09-22T09:25:00","2026-09-22T10:41:00","1","60","ALL_TICKETS_USED","AT_TICKET_DESTINATION"
"SYN000807","SYNTHETIC","ETM_STYLE","2026-09-22","23600","109 R","102371","Regular","2026-09-22_102371","morning","2026-09-22T09:49:00","5819","Foreshore Estate Bus Stop","12","6160","Muttukadu Boat House","44","2026-09-22T09:49:00","2026-09-22T10:42:00","1","60","ALL_TICKETS_USED","AT_TICKET_DESTINATION"
"SYN000808","SYNTHETIC","ETM_STYLE","2026-09-22","23600","109 R","102371","Regular","2026-09-22_102371","morning","2026-09-22T09:56:00","10814","Music College Annamalai Puram","14","6287","Meera Nagar","39","2026-09-22T09:56:00","2026-09-22T10:37:00","2","60","ALL_TICKETS_USED","AT_TICKET_DESTINATION"
"SYN000809","SYNTHETIC","ETM_STYLE","2026-09-22","23600","109 R","102371","Regular","2026-09-22_102371","morning","2026-09-22T09:34:00","5814","Secretariat","3","9962","Mary World Or Mgm","41","2026-09-22T09:34:00","2026-09-22T10:39:00","1","60","ALL_TICKETS_USED","AT_TICKET_DESTINATION"
"SYN000810","SYNTHETIC","ETM_STYLE","2026-09-22","23600","109 R","102371","Regular","2026-09-22_102371","morning","2026-09-22T09:36:00","11192","Annasquare","5","6316","Kanathur","38","2026-09-22T09:36:00","2026-09-22T10:36:00","2","60","ALL_TICKETS_USED","AT_TICKET_DESTINATION"
"SYN000811","SYNTHETIC","ETM_STYLE","2026-09-22","23600","109 R","102371","Regular","2026-09-22_102371","morning","2026-09-22T09:32:00","9783","Parrys Corner","2","6370","Anandbagh","36","2026-09-22T09:32:00","2026-09-22T10:34:00","1","60","ALL_TICKETS_USED","AT_TICKET_DESTINATION"
"SYN000812","SYNTHETIC","CHENNAI_ONE_STYLE","2026-09-22","23600","109 R","102371","Regular","2026-09-22_102371","morning","2026-09-22T09:17:00","9783","Parrys Corner","2","6387","Uthandi","35","2026-09-22T09:32:00","2026-09-22T10:33:00","1","60","ALL_TICKETS_USED","AT_TICKET_DESTINATION"
"SYN000813","SYNTHETIC","CHENNAI_ONE_STYLE","2026-09-22","23600","109 R","102371","Regular","2026-09-22_102371","morning","2026-09-22T09:43:00","5758","M.G.R Janaki College Or Sathya Studio","15","6160","Muttukadu Boat House","44","2026-09-22T09:58:00","2026-09-22T10:42:00","1","60","ALL_TICKETS_USED","AT_TICKET_DESTINATION"
"SYN000814","SYNTHETIC","ETM_STYLE","2026-09-22","23600","109 R","102371","Regular","2026-09-22_102371","morning","2026-09-22T09:46:00","5638","All India Radio Light House","10","6287","Meera Nagar","39","2026-09-22T09:46:00","2026-09-22T10:37:00","2","60","ALL_TICKETS_USED","AT_TICKET_DESTINATION"
"SYN000815","SYNTHETIC","ETM_STYLE","2026-09-22","23600","109 R","102373","Regular","2026-09-22_102373","afternoon","2026-09-22T13:49:00","5819","Foreshore Estate Bus Stop","12","6102","Kovalam Bus Terminus","49","2026-09-22T13:49:00","2026-09-22T14:49:00","1","60","ALL_TICKETS_USED","AT_TICKET_DESTINATION"
"SYN000816","SYNTHETIC","ETM_STYLE","2026-09-22","23600","109 R","102373","Regular","2026-09-22_102373","afternoon","2026-09-22T14:44:00","6106","Kovalam","46","6081","Kovalam Chamjarai","48","2026-09-22T14:44:00","2026-09-22T14:46:00","3","60","ALL_TICKETS_USED","AT_TICKET_DESTINATION"
"SYN000817","SYNTHETIC","ETM_STYLE","2026-09-22","23600","109 R","102373","Regular","2026-09-22_102373","afternoon","2026-09-22T14:26:00","6581","Vgp Golden Beach","31","6160","Muttukadu Boat House","44","2026-09-22T14:26:00","2026-09-22T14:42:00","2","60","ALL_TICKETS_USED","AT_TICKET_DESTINATION"
"SYN000818","SYNTHETIC","CHENNAI_ONE_STYLE","2026-09-22","23600","109 R","102373","Regular","2026-09-22_102373","afternoon","2026-09-22T13:26:00","2601","Marina Beach","6","9128","Mrc Nagar","13","2026-09-22T13:37:00","2026-09-22T13:51:00","3","60","ALL_TICKETS_USED","AT_TICKET_DESTINATION"
"SYN000819","SYNTHETIC","ETM_STYLE","2026-09-22","23600","109 R","102373","Regular","2026-09-22_102373","afternoon","2026-09-22T13:47:00","5639","Santhome Church","11","6287","Meera Nagar","39","2026-09-22T13:47:00","2026-09-22T14:37:00","1","60","ALL_TICKETS_USED","AT_TICKET_DESTINATION"
"SYN000820","SYNTHETIC","ETM_STYLE","2026-09-22","23600","109 R","102373","Regular","2026-09-22_102373","afternoon","2026-09-22T14:11:00","10142","Thiruvanmiyur Or Marudeeswarar Temple","19","6387","Uthandi","35","2026-09-22T14:11:00","2026-09-22T14:33:00","2","60","ALL_TICKETS_USED","AT_TICKET_DESTINATION"
"SYN000821","SYNTHETIC","ETM_STYLE","2026-09-22","23600","109 R","102373","Regular","2026-09-22_102373","afternoon","2026-09-22T14:40:00","9957","Panjabur Or Yellow Board","42","6106","Kovalam","46","2026-09-22T14:40:00","2026-09-22T14:44:00","1","60","ALL_TICKETS_USED","AT_TICKET_DESTINATION"
"SYN000822","SYNTHETIC","ETM_STYLE","2026-09-22","23600","109 R","102373","Regular","2026-09-22_102373","afternoon","2026-09-22T14:42:00","6160","Muttukadu Boat House","44","6081","Kovalam Chamjarai","48","2026-09-22T14:42:00","2026-09-22T14:46:00","2","60","ALL_TICKETS_USED","AT_TICKET_DESTINATION"
"SYN000823","SYNTHETIC","ETM_STYLE","2026-09-22","23600","109 R","102373","Regular","2026-09-22_102373","afternoon","2026-09-22T13:37:00","2601","Marina Beach","6","6102","Kovalam Bus Terminus","49","2026-09-22T13:37:00","2026-09-22T14:49:00","2","60","ALL_TICKETS_USED","AT_TICKET_DESTINATION"
"SYN000824","SYNTHETIC","CHENNAI_ONE_STYLE","2026-09-22","23600","109 R","102373","Regular","2026-09-22_102373","afternoon","2026-09-22T13:37:00","9128","Mrc Nagar","13","10142","Thiruvanmiyur Or Marudeeswarar Temple","19","2026-09-22T13:51:00","2026-09-22T14:11:00","1","60","ALL_TICKETS_USED","AT_TICKET_DESTINATION"
"SYN000825","SYNTHETIC","CHENNAI_ONE_STYLE","2026-09-22","23600","109 R","102373","Regular","2026-09-22_102373","afternoon","2026-09-22T13:24:00","5918","Kannagi Statue Or Presidency College","7","10018","Akkarai Or Water Supply Head Work","32","2026-09-22T13:39:00","2026-09-22T14:29:00","1","60","ALL_TICKETS_USED","AT_TICKET_DESTINATION"
"SYN000826","SYNTHETIC","ETM_STYLE","2026-09-22","23600","109 R","102373","Regular","2026-09-22_102373","afternoon","2026-09-22T14:14:00","8666","Thiruvalluvar Nagar Rto","20","6387","Uthandi","35","2026-09-22T14:14:00","2026-09-22T14:33:00","1","60","ALL_TICKETS_USED","AT_TICKET_DESTINATION"
"SYN000827","SYNTHETIC","ETM_STYLE","2026-09-22","23600","109 R","102373","Regular","2026-09-22_102373","afternoon","2026-09-22T13:39:00","5918","Kannagi Statue Or Presidency College","7","5914","Jayanthi Theatre","18","2026-09-22T13:39:00","2026-09-22T14:08:00","2","60","ALL_TICKETS_USED","AT_TICKET_DESTINATION"
"SYN000828","SYNTHETIC","ETM_STYLE","2026-09-22","23600","109 R","102375","Regular","2026-09-22_102375","evening","2026-09-22T17:27:00","9783","Parrys Corner","2","6370","Anandbagh","36","2026-09-22T17:27:00","2026-09-22T18:29:00","1","60","ALL_TICKETS_USED","AT_TICKET_DESTINATION"
"SYN000829","SYNTHETIC","ETM_STYLE","2026-09-22","23600","109 R","102375","Regular","2026-09-22_102375","evening","2026-09-22T17:55:00","5760","Adyar Signal","16","6316","Kanathur","38","2026-09-22T17:55:00","2026-09-22T18:31:00","1","60","ALL_TICKETS_USED","AT_TICKET_DESTINATION"
"SYN000830","SYNTHETIC","ETM_STYLE","2026-09-22","23600","109 R","102375","Regular","2026-09-22_102375","evening","2026-09-22T17:27:00","9783","Parrys Corner","2","6081","Kovalam Chamjarai","48","2026-09-22T17:27:00","2026-09-22T18:41:00","2","60","ALL_TICKETS_USED","AT_TICKET_DESTINATION"
"SYN000831","SYNTHETIC","CHENNAI_ONE_STYLE","2026-09-22","23600","109 R","102375","Regular","2026-09-22_102375","evening","2026-09-22T17:46:00","5760","Adyar Signal","16","6091","Kovalam Kelambakam Road Junction","47","2026-09-22T17:55:00","2026-09-22T18:40:00","1","60","ALL_TICKETS_USED","AT_TICKET_DESTINATION"
"SYN000832","SYNTHETIC","ETM_STYLE","2026-09-22","23600","109 R","102375","Regular","2026-09-22_102375","evening","2026-09-22T17:55:00","5760","Adyar Signal","16","6316","Kanathur","38","2026-09-22T17:55:00","2026-09-22T18:31:00","1","60","ALL_TICKETS_USED","AT_TICKET_DESTINATION"
"SYN000833","SYNTHETIC","ETM_STYLE","2026-09-22","23600","109 R","102375","Regular","2026-09-22_102375","evening","2026-09-22T17:53:00","5758","M.G.R Janaki College Or Sathya Studio","15","6106","Kovalam","46","2026-09-22T17:53:00","2026-09-22T18:39:00","1","60","ALL_TICKETS_USED","AT_TICKET_DESTINATION"
"SYN000834","SYNTHETIC","ETM_STYLE","2026-09-22","23600","109 R","102375","Regular","2026-09-22_102375","evening","2026-09-22T17:29:00","5814","Secretariat","3","6081","Kovalam Chamjarai","48","2026-09-22T17:29:00","2026-09-22T18:41:00","1","60","ALL_TICKETS_USED","AT_TICKET_DESTINATION"
"SYN000835","SYNTHETIC","CHENNAI_ONE_STYLE","2026-09-22","23600","109 R","102375","Regular","2026-09-22_102375","evening","2026-09-22T17:16:00","5932","War Memorial","4","6081","Kovalam Chamjarai","48","2026-09-22T17:30:00","2026-09-22T18:41:00","1","60","ALL_TICKETS_USED","AT_TICKET_DESTINATION"
"SYN000836","SYNTHETIC","ETM_STYLE","2026-09-22","23600","109 R","102375","Regular","2026-09-22_102375","evening","2026-09-22T17:55:00","5760","Adyar Signal","16","6316","Kanathur","38","2026-09-22T17:55:00","2026-09-22T18:31:00","2","60","ALL_TICKETS_USED","AT_TICKET_DESTINATION"
"SYN000837","SYNTHETIC","ETM_STYLE","2026-09-22","23600","109 R","102375","Regular","2026-09-22_102375","evening","2026-09-22T17:40:00","5917","Queen Marys College","9","9962","Mary World Or Mgm","41","2026-09-22T17:40:00","2026-09-22T18:34:00","1","60","ALL_TICKETS_USED","AT_TICKET_DESTINATION"
"SYN000838","SYNTHETIC","ETM_STYLE","2026-09-22","23600","109 R","102375","Regular","2026-09-22_102375","evening","2026-09-22T17:53:00","5758","M.G.R Janaki College Or Sathya Studio","15","9986","Uthandi Toll Gate Or Ragash College","37","2026-09-22T17:53:00","2026-09-22T18:30:00","2","60","ALL_TICKETS_USED","AT_TICKET_DESTINATION"
"SYN000839","SYNTHETIC","ETM_STYLE","2026-09-22","23600","109 R","102375","Regular","2026-09-22_102375","evening","2026-09-22T17:39:00","5916","Vivekananda House","8","6130","Kunnukadu Alamaram","45","2026-09-22T17:39:00","2026-09-22T18:38:00","1","60","ALL_TICKETS_USED","AT_TICKET_DESTINATION"
"SYN000840","SYNTHETIC","ETM_STYLE","2026-09-22","23600","109 R","102375","Regular","2026-09-22_102375","evening","2026-09-22T17:32:00","2601","Marina Beach","6","6316","Kanathur","38","2026-09-22T17:32:00","2026-09-22T18:31:00","2","60","ALL_TICKETS_USED","AT_TICKET_DESTINATION"
"SYN000841","SYNTHETIC","CHENNAI_ONE_STYLE","2026-09-22","23600","109 R","102375","Regular","2026-09-22_102375","evening","2026-09-22T17:44:00","9128","Mrc Nagar","13","6160","Muttukadu Boat House","44","2026-09-22T17:46:00","2026-09-22T18:37:00","1","60","ALL_TICKETS_USED","AT_TICKET_DESTINATION"
"SYN000842","SYNTHETIC","ETM_STYLE","2026-09-22","23600","109 R","102375","Regular","2026-09-22_102375","evening","2026-09-22T17:29:00","5814","Secretariat","3","6130","Kunnukadu Alamaram","45","2026-09-22T17:29:00","2026-09-22T18:38:00","2","60","ALL_TICKETS_USED","AT_TICKET_DESTINATION"
"SYN000843","SYNTHETIC","ETM_STYLE","2026-09-22","23600","109 R","102375","Regular","2026-09-22_102375","evening","2026-09-22T17:51:00","10814","Music College Annamalai Puram","14","6249","Muttukadu","40","2026-09-22T17:51:00","2026-09-22T18:33:00","1","60","ALL_TICKETS_USED","AT_TICKET_DESTINATION"
"SYN000844","SYNTHETIC","CHENNAI_ONE_STYLE","2026-09-22","23600","109 R","102375","Regular","2026-09-22_102375","evening","2026-09-22T17:24:00","5932","War Memorial","4","6160","Muttukadu Boat House","44","2026-09-22T17:30:00","2026-09-22T18:37:00","2","60","ALL_TICKETS_USED","AT_TICKET_DESTINATION"
"SYN000845","SYNTHETIC","ETM_STYLE","2026-09-22","23600","109 R","102375","Regular","2026-09-22_102375","evening","2026-09-22T17:31:00","11192","Annasquare","5","6387","Uthandi","35","2026-09-22T17:31:00","2026-09-22T18:28:00","2","60","ALL_TICKETS_USED","AT_TICKET_DESTINATION"
"SYN000846","SYNTHETIC","ETM_STYLE","2026-09-22","23600","109 R","102375","Regular","2026-09-22_102375","evening","2026-09-22T17:41:00","5638","All India Radio Light House","10","6387","Uthandi","35","2026-09-22T17:41:00","2026-09-22T18:28:00","1","60","ALL_TICKETS_USED","AT_TICKET_DESTINATION"
"SYN000847","SYNTHETIC","ETM_STYLE","2026-09-22","23600","109 R","102375","Regular","2026-09-22_102375","evening","2026-09-22T17:32:00","2601","Marina Beach","6","9986","Uthandi Toll Gate Or Ragash College","37","2026-09-22T17:32:00","2026-09-22T18:30:00","2","60","ALL_TICKETS_USED","AT_TICKET_DESTINATION"
"SYN000848","SYNTHETIC","CHENNAI_ONE_STYLE","2026-09-22","23600","109 R","102375","Regular","2026-09-22_102375","evening","2026-09-22T17:21:00","5918","Kannagi Statue Or Presidency College","7","9955","N.I.E.P.M.D","43","2026-09-22T17:34:00","2026-09-22T18:36:00","1","60","ALL_TICKETS_USED","AT_TICKET_DESTINATION"
"SYN000849","SYNTHETIC","ETM_STYLE","2026-09-22","23600","109 R","102375","Regular","2026-09-22_102375","evening","2026-09-22T17:55:00","5760","Adyar Signal","16","6130","Kunnukadu Alamaram","45","2026-09-22T17:55:00","2026-09-22T18:38:00","1","60","ALL_TICKETS_USED","AT_TICKET_DESTINATION"
"SYN000850","SYNTHETIC","CHENNAI_ONE_STYLE","2026-09-22","23600","109 R","102375","Regular","2026-09-22_102375","evening","2026-09-22T17:32:00","5918","Kannagi Statue Or Presidency College","7","6370","Anandbagh","36","2026-09-22T17:34:00","2026-09-22T18:29:00","2","60","ALL_TICKETS_USED","AT_TICKET_DESTINATION"
"SYN000851","SYNTHETIC","CHENNAI_ONE_STYLE","2026-09-22","23600","109 R","102375","Regular","2026-09-22_102375","evening","2026-09-22T17:28:00","5639","Santhome Church","11","6387","Uthandi","35","2026-09-22T17:42:00","2026-09-22T18:28:00","2","60","ALL_TICKETS_USED","AT_TICKET_DESTINATION"
"SYN000852","SYNTHETIC","CHENNAI_ONE_STYLE","2026-09-22","23600","109 R","102375","Regular","2026-09-22_102375","evening","2026-09-22T17:36:00","5916","Vivekananda House","8","6459","Panaiyur","33","2026-09-22T17:39:00","2026-09-22T18:26:00","1","60","ALL_TICKETS_USED","AT_TICKET_DESTINATION"
"SYN000853","SYNTHETIC","ETM_STYLE","2026-09-22","23600","109 R","102375","Regular","2026-09-22_102375","evening","2026-09-22T17:42:00","5639","Santhome Church","11","6091","Kovalam Kelambakam Road Junction","47","2026-09-22T17:42:00","2026-09-22T18:40:00","1","60","ALL_TICKETS_USED","AT_TICKET_DESTINATION"
"SYN000854","SYNTHETIC","CHENNAI_ONE_STYLE","2026-09-22","23600","109 R","102375","Regular","2026-09-22_102375","evening","2026-09-22T17:33:00","5917","Queen Marys College","9","9993","Nainar Kuppam Or Uthandi Colony","34","2026-09-22T17:40:00","2026-09-22T18:27:00","1","60","ALL_TICKETS_USED","AT_TICKET_DESTINATION"
"SYN000855","SYNTHETIC","CHENNAI_ONE_STYLE","2026-09-22","23600","109 R","102375","Regular","2026-09-22_102375","evening","2026-09-22T17:38:00","5638","All India Radio Light House","10","6106","Kovalam","46","2026-09-22T17:41:00","2026-09-22T18:39:00","1","60","ALL_TICKETS_USED","AT_TICKET_DESTINATION"
"SYN000856","SYNTHETIC","ETM_STYLE","2026-09-22","23600","109 R","102375","Regular","2026-09-22_102375","evening","2026-09-22T17:27:00","9783","Parrys Corner","2","6091","Kovalam Kelambakam Road Junction","47","2026-09-22T17:27:00","2026-09-22T18:40:00","1","60","ALL_TICKETS_USED","AT_TICKET_DESTINATION"
"SYN000857","SYNTHETIC","ETM_STYLE","2026-09-22","23600","109 R","102375","Regular","2026-09-22_102375","evening","2026-09-22T17:41:00","5638","All India Radio Light House","10","6106","Kovalam","46","2026-09-22T17:41:00","2026-09-22T18:39:00","1","60","ALL_TICKETS_USED","AT_TICKET_DESTINATION"
"SYN000858","SYNTHETIC","ETM_STYLE","2026-09-22","23600","109 R","102375","Regular","2026-09-22_102375","evening","2026-09-22T17:32:00","2601","Marina Beach","6","6106","Kovalam","46","2026-09-22T17:32:00","2026-09-22T18:39:00","2","60","ALL_TICKETS_USED","AT_TICKET_DESTINATION"
"SYN000859","SYNTHETIC","ETM_STYLE","2026-09-22","23600","109 R","102998","Regular","2026-09-22_102998","night","2026-09-22T22:18:00","6249","Muttukadu","40","9957","Panjabur Or Yellow Board","42","2026-09-22T22:18:00","2026-09-22T22:20:00","1","60","ALL_TICKETS_USED","AT_TICKET_DESTINATION"
"SYN000860","SYNTHETIC","CHENNAI_ONE_STYLE","2026-09-22","23600","109 R","102998","Regular","2026-09-22_102998","night","2026-09-22T22:01:00","9986","Uthandi Toll Gate Or Ragash College","37","6081","Kovalam Chamjarai","48","2026-09-22T22:15:00","2026-09-22T22:26:00","1","60","ALL_TICKETS_USED","AT_TICKET_DESTINATION"
"SYN000861","SYNTHETIC","CHENNAI_ONE_STYLE","2026-09-22","23600","109 R","102998","Regular","2026-09-22_102998","night","2026-09-22T22:01:00","8311","Vettuvakeni","27","6106","Kovalam","46","2026-09-22T22:02:00","2026-09-22T22:24:00","1","60","ALL_TICKETS_USED","AT_TICKET_DESTINATION"
"SYN000862","SYNTHETIC","ETM_STYLE","2026-09-22","23600","109 R","102998","Regular","2026-09-22_102998","night","2026-09-22T21:24:00","5916","Vivekananda House","8","5760","Adyar Signal","16","2026-09-22T21:24:00","2026-09-22T21:40:00","3","60","ALL_TICKETS_USED","AT_TICKET_DESTINATION"
"SYN000863","SYNTHETIC","ETM_STYLE","2026-09-22","23600","109 R","102998","Regular","2026-09-22_102998","night","2026-09-22T22:17:00","6287","Meera Nagar","39","9962","Mary World Or Mgm","41","2026-09-22T22:17:00","2026-09-22T22:19:00","2","60","ALL_TICKETS_USED","AT_TICKET_DESTINATION"
"SYN000864","SYNTHETIC","ETM_STYLE","2026-09-22","23600","109 R","102998","Regular","2026-09-22_102998","night","2026-09-22T21:40:00","5760","Adyar Signal","16","6672","Bethal Nagar","29","2026-09-22T21:40:00","2026-09-22T22:04:00","2","60","ALL_TICKETS_USED","AT_TICKET_DESTINATION"
"SYN000865","SYNTHETIC","ETM_STYLE","2026-09-22","23600","109 R","102998","Regular","2026-09-22_102998","night","2026-09-22T21:42:00","5913","Adyar Depot","17","6130","Kunnukadu Alamaram","45","2026-09-22T21:42:00","2026-09-22T22:23:00","1","60","ALL_TICKETS_USED","AT_TICKET_DESTINATION"
"SYN000866","SYNTHETIC","CHENNAI_ONE_STYLE","2026-09-22","23600","109 R","102998","Regular","2026-09-22_102998","night","2026-09-22T21:58:00","8346","Bhuari Hotel","26","6316","Kanathur","38","2026-09-22T22:01:00","2026-09-22T22:16:00","2","60","ALL_TICKETS_USED","AT_TICKET_DESTINATION"
"SYN000867","SYNTHETIC","CHENNAI_ONE_STYLE","2026-09-22","23600","109 R","102998","Regular","2026-09-22_102998","night","2026-09-22T21:41:00","8666","Thiruvalluvar Nagar Rto","20","6102","Kovalam Bus Terminus","49","2026-09-22T21:54:00","2026-09-22T22:29:00","2","60","ALL_TICKETS_USED","AT_TICKET_DESTINATION"
"SYN000868","SYNTHETIC","ETM_STYLE","2026-09-22","23600","109 R","102998","Regular","2026-09-22_102998","night","2026-09-22T21:14:00","5814","Secretariat","3","5914","Jayanthi Theatre","18","2026-09-22T21:14:00","2026-09-22T21:48:00","1","60","ALL_TICKETS_USED","AT_TICKET_DESTINATION"
"SYN000869","SYNTHETIC","ETM_STYLE","2026-09-22","23600","109 R","102998","Regular","2026-09-22_102998","night","2026-09-22T22:13:00","6387","Uthandi","35","6102","Kovalam Bus Terminus","49","2026-09-22T22:13:00","2026-09-22T22:29:00","1","60","ALL_TICKETS_USED","AT_TICKET_DESTINATION"
"SYN000870","SYNTHETIC","ETM_STYLE","2026-09-22","23600","109 R","102998","Regular","2026-09-22_102998","night","2026-09-22T22:04:00","6672","Bethal Nagar","29","10018","Akkarai Or Water Supply Head Work","32","2026-09-22T22:04:00","2026-09-22T22:09:00","1","60","ALL_TICKETS_USED","AT_TICKET_DESTINATION"
"SYN000871","SYNTHETIC","ETM_STYLE","2026-09-23","23212","101 R","5022","Regular","2026-09-23_5022","morning","2026-09-23T07:58:00","9581","Vengaya Mandi","15","7450","Ellaiamman Kovil","53","2026-09-23T07:58:00","2026-09-23T09:01:00","2","60","ALL_TICKETS_USED","AT_TICKET_DESTINATION"
"SYN000872","SYNTHETIC","ETM_STYLE","2026-09-23","23212","101 R","5022","Regular","2026-09-23_5022","morning","2026-09-23T07:30:00","9440","Poonamallee","1","7487","Thiruvotriyur Temple","55","2026-09-23T07:30:00","2026-09-23T09:03:00","2","60","ALL_TICKETS_USED","AT_TICKET_DESTINATION"
"SYN000873","SYNTHETIC","ETM_STYLE","2026-09-23","23212","101 R","5022","Regular","2026-09-23_5022","morning","2026-09-23T07:33:00","9436","Poonamallee Government Hospital","2","6780","Thambu Chetty Street","41","2026-09-23T07:33:00","2026-09-23T08:43:00","1","60","ALL_TICKETS_USED","AT_TICKET_DESTINATION"
"SYN000874","SYNTHETIC","ETM_STYLE","2026-09-23","23212","101 R","5022","Regular","2026-09-23_5022","morning","2026-09-23T08:03:00","9594","Nerkundram","16","6936","Kalmandapam Police Station","43","2026-09-23T08:03:00","2026-09-23T08:47:00","2","60","ALL_TICKETS_USED","AT_TICKET_DESTINATION"
"SYN000875","SYNTHETIC","CHENNAI_ONE_STYLE","2026-09-23","23212","101 R","5022","Regular","2026-09-23_5022","morning","2026-09-23T07:41:00","9566","Maduravoyal Ration Shop","14","10424","Kalaimagal Vidyalaya Or Esso","44","2026-09-23T07:56:00","2026-09-23T08:48:00","1","60","ALL_TICKETS_USED","AT_TICKET_DESTINATION"
"SYN000876","SYNTHETIC","ETM_STYLE","2026-09-23","23212","101 R","5022","Regular","2026-09-23_5022","morning","2026-09-23T07:33:00","9436","Poonamallee Government Hospital","2","6780","Thambu Chetty Street","41","2026-09-23T07:33:00","2026-09-23T08:43:00","2","60","ALL_TICKETS_USED","AT_TICKET_DESTINATION"
"SYN000877","SYNTHETIC","ETM_STYLE","2026-09-23","23212","101 R","5022","Regular","2026-09-23_5022","morning","2026-09-23T07:56:00","9566","Maduravoyal Ration Shop","14","7032","Kasimedu Police Station","45","2026-09-23T07:56:00","2026-09-23T08:49:00","3","60","ALL_TICKETS_USED","AT_TICKET_DESTINATION"
"SYN000878","SYNTHETIC","ETM_STYLE","2026-09-23","23212","101 R","5022","Regular","2026-09-23_5022","morning","2026-09-23T08:03:00","9594","Nerkundram","16","7403","Raja Kaladi","52","2026-09-23T08:03:00","2026-09-23T08:59:00","1","60","ALL_TICKETS_USED","AT_TICKET_DESTINATION"
"SYN000879","SYNTHETIC","ETM_STYLE","2026-09-23","23212","101 R","5022","Regular","2026-09-23_5022","morning","2026-09-23T07:38:00","10238","Poonamallee Municipality Or Kumananchavadi","5","10539","Thiruvottiyur Ajax Bus Depot","58","2026-09-23T07:38:00","2026-09-23T09:06:00","1","60","ALL_TICKETS_USED","AT_TICKET_DESTINATION"
"SYN000880","SYNTHETIC","ETM_STYLE","2026-09-23","23212","101 R","5022","Regular","2026-09-23_5022","morning","2026-09-23T08:05:00","9615","Mettukulam","17","7292","Anna Nagar","49","2026-09-23T08:05:00","2026-09-23T08:53:00","1","60","ALL_TICKETS_USED","AT_TICKET_DESTINATION"
"SYN000881","SYNTHETIC","CHENNAI_ONE_STYLE","2026-09-23","23212","101 R","5022","Regular","2026-09-23_5022","morning","2026-09-23T07:51:00","9542","Maduravoyal Post Office","13","6758","Clive Battery","40","2026-09-23T07:55:00","2026-09-23T08:42:00","3","60","ALL_TICKETS_USED","AT_TICKET_DESTINATION"
"SYN000882","SYNTHETIC","CHENNAI_ONE_STYLE","2026-09-23","23212","101 R","5022","Regular","2026-09-23_5022","morning","2026-09-23T07:23:00","9440","Poonamallee","1","7378","Thangal","51","2026-09-23T07:30:00","2026-09-23T08:58:00","1","60","ALL_TICKETS_USED","AT_TICKET_DESTINATION"
"SYN000883","SYNTHETIC","CHENNAI_ONE_STYLE","2026-09-23","23212","101 R","5022","Regular","2026-09-23_5022","morning","2026-09-23T07:25:00","9428","Kallarai","3","11087","Surya Narayana Road","46","2026-09-23T07:35:00","2026-09-23T08:50:00","2","60","ALL_TICKETS_USED","AT_TICKET_DESTINATION"
"SYN000884","SYNTHETIC","ETM_STYLE","2026-09-23","23212","101 R","5022","Regular","2026-09-23_5022","morning","2026-09-23T08:06:00","9628","Rohini Theatre","18","7032","Kasimedu Police Station","45","2026-09-23T08:06:00","2026-09-23T08:49:00","3","60","ALL_TICKETS_USED","AT_TICKET_DESTINATION"
"SYN000885","SYNTHETIC","CHENNAI_ONE_STYLE","2026-09-23","23212","101 R","5022","Regular","2026-09-23_5022","morning","2026-09-23T07:24:00","9436","Poonamallee Government Hospital","2","7487","Thiruvotriyur Temple","55","2026-09-23T07:33:00","2026-09-23T09:03:00","2","60","ALL_TICKETS_USED","AT_TICKET_DESTINATION"
"SYN000886","SYNTHETIC","ETM_STYLE","2026-09-23","23212","101 R","5022","Regular","2026-09-23_5022","morning","2026-09-23T08:07:00","10293","Arumbakkam P.H Road","19","7577","Thiruvottriyur Bus Stand","59","2026-09-23T08:07:00","2026-09-23T09:07:00","1","60","ALL_TICKETS_USED","AT_TICKET_DESTINATION"
"SYN000887","SYNTHETIC","CHENNAI_ONE_STYLE","2026-09-23","23212","101 R","5022","Regular","2026-09-23_5022","morning","2026-09-23T07:45:00","10269","Maduravoyal Erikarai","11","11087","Surya Narayana Road","46","2026-09-23T07:53:00","2026-09-23T08:50:00","1","60","ALL_TICKETS_USED","AT_TICKET_DESTINATION"
"SYN000888","SYNTHETIC","ETM_STYLE","2026-09-23","23212","101 R","5022","Regular","2026-09-23_5022","morning","2026-09-23T07:49:00","9525","Kumar Theatre","9","10424","Kalaimagal Vidyalaya Or Esso","44","2026-09-23T07:49:00","2026-09-23T08:48:00","1","60","ALL_TICKETS_USED","AT_TICKET_DESTINATION"
"SYN000889","SYNTHETIC","CHENNAI_ONE_STYLE","2026-09-23","23212","101 R","5022","Regular","2026-09-23_5022","morning","2026-09-23T07:51:00","9628","Rohini Theatre","18","7403","Raja Kaladi","52","2026-09-23T08:06:00","2026-09-23T08:59:00","3","60","ALL_TICKETS_USED","AT_TICKET_DESTINATION"
"SYN000890","SYNTHETIC","ETM_STYLE","2026-09-23","23212","101 R","5022","Regular","2026-09-23_5022","morning","2026-09-23T07:41:00","9457","Saveetha Hospital","6","7531","Vellayan Chettiyar School","57","2026-09-23T07:41:00","2026-09-23T09:05:00","2","60","ALL_TICKETS_USED","AT_TICKET_DESTINATION"
"SYN000891","SYNTHETIC","ETM_STYLE","2026-09-23","23212","101 R","5022","Regular","2026-09-23_5022","morning","2026-09-23T08:03:00","9594","Nerkundram","16","6847","Royapuram Market","42","2026-09-23T08:03:00","2026-09-23T08:45:00","3","60","ALL_TICKETS_USED","AT_TICKET_DESTINATION"
"SYN000892","SYNTHETIC","ETM_STYLE","2026-09-23","23212","101 R","5022","Regular","2026-09-23_5022","morning","2026-09-23T07:55:00","9542","Maduravoyal Post Office","13","7403","Raja Kaladi","52","2026-09-23T07:55:00","2026-09-23T08:59:00","1","60","ALL_TICKETS_USED","AT_TICKET_DESTINATION"
"SYN000893","SYNTHETIC","ETM_STYLE","2026-09-23","23212","101 R","5022","Regular","2026-09-23_5022","morning","2026-09-23T07:37:00","9392","Karayanchavadi","4","7378","Thangal","51","2026-09-23T07:37:00","2026-09-23T08:58:00","1","60","ALL_TICKETS_USED","AT_TICKET_DESTINATION"
"SYN000894","SYNTHETIC","ETM_STYLE","2026-09-23","23212","101 R","5022","Regular","2026-09-23_5022","morning","2026-09-23T07:30:00","9440","Poonamallee","1","7292","Anna Nagar","49","2026-09-23T07:30:00","2026-09-23T08:53:00","1","60","ALL_TICKETS_USED","AT_TICKET_DESTINATION"
"SYN000895","SYNTHETIC","ETM_STYLE","2026-09-23","23212","101 R","5022","Regular","2026-09-23_5022","morning","2026-09-23T07:56:00","9566","Maduravoyal Ration Shop","14","7189","Nagara Thottam","48","2026-09-23T07:56:00","2026-09-23T08:52:00","2","60","ALL_TICKETS_USED","AT_TICKET_DESTINATION"
"SYN000896","SYNTHETIC","ETM_STYLE","2026-09-23","23212","101 R","5022","Regular","2026-09-23_5022","morning","2026-09-23T07:30:00","9440","Poonamallee","1","7083","Kasimedu","47","2026-09-23T07:30:00","2026-09-23T08:51:00","1","60","ALL_TICKETS_USED","AT_TICKET_DESTINATION"
"SYN000897","SYNTHETIC","ETM_STYLE","2026-09-23","23212","101 R","5022","Regular","2026-09-23_5022","morning","2026-09-23T07:43:00","9500","Acs Medical College","7","7531","Vellayan Chettiyar School","57","2026-09-23T07:43:00","2026-09-23T09:05:00","1","60","ALL_TICKETS_USED","AT_TICKET_DESTINATION"
"SYN000898","SYNTHETIC","ETM_STYLE","2026-09-23","23212","101 R","5022","Regular","2026-09-23_5022","morning","2026-09-23T08:06:00","9628","Rohini Theatre","18","7508","Thiruvottiyur Market","56","2026-09-23T08:06:00","2026-09-23T09:04:00","1","60","ALL_TICKETS_USED","AT_TICKET_DESTINATION"
"SYN000899","SYNTHETIC","ETM_STYLE","2026-09-23","23212","101 R","5022","Regular","2026-09-23_5022","morning","2026-09-23T07:49:00","9525","Kumar Theatre","9","7480","Theradi","54","2026-09-23T07:49:00","2026-09-23T09:02:00","1","60","ALL_TICKETS_USED","AT_TICKET_DESTINATION"
"SYN000900","SYNTHETIC","ETM_STYLE","2026-09-23","23212","101 R","5022","Regular","2026-09-23_5022","morning","2026-09-23T07:35:00","9428","Kallarai","3","7292","Anna Nagar","49","2026-09-23T07:35:00","2026-09-23T08:53:00","2","60","ALL_TICKETS_USED","AT_TICKET_DESTINATION"
"SYN000901","SYNTHETIC","ETM_STYLE","2026-09-23","23212","101 R","5022","Regular","2026-09-23_5022","morning","2026-09-23T07:56:00","9566","Maduravoyal Ration Shop","14","11087","Surya Narayana Road","46","2026-09-23T07:56:00","2026-09-23T08:50:00","1","60","ALL_TICKETS_USED","AT_TICKET_DESTINATION"
"SYN000902","SYNTHETIC","ETM_STYLE","2026-09-23","23212","101 R","5013","Regular","2026-09-23_5013","afternoon","2026-09-23T13:45:00","9686","Thinathanthi","31","7487","Thiruvotriyur Temple","55","2026-09-23T13:45:00","2026-09-23T14:23:00","2","60","ALL_TICKETS_USED","AT_TICKET_DESTINATION"
"SYN000903","SYNTHETIC","CHENNAI_ONE_STYLE","2026-09-23","23212","101 R","5013","Regular","2026-09-23_5013","afternoon","2026-09-23T14:02:00","7292","Anna Nagar","49","7378","Thangal","51","2026-09-23T14:13:00","2026-09-23T14:18:00","3","60","ALL_TICKETS_USED","AT_TICKET_DESTINATION"
"SYN000904","SYNTHETIC","ETM_STYLE","2026-09-23","23212","101 R","5013","Regular","2026-09-23_5013","afternoon","2026-09-23T14:22:00","7480","Theradi","54","10539","Thiruvottiyur Ajax Bus Depot","58","2026-09-23T14:22:00","2026-09-23T14:26:00","3","60","ALL_TICKETS_USED","AT_TICKET_DESTINATION"
"SYN000905","SYNTHETIC","CHENNAI_ONE_STYLE","2026-09-23","23212","101 R","5013","Regular","2026-09-23_5013","afternoon","2026-09-23T13:25:00","9636","Pachaiyappas College","25","9686","Thinathanthi","31","2026-09-23T13:36:00","2026-09-23T13:45:00","1","60","ALL_TICKETS_USED","AT_TICKET_DESTINATION"
"SYN000906","SYNTHETIC","CHENNAI_ONE_STYLE","2026-09-23","23212","101 R","5013","Regular","2026-09-23_5013","afternoon","2026-09-23T14:05:00","6847","Royapuram Market","42","7450","Ellaiamman Kovil","53","2026-09-23T14:05:00","2026-09-23T14:21:00","2","60","ALL_TICKETS_USED","AT_TICKET_DESTINATION"
"SYN000907","SYNTHETIC","ETM_STYLE","2026-09-23","23212","101 R","5013","Regular","2026-09-23_5013","afternoon","2026-09-23T13:42:00","9672","Dasaprakash","30","9782","High Court","36","2026-09-23T13:42:00","2026-09-23T13:57:00","2","60","ALL_TICKETS_USED","AT_TICKET_DESTINATION"
"SYN000908","SYNTHETIC","ETM_STYLE","2026-09-23","23212","101 R","5013","Regular","2026-09-23_5013","afternoon","2026-09-23T14:02:00","6758","Clive Battery","40","6780","Thambu Chetty Street","41","2026-09-23T14:02:00","2026-09-23T14:03:00","2","60","ALL_TICKETS_USED","AT_TICKET_DESTINATION"
"SYN000909","SYNTHETIC","ETM_STYLE","2026-09-23","23212","101 R","5013","Regular","2026-09-23_5013","afternoon","2026-09-23T13:46:00","54","Hotel Everest","32","10316","Payaigada Evening Bazar Road","34","2026-09-23T13:46:00","2026-09-23T13:53:00","1","60","ALL_TICKETS_USED","AT_TICKET_DESTINATION"
"SYN000910","SYNTHETIC","CHENNAI_ONE_STYLE","2026-09-23","23212","101 R","5013","Regular","2026-09-23_5013","afternoon","2026-09-23T13:56:00","6780","Thambu Chetty Street","41","7508","Thiruvottiyur Market","56","2026-09-23T14:03:00","2026-09-23T14:24:00","1","60","ALL_TICKETS_USED","AT_TICKET_DESTINATION"
"SYN000911","SYNTHETIC","ETM_STYLE","2026-09-23","23212","101 R","5013","Regular","2026-09-23_5013","afternoon","2026-09-23T13:54:00","9776","Flower Bazzar","35","7083","Kasimedu","47","2026-09-23T13:54:00","2026-09-23T14:11:00","1","60","ALL_TICKETS_USED","AT_TICKET_DESTINATION"
"SYN000912","SYNTHETIC","ETM_STYLE","2026-09-23","23212","101 R","5013","Regular","2026-09-23_5013","afternoon","2026-09-23T13:45:00","9686","Thinathanthi","31","7480","Theradi","54","2026-09-23T13:45:00","2026-09-23T14:22:00","1","60","ALL_TICKETS_USED","AT_TICKET_DESTINATION"
"SYN000913","SYNTHETIC","ETM_STYLE","2026-09-23","23212","101 R","5013","Regular","2026-09-23_5013","afternoon","2026-09-23T13:34:00","5792","Aminjikarai","23","10424","Kalaimagal Vidyalaya Or Esso","44","2026-09-23T13:34:00","2026-09-23T14:08:00","1","60","ALL_TICKETS_USED","AT_TICKET_DESTINATION"
"SYN000914","SYNTHETIC","CHENNAI_ONE_STYLE","2026-09-23","23212","101 R","5013","Regular","2026-09-23_5013","afternoon","2026-09-23T13:50:00","9776","Flower Bazzar","35","7508","Thiruvottiyur Market","56","2026-09-23T13:54:00","2026-09-23T14:24:00","2","60","ALL_TICKETS_USED","AT_TICKET_DESTINATION"
"SYN000915","SYNTHETIC","ETM_STYLE","2026-09-23","23212","101 R","5015","Regular","2026-09-23_5015","evening","2026-09-23T17:41:00","9628","Rohini Theatre","18","6758","Clive Battery","40","2026-09-23T17:41:00","2026-09-23T18:17:00","1","60","ALL_TICKETS_USED","AT_TICKET_DESTINATION"
"SYN000916","SYNTHETIC","CHENNAI_ONE_STYLE","2026-09-23","23212","101 R","5015","Regular","2026-09-23_5015","evening","2026-09-23T16:55:00","9436","Poonamallee Government Hospital","2","7531","Vellayan Chettiyar School","57","2026-09-23T17:08:00","2026-09-23T18:40:00","1","60","ALL_TICKETS_USED","AT_TICKET_DESTINATION"
"SYN000917","SYNTHETIC","CHENNAI_ONE_STYLE","2026-09-23","23212","101 R","5015","Regular","2026-09-23_5015","evening","2026-09-23T17:17:00","9500","Acs Medical College","7","7577","Thiruvottriyur Bus Stand","59","2026-09-23T17:18:00","2026-09-23T18:42:00","1","60","ALL_TICKETS_USED","AT_TICKET_DESTINATION"
"SYN000918","SYNTHETIC","CHENNAI_ONE_STYLE","2026-09-23","23212","101 R","5015","Regular","2026-09-23_5015","evening","2026-09-23T17:13:00","9500","Acs Medical College","7","6936","Kalmandapam Police Station","43","2026-09-23T17:18:00","2026-09-23T18:22:00","1","60","ALL_TICKETS_USED","AT_TICKET_DESTINATION"
"SYN000919","SYNTHETIC","ETM_STYLE","2026-09-23","23212","101 R","5015","Regular","2026-09-23_5015","evening","2026-09-23T17:29:00","9536","Maduravoyal","12","7403","Raja Kaladi","52","2026-09-23T17:29:00","2026-09-23T18:34:00","1","60","ALL_TICKETS_USED","AT_TICKET_DESTINATION"
"SYN000920","SYNTHETIC","ETM_STYLE","2026-09-23","23212","101 R","5015","Regular","2026-09-23_5015","evening","2026-09-23T17:29:00","9536","Maduravoyal","12","7480","Theradi","54","2026-09-23T17:29:00","2026-09-23T18:37:00","1","60","ALL_TICKETS_USED","AT_TICKET_DESTINATION"
"SYN000921","SYNTHETIC","ETM_STYLE","2026-09-23","23212","101 R","5015","Regular","2026-09-23_5015","evening","2026-09-23T17:08:00","9436","Poonamallee Government Hospital","2","7480","Theradi","54","2026-09-23T17:08:00","2026-09-23T18:37:00","1","60","ALL_TICKETS_USED","AT_TICKET_DESTINATION"
"SYN000922","SYNTHETIC","ETM_STYLE","2026-09-23","23212","101 R","5015","Regular","2026-09-23_5015","evening","2026-09-23T17:29:00","9536","Maduravoyal","12","7508","Thiruvottiyur Market","56","2026-09-23T17:29:00","2026-09-23T18:39:00","1","60","ALL_TICKETS_USED","AT_TICKET_DESTINATION"
"SYN000923","SYNTHETIC","CHENNAI_ONE_STYLE","2026-09-23","23212","101 R","5015","Regular","2026-09-23_5015","evening","2026-09-23T17:03:00","9392","Karayanchavadi","4","7189","Nagara Thottam","48","2026-09-23T17:12:00","2026-09-23T18:27:00","2","60","ALL_TICKETS_USED","AT_TICKET_DESTINATION"
"SYN000924","SYNTHETIC","ETM_STYLE","2026-09-23","23212","101 R","5015","Regular","2026-09-23_5015","evening","2026-09-23T17:10:00","9428","Kallarai","3","6847","Royapuram Market","42","2026-09-23T17:10:00","2026-09-23T18:20:00","1","60","ALL_TICKETS_USED","AT_TICKET_DESTINATION"
"SYN000925","SYNTHETIC","CHENNAI_ONE_STYLE","2026-09-23","23212","101 R","5015","Regular","2026-09-23_5015","evening","2026-09-23T17:24:00","9542","Maduravoyal Post Office","13","7032","Kasimedu Police Station","45","2026-09-23T17:30:00","2026-09-23T18:24:00","1","60","ALL_TICKETS_USED","AT_TICKET_DESTINATION"
"SYN000926","SYNTHETIC","CHENNAI_ONE_STYLE","2026-09-23","23212","101 R","5015","Regular","2026-09-23_5015","evening","2026-09-23T17:10:00","9525","Kumar Theatre","9","10424","Kalaimagal Vidyalaya Or Esso","44","2026-09-23T17:24:00","2026-09-23T18:23:00","1","60","ALL_TICKETS_USED","AT_TICKET_DESTINATION"
"SYN000927","SYNTHETIC","ETM_STYLE","2026-09-23","23212","101 R","5015","Regular","2026-09-23_5015","evening","2026-09-23T17:28:00","10269","Maduravoyal Erikarai","11","7450","Ellaiamman Kovil","53","2026-09-23T17:28:00","2026-09-23T18:36:00","1","60","ALL_TICKETS_USED","AT_TICKET_DESTINATION"
"SYN000928","SYNTHETIC","CHENNAI_ONE_STYLE","2026-09-23","23212","101 R","5015","Regular","2026-09-23_5015","evening","2026-09-23T17:36:00","9615","Mettukulam","17","7577","Thiruvottriyur Bus Stand","59","2026-09-23T17:40:00","2026-09-23T18:42:00","1","60","ALL_TICKETS_USED","AT_TICKET_DESTINATION"
"SYN000929","SYNTHETIC","CHENNAI_ONE_STYLE","2026-09-23","23212","101 R","5015","Regular","2026-09-23_5015","evening","2026-09-23T17:02:00","9457","Saveetha Hospital","6","6780","Thambu Chetty Street","41","2026-09-23T17:16:00","2026-09-23T18:18:00","1","60","ALL_TICKETS_USED","AT_TICKET_DESTINATION"
"SYN000930","SYNTHETIC","ETM_STYLE","2026-09-23","23212","101 R","5015","Regular","2026-09-23_5015","evening","2026-09-23T17:18:00","9500","Acs Medical College","7","7577","Thiruvottriyur Bus Stand","59","2026-09-23T17:18:00","2026-09-23T18:42:00","1","60","ALL_TICKETS_USED","AT_TICKET_DESTINATION"
"SYN000931","SYNTHETIC","CHENNAI_ONE_STYLE","2026-09-23","23212","101 R","5015","Regular","2026-09-23_5015","evening","2026-09-23T17:24:00","10269","Maduravoyal Erikarai","11","7032","Kasimedu Police Station","45","2026-09-23T17:28:00","2026-09-23T18:24:00","3","60","ALL_TICKETS_USED","AT_TICKET_DESTINATION"
"SYN000932","SYNTHETIC","ETM_STYLE","2026-09-23","23212","101 R","5015","Regular","2026-09-23_5015","evening","2026-09-23T17:21:00","9519","Velappanchavadi","8","7292","Anna Nagar","49","2026-09-23T17:21:00","2026-09-23T18:28:00","1","60","ALL_TICKETS_USED","AT_TICKET_DESTINATION"
"SYN000933","SYNTHETIC","CHENNAI_ONE_STYLE","2026-09-23","23212","101 R","5015","Regular","2026-09-23_5015","evening","2026-09-23T17:24:00","9542","Maduravoyal Post Office","13","7189","Nagara Thottam","48","2026-09-23T17:30:00","2026-09-23T18:27:00","3","60","ALL_TICKETS_USED","AT_TICKET_DESTINATION"
"SYN000934","SYNTHETIC","ETM_STYLE","2026-09-23","23212","101 R","5015","Regular","2026-09-23_5015","evening","2026-09-23T17:18:00","9500","Acs Medical College","7","6847","Royapuram Market","42","2026-09-23T17:18:00","2026-09-23T18:20:00","2","60","ALL_TICKETS_USED","AT_TICKET_DESTINATION"
"SYN000935","SYNTHETIC","CHENNAI_ONE_STYLE","2026-09-23","23212","101 R","5015","Regular","2026-09-23_5015","evening","2026-09-23T17:13:00","9500","Acs Medical College","7","7378","Thangal","51","2026-09-23T17:18:00","2026-09-23T18:33:00","2","60","ALL_TICKETS_USED","AT_TICKET_DESTINATION"
"SYN000936","SYNTHETIC","ETM_STYLE","2026-09-23","23212","101 R","5015","Regular","2026-09-23_5015","evening","2026-09-23T17:21:00","9519","Velappanchavadi","8","7508","Thiruvottiyur Market","56","2026-09-23T17:21:00","2026-09-23T18:39:00","1","60","ALL_TICKETS_USED","AT_TICKET_DESTINATION"
"SYN000937","SYNTHETIC","ETM_STYLE","2026-09-23","23212","101 R","5015","Regular","2026-09-23_5015","evening","2026-09-23T17:21:00","9519","Velappanchavadi","8","11087","Surya Narayana Road","46","2026-09-23T17:21:00","2026-09-23T18:25:00","2","60","ALL_TICKETS_USED","AT_TICKET_DESTINATION"
"SYN000938","SYNTHETIC","CHENNAI_ONE_STYLE","2026-09-23","23212","101 R","5015","Regular","2026-09-23_5015","evening","2026-09-23T17:22:00","9513","Vaanagaram","10","7083","Kasimedu","47","2026-09-23T17:26:00","2026-09-23T18:26:00","1","60","ALL_TICKETS_USED","AT_TICKET_DESTINATION"
"SYN000939","SYNTHETIC","CHENNAI_ONE_STYLE","2026-09-23","23212","101 R","5015","Regular","2026-09-23_5015","evening","2026-09-23T17:08:00","9392","Karayanchavadi","4","7508","Thiruvottiyur Market","56","2026-09-23T17:12:00","2026-09-23T18:39:00","1","60","ALL_TICKETS_USED","AT_TICKET_DESTINATION"
"SYN000940","SYNTHETIC","ETM_STYLE","2026-09-23","23212","101 R","5015","Regular","2026-09-23_5015","evening","2026-09-23T17:33:00","9581","Vengaya Mandi","15","5536","Thangal Tollgate","50","2026-09-23T17:33:00","2026-09-23T18:32:00","1","60","ALL_TICKETS_USED","AT_TICKET_DESTINATION"
"SYN000941","SYNTHETIC","CHENNAI_ONE_STYLE","2026-09-23","23212","101 R","5015","Regular","2026-09-23_5015","evening","2026-09-23T17:31:00","9581","Vengaya Mandi","15","7292","Anna Nagar","49","2026-09-23T17:33:00","2026-09-23T18:28:00","1","60","ALL_TICKETS_USED","AT_TICKET_DESTINATION"
"SYN000942","SYNTHETIC","ETM_STYLE","2026-09-23","23212","101 R","5015","Regular","2026-09-23_5015","evening","2026-09-23T17:26:00","9513","Vaanagaram","10","5536","Thangal Tollgate","50","2026-09-23T17:26:00","2026-09-23T18:32:00","1","60","ALL_TICKETS_USED","AT_TICKET_DESTINATION"
"SYN000943","SYNTHETIC","CHENNAI_ONE_STYLE","2026-09-23","23212","101 R","5015","Regular","2026-09-23_5015","evening","2026-09-23T17:02:00","9440","Poonamallee","1","7403","Raja Kaladi","52","2026-09-23T17:05:00","2026-09-23T18:34:00","2","60","ALL_TICKETS_USED","AT_TICKET_DESTINATION"
"SYN000944","SYNTHETIC","ETM_STYLE","2026-09-23","23212","101 R","5015","Regular","2026-09-23_5015","evening","2026-09-23T17:29:00","9536","Maduravoyal","12","7487","Thiruvotriyur Temple","55","2026-09-23T17:29:00","2026-09-23T18:38:00","3","60","ALL_TICKETS_USED","AT_TICKET_DESTINATION"
"SYN000945","SYNTHETIC","ETM_STYLE","2026-09-23","23212","101 R","5015","Regular","2026-09-23_5015","evening","2026-09-23T17:26:00","9513","Vaanagaram","10","7577","Thiruvottriyur Bus Stand","59","2026-09-23T17:26:00","2026-09-23T18:42:00","1","60","ALL_TICKETS_USED","AT_TICKET_DESTINATION"
"SYN000946","SYNTHETIC","CHENNAI_ONE_STYLE","2026-09-23","23212","101 R","71785","Regular","2026-09-23_71785","night","2026-09-23T22:31:00","9500","Acs Medical College","7","9581","Vengaya Mandi","15","2026-09-23T22:40:00","2026-09-23T22:55:00","2","60","ALL_TICKETS_USED","AT_TICKET_DESTINATION"
"SYN000947","SYNTHETIC","ETM_STYLE","2026-09-23","23212","101 R","71785","Regular","2026-09-23_71785","night","2026-09-23T23:38:00","9863","Collector Office","39","7508","Thiruvottiyur Market","56","2026-09-23T23:38:00","2026-09-24T00:01:00","3","60","ALL_TICKETS_USED","AT_TICKET_DESTINATION"
"SYN000948","SYNTHETIC","CHENNAI_ONE_STYLE","2026-09-23","23212","101 R","71785","Regular","2026-09-23_71785","night","2026-09-23T23:37:00","6758","Clive Battery","40","7480","Theradi","54","2026-09-23T23:39:00","2026-09-23T23:59:00","1","60","ALL_TICKETS_USED","AT_TICKET_DESTINATION"
"SYN000949","SYNTHETIC","ETM_STYLE","2026-09-23","23212","101 R","71785","Regular","2026-09-23_71785","night","2026-09-23T23:05:00","9650","Arumbakkam Post Office","20","6936","Kalmandapam Police Station","43","2026-09-23T23:05:00","2026-09-23T23:44:00","1","60","ALL_TICKETS_USED","AT_TICKET_DESTINATION"
"SYN000950","SYNTHETIC","ETM_STYLE","2026-09-23","23212","101 R","71785","Regular","2026-09-23_71785","night","2026-09-23T23:34:00","9782","High Court","36","9843","Beach Station","38","2026-09-23T23:34:00","2026-09-23T23:37:00","2","60","ALL_TICKETS_USED","AT_TICKET_DESTINATION"
"SYN000951","SYNTHETIC","ETM_STYLE","2026-09-23","23212","101 R","71785","Regular","2026-09-23_71785","night","2026-09-23T23:36:00","9805","Parrys Corner","37","6758","Clive Battery","40","2026-09-23T23:36:00","2026-09-23T23:39:00","3","60","ALL_TICKETS_USED","AT_TICKET_DESTINATION"
"SYN000952","SYNTHETIC","CHENNAI_ONE_STYLE","2026-09-23","23212","101 R","71785","Regular","2026-09-23_71785","night","2026-09-23T23:05:00","9626","Aminjikarai Market","24","9805","Parrys Corner","37","2026-09-23T23:12:00","2026-09-23T23:36:00","3","60","ALL_TICKETS_USED","AT_TICKET_DESTINATION"
"SYN000953","SYNTHETIC","ETM_STYLE","2026-09-23","23212","101 R","71785","Regular","2026-09-23_71785","night","2026-09-23T23:16:00","9659","Kmc Hospital","27","6780","Thambu Chetty Street","41","2026-09-23T23:16:00","2026-09-23T23:40:00","1","60","ALL_TICKETS_USED","AT_TICKET_DESTINATION"
"SYN000954","SYNTHETIC","ETM_STYLE","2026-09-23","23212","101 R","71785","Regular","2026-09-23_71785","night","2026-09-23T23:30:00","10316","Payaigada Evening Bazar Road","34","7577","Thiruvottriyur Bus Stand","59","2026-09-23T23:30:00","2026-09-24T00:04:00","1","60","ALL_TICKETS_USED","AT_TICKET_DESTINATION"
"SYN000955","SYNTHETIC","ETM_STYLE","2026-09-23","23212","101 R","71785","Regular","2026-09-23_71785","night","2026-09-23T23:34:00","9782","High Court","36","9805","Parrys Corner","37","2026-09-23T23:34:00","2026-09-23T23:36:00","1","60","ALL_TICKETS_USED","AT_TICKET_DESTINATION"
"SYN000956","SYNTHETIC","CHENNAI_ONE_STYLE","2026-09-23","23212","101 R","71785","Regular","2026-09-23_71785","night","2026-09-23T22:43:00","10269","Maduravoyal Erikarai","11","9594","Nerkundram","16","2026-09-23T22:50:00","2026-09-23T23:00:00","2","60","ALL_TICKETS_USED","AT_TICKET_DESTINATION"
"SYN000957","SYNTHETIC","ETM_STYLE","2026-09-23","23212","101 R","71785","Regular","2026-09-23_71785","night","2026-09-23T23:16:00","9659","Kmc Hospital","27","7480","Theradi","54","2026-09-23T23:16:00","2026-09-23T23:59:00","3","60","ALL_TICKETS_USED","AT_TICKET_DESTINATION"
"SYN000958","SYNTHETIC","ETM_STYLE","2026-09-23","24079","102","108712","Regular","2026-09-23_108712","morning","2026-09-23T09:48:00","10814","Music College Annamalai Puram","15","6198","Kazhipattur","45","2026-09-23T09:48:00","2026-09-23T10:38:00","2","60","ALL_TICKETS_USED","AT_TICKET_DESTINATION"
"SYN000959","SYNTHETIC","CHENNAI_ONE_STYLE","2026-09-23","24079","102","108712","Regular","2026-09-23_108712","morning","2026-09-23T09:07:00","11159","Island ground Terminus","1","6420","Kumaran Nagar","37","2026-09-23T09:20:00","2026-09-23T10:26:00","1","60","ALL_TICKETS_USED","AT_TICKET_DESTINATION"
"SYN000960","SYNTHETIC","CHENNAI_ONE_STYLE","2026-09-23","24079","102","108712","Regular","2026-09-23_108712","morning","2026-09-23T09:34:00","9158","Foreshore Estate Bus Terminus","13","6198","Kazhipattur","45","2026-09-23T09:45:00","2026-09-23T10:38:00","2","60","ALL_TICKETS_USED","AT_TICKET_DESTINATION"
"SYN000961","SYNTHETIC","ETM_STYLE","2026-09-23","24079","102","108712","Regular","2026-09-23_108712","morning","2026-09-23T09:49:00","5758","M.G.R Janaki College Or Sathya Studio","16","6198","Kazhipattur","45","2026-09-23T09:49:00","2026-09-23T10:38:00","2","60","ALL_TICKETS_USED","AT_TICKET_DESTINATION"
"SYN000962","SYNTHETIC","ETM_STYLE","2026-09-23","24079","102","108712","Regular","2026-09-23_108712","morning","2026-09-23T09:29:00","9783","Parrys Corner","3","6099","Kelambakkam Bus Terminal","51","2026-09-23T09:29:00","2026-09-23T10:45:00","3","60","ALL_TICKETS_USED","AT_TICKET_DESTINATION"
"SYN000963","SYNTHETIC","ETM_STYLE","2026-09-23","24079","102","108712","Regular","2026-09-23_108712","morning","2026-09-23T09:48:00","10814","Music College Annamalai Puram","15","9966","It Park Siruseri Or Muttukadu","43","2026-09-23T09:48:00","2026-09-23T10:36:00","2","60","ALL_TICKETS_USED","AT_TICKET_DESTINATION"
"SYN000964","SYNTHETIC","ETM_STYLE","2026-09-23","24079","102","108712","Regular","2026-09-23_108712","morning","2026-09-23T09:35:00","10941","Kannagi Statue Shelter 1","7","6125","Kelambakkam V A O Office","50","2026-09-23T09:35:00","2026-09-23T10:43:00","1","60","ALL_TICKETS_USED","AT_TICKET_DESTINATION"
"SYN000965","SYNTHETIC","CHENNAI_ONE_STYLE","2026-09-23","24079","102","108712","Regular","2026-09-23_108712","morning","2026-09-23T09:48:00","10814","Music College Annamalai Puram","15","6454","Ponniamman Kovil","36","2026-09-23T09:48:00","2026-09-23T10:24:00","2","60","ALL_TICKETS_USED","AT_TICKET_DESTINATION"
"SYN000966","SYNTHETIC","CHENNAI_ONE_STYLE","2026-09-23","24079","102","108712","Regular","2026-09-23_108712","morning","2026-09-23T09:16:00","11159","Island ground Terminus","1","6420","Kumaran Nagar","37","2026-09-23T09:20:00","2026-09-23T10:26:00","1","60","ALL_TICKETS_USED","AT_TICKET_DESTINATION"
"SYN000967","SYNTHETIC","ETM_STYLE","2026-09-23","24079","102","108712","Regular","2026-09-23_108712","morning","2026-09-23T09:20:00","11159","Island ground Terminus","1","6403","Satyabhama University","38","2026-09-23T09:20:00","2026-09-23T10:28:00","2","60","ALL_TICKETS_USED","AT_TICKET_DESTINATION"
"SYN000968","SYNTHETIC","ETM_STYLE","2026-09-23","24079","102","108712","Regular","2026-09-23_108712","morning","2026-09-23T09:32:00","5932","War Memorial","5","6454","Ponniamman Kovil","36","2026-09-23T09:32:00","2026-09-23T10:24:00","1","60","ALL_TICKETS_USED","AT_TICKET_DESTINATION"
"SYN000969","SYNTHETIC","ETM_STYLE","2026-09-23","24079","102","108712","Regular","2026-09-23_108712","morning","2026-09-23T09:39:00","5917","Queen Marys College","10","6269","Egattur","42","2026-09-23T09:39:00","2026-09-23T10:35:00","1","60","ALL_TICKETS_USED","AT_TICKET_DESTINATION"
"SYN000970","SYNTHETIC","ETM_STYLE","2026-09-23","24079","102","108712","Regular","2026-09-23_108712","morning","2026-09-23T09:20:00","11159","Island ground Terminus","1","6358","Semmancheri","39","2026-09-23T09:20:00","2026-09-23T10:31:00","2","60","ALL_TICKETS_USED","AT_TICKET_DESTINATION"
"SYN000971","SYNTHETIC","CHENNAI_ONE_STYLE","2026-09-23","24079","102","108712","Regular","2026-09-23_108712","morning","2026-09-23T09:25:00","5814","Secretariat","4","6269","Egattur","42","2026-09-23T09:31:00","2026-09-23T10:35:00","1","60","ALL_TICKETS_USED","AT_TICKET_DESTINATION"
"SYN000972","SYNTHETIC","CHENNAI_ONE_STYLE","2026-09-23","24079","102","108712","Regular","2026-09-23_108712","morning","2026-09-23T09:34:00","9262","Santhome Church","12","6454","Ponniamman Kovil","36","2026-09-23T09:42:00","2026-09-23T10:24:00","1","60","ALL_TICKETS_USED","AT_TICKET_DESTINATION"
"SYN000973","SYNTHETIC","CHENNAI_ONE_STYLE","2026-09-23","24079","102","108712","Regular","2026-09-23_108712","morning","2026-09-23T09:23:00","9783","Parrys Corner","3","6125","Kelambakkam V A O Office","50","2026-09-23T09:29:00","2026-09-23T10:43:00","1","60","ALL_TICKETS_USED","AT_TICKET_DESTINATION"
"SYN000974","SYNTHETIC","CHENNAI_ONE_STYLE","2026-09-23","24079","102","108712","Regular","2026-09-23_108712","morning","2026-09-23T09:31:00","10941","Kannagi Statue Shelter 1","7","6157","Padur","47","2026-09-23T09:35:00","2026-09-23T10:40:00","1","60","ALL_TICKETS_USED","AT_TICKET_DESTINATION"
"SYN000975","SYNTHETIC","ETM_STYLE","2026-09-23","24079","102","108712","Regular","2026-09-23_108712","morning","2026-09-23T09:31:00","5814","Secretariat","4","6125","Kelambakkam V A O Office","50","2026-09-23T09:31:00","2026-09-23T10:43:00","2","60","ALL_TICKETS_USED","AT_TICKET_DESTINATION"
"SYN000976","SYNTHETIC","CHENNAI_ONE_STYLE","2026-09-23","24079","102","108712","Regular","2026-09-23_108712","morning","2026-09-23T09:31:00","9318","Nochikuppam","11","6420","Kumaran Nagar","37","2026-09-23T09:41:00","2026-09-23T10:26:00","1","60","ALL_TICKETS_USED","AT_TICKET_DESTINATION"
"SYN000977","SYNTHETIC","ETM_STYLE","2026-09-23","24079","102","108712","Regular","2026-09-23_108712","morning","2026-09-23T09:48:00","10814","Music College Annamalai Puram","15","6198","Kazhipattur","45","2026-09-23T09:48:00","2026-09-23T10:38:00","2","60","ALL_TICKETS_USED","AT_TICKET_DESTINATION"
"SYN000978","SYNTHETIC","ETM_STYLE","2026-09-23","24079","102","108712","Regular","2026-09-23_108712","morning","2026-09-23T09:33:00","11192","Annasquare","6","6454","Ponniamman Kovil","36","2026-09-23T09:33:00","2026-09-23T10:24:00","1","60","ALL_TICKETS_USED","AT_TICKET_DESTINATION"
"SYN000979","SYNTHETIC","CHENNAI_ONE_STYLE","2026-09-23","24079","102","108712","Regular","2026-09-23_108712","morning","2026-09-23T09:06:00","11159","Island ground Terminus","1","6157","Padur","47","2026-09-23T09:20:00","2026-09-23T10:40:00","3","60","ALL_TICKETS_USED","AT_TICKET_DESTINATION"
"SYN000980","SYNTHETIC","ETM_STYLE","2026-09-23","24079","102","108712","Regular","2026-09-23_108712","morning","2026-09-23T09:38:00","5916","Vivekananda House","9","9974","Navalur","41","2026-09-23T09:38:00","2026-09-23T10:33:00","2","60","ALL_TICKETS_USED","AT_TICKET_DESTINATION"
"SYN000981","SYNTHETIC","ETM_STYLE","2026-09-23","24079","102","108712","Regular","2026-09-23_108712","morning","2026-09-23T09:38:00","5916","Vivekananda House","9","6225","Vaniyanchavadi Padma Adarsh School","44","2026-09-23T09:38:00","2026-09-23T10:37:00","1","60","ALL_TICKETS_USED","AT_TICKET_DESTINATION"
"SYN000982","SYNTHETIC","ETM_STYLE","2026-09-23","24079","102","108712","Regular","2026-09-23_108712","morning","2026-09-23T09:36:00","2601","Marina Beach","8","6150","Hindustan College","48","2026-09-23T09:36:00","2026-09-23T10:41:00","1","60","ALL_TICKETS_USED","AT_TICKET_DESTINATION"
"SYN000983","SYNTHETIC","CHENNAI_ONE_STYLE","2026-09-23","24079","102","108712","Regular","2026-09-23_108712","morning","2026-09-23T09:27:00","11192","Annasquare","6","6150","Hindustan College","48","2026-09-23T09:33:00","2026-09-23T10:41:00","2","60","ALL_TICKETS_USED","AT_TICKET_DESTINATION"
"SYN000984","SYNTHETIC","ETM_STYLE","2026-09-23","24079","102","108712","Regular","2026-09-23_108712","morning","2026-09-23T09:29:00","9783","Parrys Corner","3","10012","Government School Shozhinganallur","35","2026-09-23T09:29:00","2026-09-23T10:23:00","1","60","ALL_TICKETS_USED","AT_TICKET_DESTINATION"
"SYN000985","SYNTHETIC","ETM_STYLE","2026-09-23","24079","102","108712","Regular","2026-09-23_108712","morning","2026-09-23T09:48:00","10814","Music College Annamalai Puram","15","9966","It Park Siruseri Or Muttukadu","43","2026-09-23T09:48:00","2026-09-23T10:36:00","1","60","ALL_TICKETS_USED","AT_TICKET_DESTINATION"
"SYN000986","SYNTHETIC","ETM_STYLE","2026-09-23","24079","102","108712","Regular","2026-09-23_108712","morning","2026-09-23T09:39:00","5917","Queen Marys College","10","6179","Akshaya Padur","46","2026-09-23T09:39:00","2026-09-23T10:39:00","3","60","ALL_TICKETS_USED","AT_TICKET_DESTINATION"
"SYN000987","SYNTHETIC","CHENNAI_ONE_STYLE","2026-09-23","24079","102","108712","Regular","2026-09-23_108712","morning","2026-09-23T09:35:00","9128","Mrc Nagar","14","6150","Hindustan College","48","2026-09-23T09:47:00","2026-09-23T10:41:00","2","60","ALL_TICKETS_USED","AT_TICKET_DESTINATION"
"SYN000988","SYNTHETIC","ETM_STYLE","2026-09-23","24079","102","108712","Regular","2026-09-23_108712","morning","2026-09-23T09:32:00","5932","War Memorial","5","6198","Kazhipattur","45","2026-09-23T09:32:00","2026-09-23T10:38:00","1","60","ALL_TICKETS_USED","AT_TICKET_DESTINATION"
"SYN000989","SYNTHETIC","CHENNAI_ONE_STYLE","2026-09-23","24079","102","108714","Regular","2026-09-23_108714","afternoon","2026-09-23T15:02:00","6403","Satyabhama University","38","6125","Kelambakkam V A O Office","50","2026-09-23T15:03:00","2026-09-23T15:18:00","1","60","ALL_TICKETS_USED","AT_TICKET_DESTINATION"
"SYN000990","SYNTHETIC","ETM_STYLE","2026-09-23","24079","102","108714","Regular","2026-09-23_108714","afternoon","2026-09-23T15:13:00","6198","Kazhipattur","45","6132","Chettinad Hospital","49","2026-09-23T15:13:00","2026-09-23T15:17:00","1","60","ALL_TICKETS_USED","AT_TICKET_DESTINATION"
"SYN000991","SYNTHETIC","ETM_STYLE","2026-09-23","24079","102","108714","Regular","2026-09-23_108714","afternoon","2026-09-23T14:58:00","10012","Government School Shozhinganallur","35","6099","Kelambakkam Bus Terminal","51","2026-09-23T14:58:00","2026-09-23T15:20:00","2","60","ALL_TICKETS_USED","AT_TICKET_DESTINATION"
"SYN000992","SYNTHETIC","ETM_STYLE","2026-09-23","24079","102","108714","Regular","2026-09-23_108714","afternoon","2026-09-23T14:16:00","9318","Nochikuppam","11","6157","Padur","47","2026-09-23T14:16:00","2026-09-23T15:15:00","1","60","ALL_TICKETS_USED","AT_TICKET_DESTINATION"
"SYN000993","SYNTHETIC","ETM_STYLE","2026-09-23","24079","102","108714","Regular","2026-09-23_108714","afternoon","2026-09-23T14:13:00","5916","Vivekananda House","9","6225","Vaniyanchavadi Padma Adarsh School","44","2026-09-23T14:13:00","2026-09-23T15:12:00","1","60","ALL_TICKETS_USED","AT_TICKET_DESTINATION"
"SYN000994","SYNTHETIC","CHENNAI_ONE_STYLE","2026-09-23","24079","102","108714","Regular","2026-09-23_108714","afternoon","2026-09-23T15:02:00","9974","Navalur","41","6198","Kazhipattur","45","2026-09-23T15:08:00","2026-09-23T15:13:00","3","60","ALL_TICKETS_USED","AT_TICKET_DESTINATION"
"SYN000995","SYNTHETIC","ETM_STYLE","2026-09-23","24079","102","108714","Regular","2026-09-23_108714","afternoon","2026-09-23T14:02:00","9782","High Court","2","10022","Shozhinganallur","34","2026-09-23T14:02:00","2026-09-23T14:57:00","2","60","ALL_TICKETS_USED","AT_TICKET_DESTINATION"
"SYN000996","SYNTHETIC","ETM_STYLE","2026-09-23","24079","102","108714","Regular","2026-09-23_108714","afternoon","2026-09-23T14:30:00","8924","Shasthri Nagar","19","6198","Kazhipattur","45","2026-09-23T14:30:00","2026-09-23T15:13:00","2","60","ALL_TICKETS_USED","AT_TICKET_DESTINATION"
"SYN000997","SYNTHETIC","ETM_STYLE","2026-09-23","24079","102","108714","Regular","2026-09-23_108714","afternoon","2026-09-23T14:34:00","11149","Thiruvanmiyur Ration Shop","21","10012","Government School Shozhinganallur","35","2026-09-23T14:34:00","2026-09-23T14:58:00","3","60","ALL_TICKETS_USED","AT_TICKET_DESTINATION"
"SYN000998","SYNTHETIC","ETM_STYLE","2026-09-23","24079","102","108714","Regular","2026-09-23_108714","afternoon","2026-09-23T15:17:00","6132","Chettinad Hospital","49","6125","Kelambakkam V A O Office","50","2026-09-23T15:17:00","2026-09-23T15:18:00","1","60","ALL_TICKETS_USED","AT_TICKET_DESTINATION"
"SYN000999","SYNTHETIC","ETM_STYLE","2026-09-23","24079","102","108714","Regular","2026-09-23_108714","afternoon","2026-09-23T14:40:00","8542","Kandanchavadi","24","8425","Seevaram","26","2026-09-23T14:40:00","2026-09-23T14:43:00","1","60","ALL_TICKETS_USED","AT_TICKET_DESTINATION"
"SYN001000","SYNTHETIC","ETM_STYLE","2026-09-23","24079","102","108714","Regular","2026-09-23_108714","afternoon","2026-09-23T13:55:00","11159","Island ground Terminus","1","8693","Srp Tools","22","2026-09-23T13:55:00","2026-09-23T14:36:00","1","60","ALL_TICKETS_USED","AT_TICKET_DESTINATION"
"SYN001001","SYNTHETIC","ETM_STYLE","2026-09-23","24079","102","108714","Regular","2026-09-23_108714","afternoon","2026-09-23T14:59:00","6454","Ponniamman Kovil","36","6314","Ags Complex Navalur","40","2026-09-23T14:59:00","2026-09-23T15:07:00","1","60","ALL_TICKETS_USED","AT_TICKET_DESTINATION"
"SYN001002","SYNTHETIC","CHENNAI_ONE_STYLE","2026-09-23","24079","102","108716","Regular","2026-09-23_108716","evening","2026-09-23T18:56:00","5917","Queen Marys College","10","9966","It Park Siruseri Or Muttukadu","43","2026-09-23T19:04:00","2026-09-23T20:01:00","2","60","ALL_TICKETS_USED","AT_TICKET_DESTINATION"
"SYN001003","SYNTHETIC","ETM_STYLE","2026-09-23","24079","102","108716","Regular","2026-09-23_108716","evening","2026-09-23T18:57:00","5932","War Memorial","5","6179","Akshaya Padur","46","2026-09-23T18:57:00","2026-09-23T20:04:00","3","60","ALL_TICKETS_USED","AT_TICKET_DESTINATION"
"SYN001004","SYNTHETIC","ETM_STYLE","2026-09-23","24079","102","108716","Regular","2026-09-23_108716","evening","2026-09-23T18:57:00","5932","War Memorial","5","6358","Semmancheri","39","2026-09-23T18:57:00","2026-09-23T19:56:00","2","60","ALL_TICKETS_USED","AT_TICKET_DESTINATION"
"SYN001005","SYNTHETIC","CHENNAI_ONE_STYLE","2026-09-23","24079","102","108716","Regular","2026-09-23_108716","evening","2026-09-23T18:48:00","5932","War Memorial","5","6132","Chettinad Hospital","49","2026-09-23T18:57:00","2026-09-23T20:07:00","2","60","ALL_TICKETS_USED","AT_TICKET_DESTINATION"
"SYN001006","SYNTHETIC","CHENNAI_ONE_STYLE","2026-09-23","24079","102","108716","Regular","2026-09-23_108716","evening","2026-09-23T18:59:00","10814","Music College Annamalai Puram","15","9974","Navalur","41","2026-09-23T19:13:00","2026-09-23T19:58:00","1","60","ALL_TICKETS_USED","AT_TICKET_DESTINATION"
"SYN001007","SYNTHETIC","ETM_STYLE","2026-09-23","24079","102","108716","Regular","2026-09-23_108716","evening","2026-09-23T19:03:00","5916","Vivekananda House","9","6420","Kumaran Nagar","37","2026-09-23T19:03:00","2026-09-23T19:51:00","1","60","ALL_TICKETS_USED","AT_TICKET_DESTINATION"
"SYN001008","SYNTHETIC","CHENNAI_ONE_STYLE","2026-09-23","24079","102","108716","Regular","2026-09-23_108716","evening","2026-09-23T18:59:00","10814","Music College Annamalai Puram","15","6454","Ponniamman Kovil","36","2026-09-23T19:13:00","2026-09-23T19:49:00","1","60","ALL_TICKETS_USED","AT_TICKET_DESTINATION"
"SYN001009","SYNTHETIC","ETM_STYLE","2026-09-23","24079","102","108716","Regular","2026-09-23_108716","evening","2026-09-23T18:54:00","9783","Parrys Corner","3","6403","Satyabhama University","38","2026-09-23T18:54:00","2026-09-23T19:53:00","1","60","ALL_TICKETS_USED","AT_TICKET_DESTINATION"
"SYN001010","SYNTHETIC","ETM_STYLE","2026-09-23","24079","102","108716","Regular","2026-09-23_108716","evening","2026-09-23T18:54:00","9783","Parrys Corner","3","6125","Kelambakkam V A O Office","50","2026-09-23T18:54:00","2026-09-23T20:08:00","2","60","ALL_TICKETS_USED","AT_TICKET_DESTINATION"
"SYN001011","SYNTHETIC","ETM_STYLE","2026-09-23","24079","102","108716","Regular","2026-09-23_108716","evening","2026-09-23T19:12:00","9128","Mrc Nagar","14","6314","Ags Complex Navalur","40","2026-09-23T19:12:00","2026-09-23T19:57:00","1","60","ALL_TICKETS_USED","AT_TICKET_DESTINATION"
"SYN001012","SYNTHETIC","CHENNAI_ONE_STYLE","2026-09-23","24079","102","108716","Regular","2026-09-23_108716","evening","2026-09-23T18:34:00","11159","Island ground Terminus","1","6420","Kumaran Nagar","37","2026-09-23T18:45:00","2026-09-23T19:51:00","1","60","ALL_TICKETS_USED","AT_TICKET_DESTINATION"
"SYN001013","SYNTHETIC","ETM_STYLE","2026-09-23","24079","102","108716","Regular","2026-09-23_108716","evening","2026-09-23T19:01:00","2601","Marina Beach","8","6179","Akshaya Padur","46","2026-09-23T19:01:00","2026-09-23T20:04:00","2","60","ALL_TICKETS_USED","AT_TICKET_DESTINATION"
"SYN001014","SYNTHETIC","CHENNAI_ONE_STYLE","2026-09-23","24079","102","108716","Regular","2026-09-23_108716","evening","2026-09-23T19:07:00","9158","Foreshore Estate Bus Terminus","13","6225","Vaniyanchavadi Padma Adarsh School","44","2026-09-23T19:10:00","2026-09-23T20:02:00","1","60","ALL_TICKETS_USED","AT_TICKET_DESTINATION"
"SYN001015","SYNTHETIC","ETM_STYLE","2026-09-23","24079","102","108716","Regular","2026-09-23_108716","evening","2026-09-23T18:57:00","5932","War Memorial","5","6269","Egattur","42","2026-09-23T18:57:00","2026-09-23T20:00:00","1","60","ALL_TICKETS_USED","AT_TICKET_DESTINATION"
"SYN001016","SYNTHETIC","ETM_STYLE","2026-09-23","24079","102","108716","Regular","2026-09-23_108716","evening","2026-09-23T19:06:00","9318","Nochikuppam","11","6403","Satyabhama University","38","2026-09-23T19:06:00","2026-09-23T19:53:00","1","60","ALL_TICKETS_USED","AT_TICKET_DESTINATION"
"SYN001017","SYNTHETIC","ETM_STYLE","2026-09-23","24079","102","108716","Regular","2026-09-23_108716","evening","2026-09-23T19:10:00","9158","Foreshore Estate Bus Terminus","13","10012","Government School Shozhinganallur","35","2026-09-23T19:10:00","2026-09-23T19:48:00","2","60","ALL_TICKETS_USED","AT_TICKET_DESTINATION"
"SYN001018","SYNTHETIC","ETM_STYLE","2026-09-23","24079","102","108716","Regular","2026-09-23_108716","evening","2026-09-23T19:06:00","9318","Nochikuppam","11","6314","Ags Complex Navalur","40","2026-09-23T19:06:00","2026-09-23T19:57:00","1","60","ALL_TICKETS_USED","AT_TICKET_DESTINATION"
"SYN001019","SYNTHETIC","ETM_STYLE","2026-09-23","24079","102","108716","Regular","2026-09-23_108716","evening","2026-09-23T19:03:00","5916","Vivekananda House","9","10012","Government School Shozhinganallur","35","2026-09-23T19:03:00","2026-09-23T19:48:00","2","60","ALL_TICKETS_USED","AT_TICKET_DESTINATION"
"SYN001020","SYNTHETIC","ETM_STYLE","2026-09-23","24079","102","108716","Regular","2026-09-23_108716","evening","2026-09-23T19:12:00","9128","Mrc Nagar","14","6150","Hindustan College","48","2026-09-23T19:12:00","2026-09-23T20:06:00","1","60","ALL_TICKETS_USED","AT_TICKET_DESTINATION"
"SYN001021","SYNTHETIC","CHENNAI_ONE_STYLE","2026-09-23","24079","102","108716","Regular","2026-09-23_108716","evening","2026-09-23T19:03:00","9318","Nochikuppam","11","6403","Satyabhama University","38","2026-09-23T19:06:00","2026-09-23T19:53:00","1","60","ALL_TICKETS_USED","AT_TICKET_DESTINATION"
"SYN001022","SYNTHETIC","CHENNAI_ONE_STYLE","2026-09-23","24079","102","108716","Regular","2026-09-23_108716","evening","2026-09-23T19:03:00","9158","Foreshore Estate Bus Terminus","13","6125","Kelambakkam V A O Office","50","2026-09-23T19:10:00","2026-09-23T20:08:00","1","60","ALL_TICKETS_USED","AT_TICKET_DESTINATION"
"SYN001023","SYNTHETIC","ETM_STYLE","2026-09-23","24079","102","108716","Regular","2026-09-23_108716","evening","2026-09-23T18:54:00","9783","Parrys Corner","3","6179","Akshaya Padur","46","2026-09-23T18:54:00","2026-09-23T20:04:00","2","60","ALL_TICKETS_USED","AT_TICKET_DESTINATION"
"SYN001024","SYNTHETIC","ETM_STYLE","2026-09-23","24079","102","108716","Regular","2026-09-23_108716","evening","2026-09-23T18:54:00","9783","Parrys Corner","3","6179","Akshaya Padur","46","2026-09-23T18:54:00","2026-09-23T20:04:00","1","60","ALL_TICKETS_USED","AT_TICKET_DESTINATION"
"SYN001025","SYNTHETIC","CHENNAI_ONE_STYLE","2026-09-23","24079","102","108716","Regular","2026-09-23_108716","evening","2026-09-23T18:48:00","9783","Parrys Corner","3","6403","Satyabhama University","38","2026-09-23T18:54:00","2026-09-23T19:53:00","1","60","ALL_TICKETS_USED","AT_TICKET_DESTINATION"
"SYN001026","SYNTHETIC","CHENNAI_ONE_STYLE","2026-09-23","24079","102","108716","Regular","2026-09-23_108716","evening","2026-09-23T19:09:00","5760","Adyar Signal","17","6314","Ags Complex Navalur","40","2026-09-23T19:16:00","2026-09-23T19:57:00","3","60","ALL_TICKETS_USED","AT_TICKET_DESTINATION"
"SYN001027","SYNTHETIC","ETM_STYLE","2026-09-23","24079","102","108716","Regular","2026-09-23_108716","evening","2026-09-23T19:04:00","5917","Queen Marys College","10","9974","Navalur","41","2026-09-23T19:04:00","2026-09-23T19:58:00","2","60","ALL_TICKETS_USED","AT_TICKET_DESTINATION"
"SYN001028","SYNTHETIC","ETM_STYLE","2026-09-23","24079","102","108716","Regular","2026-09-23_108716","evening","2026-09-23T19:16:00","5760","Adyar Signal","17","6179","Akshaya Padur","46","2026-09-23T19:16:00","2026-09-23T20:04:00","2","60","ALL_TICKETS_USED","AT_TICKET_DESTINATION"
"SYN001029","SYNTHETIC","CHENNAI_ONE_STYLE","2026-09-23","24079","102","108716","Regular","2026-09-23_108716","evening","2026-09-23T18:46:00","9782","High Court","2","6150","Hindustan College","48","2026-09-23T18:52:00","2026-09-23T20:06:00","1","60","ALL_TICKETS_USED","AT_TICKET_DESTINATION"
"SYN001030","SYNTHETIC","ETM_STYLE","2026-09-23","24079","102","108716","Regular","2026-09-23_108716","evening","2026-09-23T19:01:00","2601","Marina Beach","8","6179","Akshaya Padur","46","2026-09-23T19:01:00","2026-09-23T20:04:00","1","60","ALL_TICKETS_USED","AT_TICKET_DESTINATION"
"SYN001031","SYNTHETIC","ETM_STYLE","2026-09-23","24079","102","108716","Regular","2026-09-23_108716","evening","2026-09-23T19:14:00","5758","M.G.R Janaki College Or Sathya Studio","16","6132","Chettinad Hospital","49","2026-09-23T19:14:00","2026-09-23T20:07:00","3","60","ALL_TICKETS_USED","AT_TICKET_DESTINATION"
"SYN001032","SYNTHETIC","ETM_STYLE","2026-09-23","24079","102","108716","Regular","2026-09-23_108716","evening","2026-09-23T19:06:00","9318","Nochikuppam","11","6420","Kumaran Nagar","37","2026-09-23T19:06:00","2026-09-23T19:51:00","1","60","ALL_TICKETS_USED","AT_TICKET_DESTINATION"
"SYN001033","SYNTHETIC","CHENNAI_ONE_STYLE","2026-09-23","24079","102","108761","Regular","2026-09-23_108761","night","2026-09-23T21:08:00","6403","Satyabhama University","38","6269","Egattur","42","2026-09-23T21:18:00","2026-09-23T21:25:00","1","60","ALL_TICKETS_USED","AT_TICKET_DESTINATION"
"SYN001034","SYNTHETIC","CHENNAI_ONE_STYLE","2026-09-23","24079","102","108761","Regular","2026-09-23_108761","night","2026-09-23T20:14:00","10941","Kannagi Statue Shelter 1","7","6403","Satyabhama University","38","2026-09-23T20:25:00","2026-09-23T21:18:00","1","60","ALL_TICKETS_USED","AT_TICKET_DESTINATION"
"SYN001035","SYNTHETIC","ETM_STYLE","2026-09-23","24079","102","108761","Regular","2026-09-23_108761","night","2026-09-23T21:33:00","6125","Kelambakkam V A O Office","50","6099","Kelambakkam Bus Terminal","51","2026-09-23T21:33:00","2026-09-23T21:35:00","1","60","ALL_TICKETS_USED","AT_TICKET_DESTINATION"
"SYN001036","SYNTHETIC","CHENNAI_ONE_STYLE","2026-09-23","24079","102","108761","Regular","2026-09-23_108761","night","2026-09-23T20:45:00","8481","Perungudi","25","6150","Hindustan College","48","2026-09-23T20:56:00","2026-09-23T21:31:00","3","60","ALL_TICKETS_USED","AT_TICKET_DESTINATION"
"SYN001037","SYNTHETIC","CHENNAI_ONE_STYLE","2026-09-23","24079","102","108761","Regular","2026-09-23_108761","night","2026-09-23T21:21:00","6150","Hindustan College","48","6132","Chettinad Hospital","49","2026-09-23T21:31:00","2026-09-23T21:32:00","1","60","ALL_TICKETS_USED","AT_TICKET_DESTINATION"
"SYN001038","SYNTHETIC","CHENNAI_ONE_STYLE","2026-09-23","24079","102","108761","Regular","2026-09-23_108761","night","2026-09-23T20:56:00","6622","Kcg College","31","6579","Karapakkam","32","2026-09-23T21:06:00","2026-09-23T21:08:00","1","60","ALL_TICKETS_USED","AT_TICKET_DESTINATION"
"SYN001039","SYNTHETIC","CHENNAI_ONE_STYLE","2026-09-23","24079","102","108761","Regular","2026-09-23_108761","night","2026-09-23T20:55:00","8379","D B Jain College","27","8323","Mettukuppam","28","2026-09-23T21:00:00","2026-09-23T21:02:00","1","60","ALL_TICKETS_USED","AT_TICKET_DESTINATION"
"SYN001040","SYNTHETIC","ETM_STYLE","2026-09-23","24079","102","108761","Regular","2026-09-23_108761","night","2026-09-23T20:17:00","9782","High Court","2","10814","Music College Annamalai Puram","15","2026-09-23T20:17:00","2026-09-23T20:38:00","1","60","ALL_TICKETS_USED","AT_TICKET_DESTINATION"
"SYN001041","SYNTHETIC","CHENNAI_ONE_STYLE","2026-09-23","24079","102","108761","Regular","2026-09-23_108761","night","2026-09-23T21:13:00","6198","Kazhipattur","45","6150","Hindustan College","48","2026-09-23T21:28:00","2026-09-23T21:31:00","1","60","ALL_TICKETS_USED","AT_TICKET_DESTINATION"
"SYN001042","SYNTHETIC","ETM_STYLE","2026-09-23","24079","102","108761","Regular","2026-09-23_108761","night","2026-09-23T21:00:00","8379","D B Jain College","27","10022","Shozhinganallur","34","2026-09-23T21:00:00","2026-09-23T21:12:00","2","60","ALL_TICKETS_USED","AT_TICKET_DESTINATION"
"SYN001043","SYNTHETIC","ETM_STYLE","2026-09-23","24079","102","108761","Regular","2026-09-23_108761","night","2026-09-23T20:55:00","8542","Kandanchavadi","24","8379","D B Jain College","27","2026-09-23T20:55:00","2026-09-23T21:00:00","2","60","ALL_TICKETS_USED","AT_TICKET_DESTINATION"
"SYN001044","SYNTHETIC","CHENNAI_ONE_STYLE","2026-09-23","24079","102","108761","Regular","2026-09-23_108761","night","2026-09-23T20:34:00","9158","Foreshore Estate Bus Terminus","13","8542","Kandanchavadi","24","2026-09-23T20:35:00","2026-09-23T20:55:00","1","60","ALL_TICKETS_USED","AT_TICKET_DESTINATION"
"SYN001045","SYNTHETIC","ETM_STYLE","2026-09-23","21083","104 R","19334","Regular","2026-09-23_19334","morning","2026-09-23T10:27:00","10429","Ambattur O.T Bus Stand","10","7681","Redhills Market","29","2026-09-23T10:27:00","2026-09-23T10:51:00","1","60","ALL_TICKETS_USED","AT_TICKET_DESTINATION"
"SYN001046","SYNTHETIC","ETM_STYLE","2026-09-23","21083","104 R","19334","Regular","2026-09-23_19334","morning","2026-09-23T10:21:00","6794","Ti Miller","6","7547","Kavangarai","25","2026-09-23T10:21:00","2026-09-23T10:45:00","2","60","ALL_TICKETS_USED","AT_TICKET_DESTINATION"
"SYN001047","SYNTHETIC","ETM_STYLE","2026-09-23","21083","104 R","19334","Regular","2026-09-23_19334","morning","2026-09-23T10:27:00","10429","Ambattur O.T Bus Stand","10","7509","Puzhal Jail","24","2026-09-23T10:27:00","2026-09-23T10:44:00","1","60","ALL_TICKETS_USED","AT_TICKET_DESTINATION"
"SYN001048","SYNTHETIC","CHENNAI_ONE_STYLE","2026-09-23","21083","104 R","19334","Regular","2026-09-23_19334","morning","2026-09-23T10:07:00","5730","Dunlop","7","7599","Sri Nallaghu Polytechnic College","27","2026-09-23T10:22:00","2026-09-23T10:48:00","1","60","ALL_TICKETS_USED","AT_TICKET_DESTINATION"
"SYN001049","SYNTHETIC","CHENNAI_ONE_STYLE","2026-09-23","21083","104 R","19334","Regular","2026-09-23_19334","morning","2026-09-23T10:23:00","10429","Ambattur O.T Bus Stand","10","7467","Screw Factory","23","2026-09-23T10:27:00","2026-09-23T10:43:00","1","60","ALL_TICKETS_USED","AT_TICKET_DESTINATION"
"SYN001050","SYNTHETIC","ETM_STYLE","2026-09-23","21083","104 R","19334","Regular","2026-09-23_19334","morning","2026-09-23T10:23:00","5731","Ambattur Canara Bank","8","7452","Omayal Achi College","22","2026-09-23T10:23:00","2026-09-23T10:42:00","2","60","ALL_TICKETS_USED","AT_TICKET_DESTINATION"
"SYN001051","SYNTHETIC","ETM_STYLE","2026-09-23","21083","104 R","19334","Regular","2026-09-23_19334","morning","2026-09-23T10:04:00","9374","Porur Toll Plaza","3","7509","Puzhal Jail","24","2026-09-23T10:04:00","2026-09-23T10:44:00","2","60","ALL_TICKETS_USED","AT_TICKET_DESTINATION"
"SYN001052","SYNTHETIC","CHENNAI_ONE_STYLE","2026-09-23","21083","104 R","19334","Regular","2026-09-23_19334","morning","2026-09-23T10:11:00","6794","Ti Miller","6","7427","Chocolate Company","21","2026-09-23T10:21:00","2026-09-23T10:41:00","1","60","ALL_TICKETS_USED","AT_TICKET_DESTINATION"
"SYN001053","SYNTHETIC","ETM_STYLE","2026-09-23","21083","104 R","19334","Regular","2026-09-23_19334","morning","2026-09-23T09:40:00","6693","Tambaram West Bus Stand","1","7681","Redhills Market","29","2026-09-23T09:40:00","2026-09-23T10:51:00","2","60","ALL_TICKETS_USED","AT_TICKET_DESTINATION"
"SYN001054","SYNTHETIC","ETM_STYLE","2026-09-23","21083","104 R","19334","Regular","2026-09-23_19334","morning","2026-09-23T10:04:00","9374","Porur Toll Plaza","3","7651","Ayurveda Ashramam","28","2026-09-23T10:04:00","2026-09-23T10:50:00","1","60","ALL_TICKETS_USED","AT_TICKET_DESTINATION"
"SYN001055","SYNTHETIC","ETM_STYLE","2026-09-23","21083","104 R","19334","Regular","2026-09-23_19334","morning","2026-09-23T10:25:00","6932","Uzhavar Santhai","9","7467","Screw Factory","23","2026-09-23T10:25:00","2026-09-23T10:43:00","1","60","ALL_TICKETS_USED","AT_TICKET_DESTINATION"
"SYN001056","SYNTHETIC","ETM_STYLE","2026-09-23","21083","104 R","19334","Regular","2026-09-23_19334","morning","2026-09-23T10:23:00","5731","Ambattur Canara Bank","8","7681","Redhills Market","29","2026-09-23T10:23:00","2026-09-23T10:51:00","1","60","ALL_TICKETS_USED","AT_TICKET_DESTINATION"
"SYN001057","SYNTHETIC","CHENNAI_ONE_STYLE","2026-09-23","21083","104 R","19334","Regular","2026-09-23_19334","morning","2026-09-23T10:13:00","5730","Dunlop","7","7599","Sri Nallaghu Polytechnic College","27","2026-09-23T10:22:00","2026-09-23T10:48:00","1","60","ALL_TICKETS_USED","AT_TICKET_DESTINATION"
"SYN001058","SYNTHETIC","CHENNAI_ONE_STYLE","2026-09-23","21083","104 R","19334","Regular","2026-09-23_19334","morning","2026-09-23T10:16:00","6794","Ti Miller","6","7585","Thandal Kazhani","26","2026-09-23T10:21:00","2026-09-23T10:47:00","1","60","ALL_TICKETS_USED","AT_TICKET_DESTINATION"
"SYN001059","SYNTHETIC","ETM_STYLE","2026-09-23","21083","104 R","19334","Regular","2026-09-23_19334","morning","2026-09-23T10:04:00","9374","Porur Toll Plaza","3","7509","Puzhal Jail","24","2026-09-23T10:04:00","2026-09-23T10:44:00","1","60","ALL_TICKETS_USED","AT_TICKET_DESTINATION"
"SYN001060","SYNTHETIC","CHENNAI_ONE_STYLE","2026-09-23","21083","104 R","19334","Regular","2026-09-23_19334","morning","2026-09-23T10:07:00","6794","Ti Miller","6","7651","Ayurveda Ashramam","28","2026-09-23T10:21:00","2026-09-23T10:50:00","1","60","ALL_TICKETS_USED","AT_TICKET_DESTINATION"
"SYN001061","SYNTHETIC","ETM_STYLE","2026-09-23","21083","104 R","19334","Regular","2026-09-23_19334","morning","2026-09-23T10:04:00","9374","Porur Toll Plaza","3","7651","Ayurveda Ashramam","28","2026-09-23T10:04:00","2026-09-23T10:50:00","1","60","ALL_TICKETS_USED","AT_TICKET_DESTINATION"
"SYN001062","SYNTHETIC","CHENNAI_ONE_STYLE","2026-09-23","21083","104 R","19334","Regular","2026-09-23_19334","morning","2026-09-23T10:03:00","9374","Porur Toll Plaza","3","7585","Thandal Kazhani","26","2026-09-23T10:04:00","2026-09-23T10:47:00","2","60","ALL_TICKETS_USED","AT_TICKET_DESTINATION"
"SYN001063","SYNTHETIC","CHENNAI_ONE_STYLE","2026-09-23","21083","104 R","19334","Regular","2026-09-23_19334","morning","2026-09-23T09:28:00","6693","Tambaram West Bus Stand","1","7651","Ayurveda Ashramam","28","2026-09-23T09:40:00","2026-09-23T10:50:00","2","60","ALL_TICKETS_USED","AT_TICKET_DESTINATION"
"SYN001064","SYNTHETIC","CHENNAI_ONE_STYLE","2026-09-23","21083","104 R","19334","Regular","2026-09-23_19334","morning","2026-09-23T10:19:00","6932","Uzhavar Santhai","9","5578","Redhills Bus Terminus","30","2026-09-23T10:25:00","2026-09-23T10:52:00","1","60","ALL_TICKETS_USED","AT_TICKET_DESTINATION"
"SYN001065","SYNTHETIC","CHENNAI_ONE_STYLE","2026-09-23","21083","104 R","19334","Regular","2026-09-23_19334","morning","2026-09-23T10:08:00","5731","Ambattur Canara Bank","8","7599","Sri Nallaghu Polytechnic College","27","2026-09-23T10:23:00","2026-09-23T10:48:00","2","60","ALL_TICKETS_USED","AT_TICKET_DESTINATION"
"SYN001066","SYNTHETIC","CHENNAI_ONE_STYLE","2026-09-23","21083","104 R","19334","Regular","2026-09-23_19334","morning","2026-09-23T10:02:00","10351","Ambattur I.T Park","4","5578","Redhills Bus Terminus","30","2026-09-23T10:16:00","2026-09-23T10:52:00","1","60","ALL_TICKETS_USED","AT_TICKET_DESTINATION"
"SYN001067","SYNTHETIC","CHENNAI_ONE_STYLE","2026-09-23","21083","104 R","19334","Regular","2026-09-23_19334","morning","2026-09-23T10:04:00","9920","Ambattur Industrial Estate","5","7651","Ayurveda Ashramam","28","2026-09-23T10:17:00","2026-09-23T10:50:00","1","60","ALL_TICKETS_USED","AT_TICKET_DESTINATION"
"SYN001068","SYNTHETIC","CHENNAI_ONE_STYLE","2026-09-23","21083","104 R","19334","Regular","2026-09-23_19334","morning","2026-09-23T10:03:00","10351","Ambattur I.T Park","4","7547","Kavangarai","25","2026-09-23T10:16:00","2026-09-23T10:45:00","2","60","ALL_TICKETS_USED","AT_TICKET_DESTINATION"
"SYN001069","SYNTHETIC","ETM_STYLE","2026-09-23","21083","104 R","19334","Regular","2026-09-23_19334","morning","2026-09-23T10:17:00","9920","Ambattur Industrial Estate","5","7452","Omayal Achi College","22","2026-09-23T10:17:00","2026-09-23T10:42:00","3","60","ALL_TICKETS_USED","AT_TICKET_DESTINATION"
"SYN001070","SYNTHETIC","CHENNAI_ONE_STYLE","2026-09-23","21083","104 R","19334","Regular","2026-09-23_19334","morning","2026-09-23T10:15:00","6794","Ti Miller","6","7452","Omayal Achi College","22","2026-09-23T10:21:00","2026-09-23T10:42:00","1","60","ALL_TICKETS_USED","AT_TICKET_DESTINATION"
"SYN001071","SYNTHETIC","CHENNAI_ONE_STYLE","2026-09-23","21083","104 R","19334","Regular","2026-09-23_19334","morning","2026-09-23T10:04:00","10351","Ambattur I.T Park","4","7452","Omayal Achi College","22","2026-09-23T10:16:00","2026-09-23T10:42:00","2","60","ALL_TICKETS_USED","AT_TICKET_DESTINATION"
"SYN001072","SYNTHETIC","ETM_STYLE","2026-09-23","21083","104 R","19334","Regular","2026-09-23_19334","morning","2026-09-23T10:04:00","9374","Porur Toll Plaza","3","7467","Screw Factory","23","2026-09-23T10:04:00","2026-09-23T10:43:00","2","60","ALL_TICKETS_USED","AT_TICKET_DESTINATION"
"SYN001073","SYNTHETIC","ETM_STYLE","2026-09-23","21083","104 R","19334","Regular","2026-09-23_19334","morning","2026-09-23T10:04:00","9374","Porur Toll Plaza","3","7452","Omayal Achi College","22","2026-09-23T10:04:00","2026-09-23T10:42:00","2","60","ALL_TICKETS_USED","AT_TICKET_DESTINATION"
"SYN001074","SYNTHETIC","CHENNAI_ONE_STYLE","2026-09-23","21083","104 R","19334","Regular","2026-09-23_19334","morning","2026-09-23T10:13:00","10429","Ambattur O.T Bus Stand","10","7651","Ayurveda Ashramam","28","2026-09-23T10:27:00","2026-09-23T10:50:00","3","60","ALL_TICKETS_USED","AT_TICKET_DESTINATION"
"SYN001075","SYNTHETIC","ETM_STYLE","2026-09-23","21083","104 R","19334","Regular","2026-09-23_19334","morning","2026-09-23T10:16:00","10351","Ambattur I.T Park","4","7427","Chocolate Company","21","2026-09-23T10:16:00","2026-09-23T10:41:00","1","60","ALL_TICKETS_USED","AT_TICKET_DESTINATION"
"SYN001076","SYNTHETIC","CHENNAI_ONE_STYLE","2026-09-23","21083","104 R","19336","Regular","2026-09-23_19336","afternoon","2026-09-23T14:06:00","9374","Porur Toll Plaza","3","10469","Kallikuppam Kovil","15","2026-09-23T14:09:00","2026-09-23T14:39:00","1","60","ALL_TICKETS_USED","AT_TICKET_DESTINATION"
"SYN001077","SYNTHETIC","ETM_STYLE","2026-09-23","21083","104 R","19336","Regular","2026-09-23_19336","afternoon","2026-09-23T14:30:00","6932","Uzhavar Santhai","9","10469","Kallikuppam Kovil","15","2026-09-23T14:30:00","2026-09-23T14:39:00","1","60","ALL_TICKETS_USED","AT_TICKET_DESTINATION"
"SYN001078","SYNTHETIC","ETM_STYLE","2026-09-23","21083","104 R","19336","Regular","2026-09-23_19336","afternoon","2026-09-23T13:45:00","6693","Tambaram West Bus Stand","1","7681","Redhills Market","29","2026-09-23T13:45:00","2026-09-23T14:56:00","2","60","ALL_TICKETS_USED","AT_TICKET_DESTINATION"
"SYN001079","SYNTHETIC","ETM_STYLE","2026-09-23","21083","104 R","19336","Regular","2026-09-23_19336","afternoon","2026-09-23T14:34:00","7057","Raaki Theatre","11","7129","Oragadam","12","2026-09-23T14:34:00","2026-09-23T14:35:00","3","60","ALL_TICKETS_USED","AT_TICKET_DESTINATION"
"SYN001080","SYNTHETIC","ETM_STYLE","2026-09-23","21083","104 R","19336","Regular","2026-09-23_19336","afternoon","2026-09-23T14:34:00","7057","Raaki Theatre","11","7467","Screw Factory","23","2026-09-23T14:34:00","2026-09-23T14:48:00","3","60","ALL_TICKETS_USED","AT_TICKET_DESTINATION"
"SYN001081","SYNTHETIC","ETM_STYLE","2026-09-23","21083","104 R","19336","Regular","2026-09-23_19336","afternoon","2026-09-23T14:32:00","10429","Ambattur O.T Bus Stand","10","7203","Kallikuppam","16","2026-09-23T14:32:00","2026-09-23T14:40:00","2","60","ALL_TICKETS_USED","AT_TICKET_DESTINATION"
"SYN001082","SYNTHETIC","CHENNAI_ONE_STYLE","2026-09-23","21083","104 R","19336","Regular","2026-09-23_19336","afternoon","2026-09-23T14:27:00","7307","Shanmugapuram","17","7345","Surapet","19","2026-09-23T14:42:00","2026-09-23T14:44:00","1","60","ALL_TICKETS_USED","AT_TICKET_DESTINATION"
"SYN001083","SYNTHETIC","ETM_STYLE","2026-09-23","21083","104 R","19336","Regular","2026-09-23_19336","afternoon","2026-09-23T14:21:00","10351","Ambattur I.T Park","4","5731","Ambattur Canara Bank","8","2026-09-23T14:21:00","2026-09-23T14:28:00","3","60","ALL_TICKETS_USED","AT_TICKET_DESTINATION"
"SYN001084","SYNTHETIC","CHENNAI_ONE_STYLE","2026-09-23","21083","104 R","19336","Regular","2026-09-23_19336","afternoon","2026-09-23T14:46:00","7427","Chocolate Company","21","7509","Puzhal Jail","24","2026-09-23T14:46:00","2026-09-23T14:49:00","1","60","ALL_TICKETS_USED","AT_TICKET_DESTINATION"
"SYN001085","SYNTHETIC","CHENNAI_ONE_STYLE","2026-09-23","21083","104 R","19336","Regular","2026-09-23_19336","afternoon","2026-09-23T14:19:00","5730","Dunlop","7","7427","Chocolate Company","21","2026-09-23T14:27:00","2026-09-23T14:46:00","3","60","ALL_TICKETS_USED","AT_TICKET_DESTINATION"
"SYN001086","SYNTHETIC","ETM_STYLE","2026-09-23","21083","104 R","19336","Regular","2026-09-23_19336","afternoon","2026-09-23T14:38:00","7200","Wireless Company","14","7509","Puzhal Jail","24","2026-09-23T14:38:00","2026-09-23T14:49:00","2","60","ALL_TICKETS_USED","AT_TICKET_DESTINATION"
"SYN001087","SYNTHETIC","ETM_STYLE","2026-09-23","21083","104 R","19336","Regular","2026-09-23_19336","afternoon","2026-09-23T14:26:00","6794","Ti Miller","6","10469","Kallikuppam Kovil","15","2026-09-23T14:26:00","2026-09-23T14:39:00","1","60","ALL_TICKETS_USED","AT_TICKET_DESTINATION"
"SYN001088","SYNTHETIC","CHENNAI_ONE_STYLE","2026-09-23","21083","104 R","19336","Regular","2026-09-23_19336","afternoon","2026-09-23T14:21:00","6932","Uzhavar Santhai","9","7057","Raaki Theatre","11","2026-09-23T14:30:00","2026-09-23T14:34:00","1","60","ALL_TICKETS_USED","AT_TICKET_DESTINATION"
"SYN001089","SYNTHETIC","CHENNAI_ONE_STYLE","2026-09-23","21083","104 R","19338","Regular","2026-09-23_19338","evening","2026-09-23T18:36:00","6794","Ti Miller","6","7509","Puzhal Jail","24","2026-09-23T18:36:00","2026-09-23T18:59:00","2","60","ALL_TICKETS_USED","AT_TICKET_DESTINATION"
"SYN001090","SYNTHETIC","ETM_STYLE","2026-09-23","21083","104 R","19338","Regular","2026-09-23_19338","evening","2026-09-23T18:38:00","5731","Ambattur Canara Bank","8","7452","Omayal Achi College","22","2026-09-23T18:38:00","2026-09-23T18:57:00","1","60","ALL_TICKETS_USED","AT_TICKET_DESTINATION"
"SYN001091","SYNTHETIC","ETM_STYLE","2026-09-23","21083","104 R","19338","Regular","2026-09-23_19338","evening","2026-09-23T18:37:00","5730","Dunlop","7","7509","Puzhal Jail","24","2026-09-23T18:37:00","2026-09-23T18:59:00","2","60","ALL_TICKETS_USED","AT_TICKET_DESTINATION"
"SYN001092","SYNTHETIC","CHENNAI_ONE_STYLE","2026-09-23","21083","104 R","19338","Regular","2026-09-23_19338","evening","2026-09-23T17:55:00","6693","Tambaram West Bus Stand","1","7427","Chocolate Company","21","2026-09-23T17:55:00","2026-09-23T18:56:00","1","60","ALL_TICKETS_USED","AT_TICKET_DESTINATION"
"SYN001093","SYNTHETIC","CHENNAI_ONE_STYLE","2026-09-23","21083","104 R","19338","Regular","2026-09-23_19338","evening","2026-09-23T18:25:00","9920","Ambattur Industrial Estate","5","7427","Chocolate Company","21","2026-09-23T18:32:00","2026-09-23T18:56:00","1","60","ALL_TICKETS_USED","AT_TICKET_DESTINATION"
"SYN001094","SYNTHETIC","ETM_STYLE","2026-09-23","21083","104 R","19338","Regular","2026-09-23_19338","evening","2026-09-23T18:19:00","9374","Porur Toll Plaza","3","7651","Ayurveda Ashramam","28","2026-09-23T18:19:00","2026-09-23T19:05:00","1","60","ALL_TICKETS_USED","AT_TICKET_DESTINATION"
"SYN001095","SYNTHETIC","ETM_STYLE","2026-09-23","21083","104 R","19338","Regular","2026-09-23_19338","evening","2026-09-23T18:31:00","10351","Ambattur I.T Park","4","5578","Redhills Bus Terminus","30","2026-09-23T18:31:00","2026-09-23T19:07:00","1","60","ALL_TICKETS_USED","AT_TICKET_DESTINATION"
"SYN001096","SYNTHETIC","CHENNAI_ONE_STYLE","2026-09-23","21083","104 R","19338","Regular","2026-09-23_19338","evening","2026-09-23T18:28:00","5730","Dunlop","7","7467","Screw Factory","23","2026-09-23T18:37:00","2026-09-23T18:58:00","1","60","ALL_TICKETS_USED","AT_TICKET_DESTINATION"
"SYN001097","SYNTHETIC","CHENNAI_ONE_STYLE","2026-09-23","21083","104 R","19338","Regular","2026-09-23_19338","evening","2026-09-23T17:41:00","6693","Tambaram West Bus Stand","1","5578","Redhills Bus Terminus","30","2026-09-23T17:55:00","2026-09-23T19:07:00","1","60","ALL_TICKETS_USED","AT_TICKET_DESTINATION"
"SYN001098","SYNTHETIC","ETM_STYLE","2026-09-23","21083","104 R","19338","Regular","2026-09-23_19338","evening","2026-09-23T18:01:00","6594","Irumbuliyur","2","7547","Kavangarai","25","2026-09-23T18:01:00","2026-09-23T19:00:00","1","60","ALL_TICKETS_USED","AT_TICKET_DESTINATION"
"SYN001099","SYNTHETIC","CHENNAI_ONE_STYLE","2026-09-23","21083","104 R","19338","Regular","2026-09-23_19338","evening","2026-09-23T18:21:00","9920","Ambattur Industrial Estate","5","7651","Ayurveda Ashramam","28","2026-09-23T18:32:00","2026-09-23T19:05:00","1","60","ALL_TICKETS_USED","AT_TICKET_DESTINATION"
"SYN001100","SYNTHETIC","CHENNAI_ONE_STYLE","2026-09-23","21083","104 R","19338","Regular","2026-09-23_19338","evening","2026-09-23T18:30:00","5730","Dunlop","7","7651","Ayurveda Ashramam","28","2026-09-23T18:37:00","2026-09-23T19:05:00","1","60","ALL_TICKETS_USED","AT_TICKET_DESTINATION"
"SYN001101","SYNTHETIC","ETM_STYLE","2026-09-23","21083","104 R","19338","Regular","2026-09-23_19338","evening","2026-09-23T18:01:00","6594","Irumbuliyur","2","7452","Omayal Achi College","22","2026-09-23T18:01:00","2026-09-23T18:57:00","1","60","ALL_TICKETS_USED","AT_TICKET_DESTINATION"
"SYN001102","SYNTHETIC","ETM_STYLE","2026-09-23","21083","104 R","19338","Regular","2026-09-23_19338","evening","2026-09-23T18:37:00","5730","Dunlop","7","7599","Sri Nallaghu Polytechnic College","27","2026-09-23T18:37:00","2026-09-23T19:03:00","1","60","ALL_TICKETS_USED","AT_TICKET_DESTINATION"
"SYN001103","SYNTHETIC","ETM_STYLE","2026-09-23","21083","104 R","19338","Regular","2026-09-23_19338","evening","2026-09-23T18:01:00","6594","Irumbuliyur","2","5578","Redhills Bus Terminus","30","2026-09-23T18:01:00","2026-09-23T19:07:00","3","60","ALL_TICKETS_USED","AT_TICKET_DESTINATION"
"SYN001104","SYNTHETIC","ETM_STYLE","2026-09-23","21083","104 R","19338","Regular","2026-09-23_19338","evening","2026-09-23T18:40:00","6932","Uzhavar Santhai","9","7651","Ayurveda Ashramam","28","2026-09-23T18:40:00","2026-09-23T19:05:00","2","60","ALL_TICKETS_USED","AT_TICKET_DESTINATION"
"SYN001105","SYNTHETIC","ETM_STYLE","2026-09-23","21083","104 R","19338","Regular","2026-09-23_19338","evening","2026-09-23T17:55:00","6693","Tambaram West Bus Stand","1","7547","Kavangarai","25","2026-09-23T17:55:00","2026-09-23T19:00:00","2","60","ALL_TICKETS_USED","AT_TICKET_DESTINATION"
"SYN001106","SYNTHETIC","ETM_STYLE","2026-09-23","21083","104 R","19338","Regular","2026-09-23_19338","evening","2026-09-23T18:31:00","10351","Ambattur I.T Park","4","7599","Sri Nallaghu Polytechnic College","27","2026-09-23T18:31:00","2026-09-23T19:03:00","3","60","ALL_TICKETS_USED","AT_TICKET_DESTINATION"
"SYN001107","SYNTHETIC","ETM_STYLE","2026-09-23","21083","104 R","19338","Regular","2026-09-23_19338","evening","2026-09-23T18:37:00","5730","Dunlop","7","7585","Thandal Kazhani","26","2026-09-23T18:37:00","2026-09-23T19:02:00","1","60","ALL_TICKETS_USED","AT_TICKET_DESTINATION"
"SYN001108","SYNTHETIC","CHENNAI_ONE_STYLE","2026-09-23","21083","104 R","19338","Regular","2026-09-23_19338","evening","2026-09-23T18:34:00","6794","Ti Miller","6","7452","Omayal Achi College","22","2026-09-23T18:36:00","2026-09-23T18:57:00","1","60","ALL_TICKETS_USED","AT_TICKET_DESTINATION"
"SYN001109","SYNTHETIC","ETM_STYLE","2026-09-23","21083","104 R","19338","Regular","2026-09-23_19338","evening","2026-09-23T18:42:00","10429","Ambattur O.T Bus Stand","10","7509","Puzhal Jail","24","2026-09-23T18:42:00","2026-09-23T18:59:00","2","60","ALL_TICKETS_USED","AT_TICKET_DESTINATION"
"SYN001110","SYNTHETIC","ETM_STYLE","2026-09-23","21083","104 R","19338","Regular","2026-09-23_19338","evening","2026-09-23T18:42:00","10429","Ambattur O.T Bus Stand","10","7651","Ayurveda Ashramam","28","2026-09-23T18:42:00","2026-09-23T19:05:00","2","60","ALL_TICKETS_USED","AT_TICKET_DESTINATION"
"SYN001111","SYNTHETIC","ETM_STYLE","2026-09-23","21083","104 R","19338","Regular","2026-09-23_19338","evening","2026-09-23T18:36:00","6794","Ti Miller","6","7651","Ayurveda Ashramam","28","2026-09-23T18:36:00","2026-09-23T19:05:00","1","60","ALL_TICKETS_USED","AT_TICKET_DESTINATION"
"SYN001112","SYNTHETIC","ETM_STYLE","2026-09-23","21083","104 R","19338","Regular","2026-09-23_19338","evening","2026-09-23T18:36:00","6794","Ti Miller","6","7585","Thandal Kazhani","26","2026-09-23T18:36:00","2026-09-23T19:02:00","1","60","ALL_TICKETS_USED","AT_TICKET_DESTINATION"
"SYN001113","SYNTHETIC","ETM_STYLE","2026-09-23","21083","104 R","19338","Regular","2026-09-23_19338","evening","2026-09-23T18:40:00","6932","Uzhavar Santhai","9","7681","Redhills Market","29","2026-09-23T18:40:00","2026-09-23T19:06:00","3","60","ALL_TICKETS_USED","AT_TICKET_DESTINATION"
"SYN001114","SYNTHETIC","ETM_STYLE","2026-09-23","21083","104 R","19338","Regular","2026-09-23_19338","evening","2026-09-23T18:42:00","10429","Ambattur O.T Bus Stand","10","7509","Puzhal Jail","24","2026-09-23T18:42:00","2026-09-23T18:59:00","3","60","ALL_TICKETS_USED","AT_TICKET_DESTINATION"
"SYN001115","SYNTHETIC","ETM_STYLE","2026-09-23","21083","104 R","19338","Regular","2026-09-23_19338","evening","2026-09-23T18:42:00","10429","Ambattur O.T Bus Stand","10","7467","Screw Factory","23","2026-09-23T18:42:00","2026-09-23T18:58:00","3","60","ALL_TICKETS_USED","AT_TICKET_DESTINATION"
"SYN001116","SYNTHETIC","CHENNAI_ONE_STYLE","2026-09-23","21083","104 R","19338","Regular","2026-09-23_19338","evening","2026-09-23T18:25:00","9920","Ambattur Industrial Estate","5","7651","Ayurveda Ashramam","28","2026-09-23T18:32:00","2026-09-23T19:05:00","2","60","ALL_TICKETS_USED","AT_TICKET_DESTINATION"
"SYN001117","SYNTHETIC","CHENNAI_ONE_STYLE","2026-09-23","21083","104 R","19338","Regular","2026-09-23_19338","evening","2026-09-23T18:30:00","5731","Ambattur Canara Bank","8","7547","Kavangarai","25","2026-09-23T18:38:00","2026-09-23T19:00:00","2","60","ALL_TICKETS_USED","AT_TICKET_DESTINATION"
"SYN001118","SYNTHETIC","CHENNAI_ONE_STYLE","2026-09-23","21083","104 R","19338","Regular","2026-09-23_19338","evening","2026-09-23T18:29:00","6932","Uzhavar Santhai","9","7467","Screw Factory","23","2026-09-23T18:40:00","2026-09-23T18:58:00","1","60","ALL_TICKETS_USED","AT_TICKET_DESTINATION"
"SYN001119","SYNTHETIC","CHENNAI_ONE_STYLE","2026-09-23","21083","104 R","22233","Regular","2026-09-23_22233","night","2026-09-23T20:46:00","5730","Dunlop","7","7599","Sri Nallaghu Polytechnic College","27","2026-09-23T20:47:00","2026-09-23T21:13:00","1","60","ALL_TICKETS_USED","AT_TICKET_DESTINATION"
"SYN001120","SYNTHETIC","ETM_STYLE","2026-09-23","21083","104 R","22233","Regular","2026-09-23_22233","night","2026-09-23T20:41:00","10351","Ambattur I.T Park","4","7307","Shanmugapuram","17","2026-09-23T20:41:00","2026-09-23T21:02:00","1","60","ALL_TICKETS_USED","AT_TICKET_DESTINATION"
"SYN001121","SYNTHETIC","ETM_STYLE","2026-09-23","21083","104 R","22233","Regular","2026-09-23_22233","night","2026-09-23T20:52:00","10429","Ambattur O.T Bus Stand","10","10469","Kallikuppam Kovil","15","2026-09-23T20:52:00","2026-09-23T20:59:00","1","60","ALL_TICKETS_USED","AT_TICKET_DESTINATION"
"SYN001122","SYNTHETIC","CHENNAI_ONE_STYLE","2026-09-23","21083","104 R","22233","Regular","2026-09-23_22233","night","2026-09-23T20:54:00","7186","Pudur","13","7547","Kavangarai","25","2026-09-23T20:57:00","2026-09-23T21:10:00","2","60","ALL_TICKETS_USED","AT_TICKET_DESTINATION"
"SYN001123","SYNTHETIC","ETM_STYLE","2026-09-23","21083","104 R","22233","Regular","2026-09-23_22233","night","2026-09-23T21:15:00","7651","Ayurveda Ashramam","28","7681","Redhills Market","29","2026-09-23T21:15:00","2026-09-23T21:16:00","2","60","ALL_TICKETS_USED","AT_TICKET_DESTINATION"
"SYN001124","SYNTHETIC","ETM_STYLE","2026-09-23","21083","104 R","22233","Regular","2026-09-23_22233","night","2026-09-23T20:54:00","7057","Raaki Theatre","11","7547","Kavangarai","25","2026-09-23T20:54:00","2026-09-23T21:10:00","1","60","ALL_TICKETS_USED","AT_TICKET_DESTINATION"
"SYN001125","SYNTHETIC","ETM_STYLE","2026-09-23","21083","104 R","22233","Regular","2026-09-23_22233","night","2026-09-23T21:00:00","7203","Kallikuppam","16","7585","Thandal Kazhani","26","2026-09-23T21:00:00","2026-09-23T21:12:00","2","60","ALL_TICKETS_USED","AT_TICKET_DESTINATION"
"SYN001126","SYNTHETIC","ETM_STYLE","2026-09-23","21083","104 R","22233","Regular","2026-09-23_22233","night","2026-09-23T21:09:00","7509","Puzhal Jail","24","7681","Redhills Market","29","2026-09-23T21:09:00","2026-09-23T21:16:00","2","60","ALL_TICKETS_USED","AT_TICKET_DESTINATION"
"SYN001127","SYNTHETIC","ETM_STYLE","2026-09-23","21083","104 R","22233","Regular","2026-09-23_22233","night","2026-09-23T21:10:00","7547","Kavangarai","25","7681","Redhills Market","29","2026-09-23T21:10:00","2026-09-23T21:16:00","1","60","ALL_TICKETS_USED","AT_TICKET_DESTINATION"
"SYN001128","SYNTHETIC","ETM_STYLE","2026-09-23","21083","104 R","22233","Regular","2026-09-23_22233","night","2026-09-23T21:04:00","7345","Surapet","19","7599","Sri Nallaghu Polytechnic College","27","2026-09-23T21:04:00","2026-09-23T21:13:00","1","60","ALL_TICKETS_USED","AT_TICKET_DESTINATION"
"SYN001129","SYNTHETIC","CHENNAI_ONE_STYLE","2026-09-23","21083","104 R","22233","Regular","2026-09-23_22233","night","2026-09-23T20:54:00","7200","Wireless Company","14","7307","Shanmugapuram","17","2026-09-23T20:58:00","2026-09-23T21:02:00","2","60","ALL_TICKETS_USED","AT_TICKET_DESTINATION"
"SYN001130","SYNTHETIC","ETM_STYLE","2026-09-23","21083","104 R","22233","Regular","2026-09-23_22233","night","2026-09-23T20:48:00","5731","Ambattur Canara Bank","8","7427","Chocolate Company","21","2026-09-23T20:48:00","2026-09-23T21:06:00","1","60","ALL_TICKETS_USED","AT_TICKET_DESTINATION"
"SYN001131","SYNTHETIC","CHENNAI_ONE_STYLE","2026-09-23","16821","105","14448","Regular","2026-09-23_14448","morning","2026-09-23T08:17:00","6272","Egattur","5","10049","S.I.V.E.T","34","2026-09-23T08:20:00","2026-09-23T09:02:00","1","60","ALL_TICKETS_USED","AT_TICKET_DESTINATION"
"SYN001132","SYNTHETIC","ETM_STYLE","2026-09-23","16821","105","14448","Regular","2026-09-23_14448","morning","2026-09-23T08:33:00","6363","Ottiyambakkam","13","6659","Sembakkam","36","2026-09-23T08:33:00","2026-09-23T09:04:00","1","60","ALL_TICKETS_USED","AT_TICKET_DESTINATION"
"SYN001133","SYNTHETIC","ETM_STYLE","2026-09-23","16821","105","14448","Regular","2026-09-23_14448","morning","2026-09-23T08:25:00","6307","Kakkan Nagar","7","6658","Tambaram Railway Station East","43","2026-09-23T08:25:00","2026-09-23T09:13:00","3","60","ALL_TICKETS_USED","AT_TICKET_DESTINATION"
"SYN001134","SYNTHETIC","ETM_STYLE","2026-09-23","16821","105","14448","Regular","2026-09-23_14448","morning","2026-09-23T08:20:00","6272","Egattur","5","6643","Selaiyur","39","2026-09-23T08:20:00","2026-09-23T09:09:00","1","60","ALL_TICKETS_USED","AT_TICKET_DESTINATION"
"SYN001135","SYNTHETIC","ETM_STYLE","2026-09-23","16821","105","14448","Regular","2026-09-23_14448","morning","2026-09-23T08:35:00","6389","Tellus Avenue","14","6643","Selaiyur","39","2026-09-23T08:35:00","2026-09-23T09:09:00","1","60","ALL_TICKETS_USED","AT_TICKET_DESTINATION"
"SYN001136","SYNTHETIC","ETM_STYLE","2026-09-23","16821","105","14448","Regular","2026-09-23_14448","morning","2026-09-23T08:28:00","6303","Thalambur","10","6643","Selaiyur","39","2026-09-23T08:28:00","2026-09-23T09:09:00","1","60","ALL_TICKETS_USED","AT_TICKET_DESTINATION"
"SYN001137","SYNTHETIC","ETM_STYLE","2026-09-23","16821","105","14448","Regular","2026-09-23_14448","morning","2026-09-23T08:36:00","6408","Ramakrishna Nagar","15","6643","Selaiyur","39","2026-09-23T08:36:00","2026-09-23T09:09:00","1","60","ALL_TICKETS_USED","AT_TICKET_DESTINATION"
"SYN001138","SYNTHETIC","ETM_STYLE","2026-09-23","16821","105","14448","Regular","2026-09-23_14448","morning","2026-09-23T08:26:00","6305","Trisakthi Kovil","8","6644","Mahalakshmi Nagar","38","2026-09-23T08:26:00","2026-09-23T09:07:00","1","60","ALL_TICKETS_USED","AT_TICKET_DESTINATION"
"SYN001139","SYNTHETIC","CHENNAI_ONE_STYLE","2026-09-23","16821","105","14448","Regular","2026-09-23_14448","morning","2026-09-23T08:10:00","6272","Egattur","5","6643","Selaiyur","39","2026-09-23T08:20:00","2026-09-23T09:09:00","1","60","ALL_TICKETS_USED","AT_TICKET_DESTINATION"
"SYN001140","SYNTHETIC","CHENNAI_ONE_STYLE","2026-09-23","16821","105","14448","Regular","2026-09-23_14448","morning","2026-09-23T08:28:00","6351","Karanai","12","6693","Tambaram West Bus Stand","45","2026-09-23T08:31:00","2026-09-23T09:16:00","1","60","ALL_TICKETS_USED","AT_TICKET_DESTINATION"
"SYN001141","SYNTHETIC","CHENNAI_ONE_STYLE","2026-09-23","16821","105","14448","Regular","2026-09-23_14448","morning","2026-09-23T08:16:00","6240","Tcs Gate 1","3","6656","Poondi Bazaar","42","2026-09-23T08:17:00","2026-09-23T09:12:00","1","60","ALL_TICKETS_USED","AT_TICKET_DESTINATION"
"SYN001142","SYNTHETIC","ETM_STYLE","2026-09-23","16821","105","14448","Regular","2026-09-23_14448","morning","2026-09-23T08:33:00","6363","Ottiyambakkam","13","6608","Vengaivasal Road Junction","32","2026-09-23T08:33:00","2026-09-23T09:00:00","1","60","ALL_TICKETS_USED","AT_TICKET_DESTINATION"
"SYN001143","SYNTHETIC","ETM_STYLE","2026-09-23","16821","105","14448","Regular","2026-09-23_14448","morning","2026-09-23T08:15:00","9960","Siruseri It Park","1","6647","Aathi Nagar","40","2026-09-23T08:15:00","2026-09-23T09:10:00","1","60","ALL_TICKETS_USED","AT_TICKET_DESTINATION"
"SYN001144","SYNTHETIC","CHENNAI_ONE_STYLE","2026-09-23","16821","105","14448","Regular","2026-09-23_14448","morning","2026-09-23T08:16:00","6240","Tcs Gate 1","3","6659","Sembakkam","36","2026-09-23T08:17:00","2026-09-23T09:04:00","1","60","ALL_TICKETS_USED","AT_TICKET_DESTINATION"
"SYN001145","SYNTHETIC","ETM_STYLE","2026-09-23","16821","105","14448","Regular","2026-09-23_14448","morning","2026-09-23T08:31:00","6351","Karanai","12","6662","Tambaram East Bus Stop","44","2026-09-23T08:31:00","2026-09-23T09:14:00","1","60","ALL_TICKETS_USED","AT_TICKET_DESTINATION"
"SYN001146","SYNTHETIC","ETM_STYLE","2026-09-23","16821","105","14448","Regular","2026-09-23_14448","morning","2026-09-23T08:17:00","6240","Tcs Gate 1","3","6608","Vengaivasal Road Junction","32","2026-09-23T08:17:00","2026-09-23T09:00:00","1","60","ALL_TICKETS_USED","AT_TICKET_DESTINATION"
"SYN001147","SYNTHETIC","ETM_STYLE","2026-09-23","16821","105","14448","Regular","2026-09-23_14448","morning","2026-09-23T08:29:00","6332","Karanai Colony","11","6666","Kamarajapuram","37","2026-09-23T08:29:00","2026-09-23T09:05:00","2","60","ALL_TICKETS_USED","AT_TICKET_DESTINATION"
"SYN001148","SYNTHETIC","CHENNAI_ONE_STYLE","2026-09-23","16821","105","14448","Regular","2026-09-23_14448","morning","2026-09-23T08:28:00","6303","Thalambur","10","6659","Sembakkam","36","2026-09-23T08:28:00","2026-09-23T09:04:00","1","60","ALL_TICKETS_USED","AT_TICKET_DESTINATION"
"SYN001149","SYNTHETIC","ETM_STYLE","2026-09-23","16821","105","14448","Regular","2026-09-23_14448","morning","2026-09-23T08:15:00","9960","Siruseri It Park","1","6625","Santhosapuram","33","2026-09-23T08:15:00","2026-09-23T09:01:00","1","60","ALL_TICKETS_USED","AT_TICKET_DESTINATION"
"SYN001150","SYNTHETIC","ETM_STYLE","2026-09-23","16821","105","14448","Regular","2026-09-23_14448","morning","2026-09-23T08:17:00","6240","Tcs Gate 1","3","10049","S.I.V.E.T","34","2026-09-23T08:17:00","2026-09-23T09:02:00","1","60","ALL_TICKETS_USED","AT_TICKET_DESTINATION"
"SYN001151","SYNTHETIC","ETM_STYLE","2026-09-23","16821","105","14448","Regular","2026-09-23_14448","morning","2026-09-23T08:15:00","9960","Siruseri It Park","1","6656","Poondi Bazaar","42","2026-09-23T08:15:00","2026-09-23T09:12:00","3","60","ALL_TICKETS_USED","AT_TICKET_DESTINATION"
"SYN001152","SYNTHETIC","ETM_STYLE","2026-09-23","16821","105","14448","Regular","2026-09-23_14448","morning","2026-09-23T08:23:00","9976","Navalur","6","6608","Vengaivasal Road Junction","32","2026-09-23T08:23:00","2026-09-23T09:00:00","2","60","ALL_TICKETS_USED","AT_TICKET_DESTINATION"
"SYN001153","SYNTHETIC","ETM_STYLE","2026-09-23","16821","105","14448","Regular","2026-09-23_14448","morning","2026-09-23T08:28:00","6303","Thalambur","10","6614","Vijaya Nagaram","31","2026-09-23T08:28:00","2026-09-23T08:59:00","2","60","ALL_TICKETS_USED","AT_TICKET_DESTINATION"
"SYN001154","SYNTHETIC","ETM_STYLE","2026-09-23","16821","105","14448","Regular","2026-09-23_14448","morning","2026-09-23T08:36:00","6408","Ramakrishna Nagar","15","6658","Tambaram Railway Station East","43","2026-09-23T08:36:00","2026-09-23T09:13:00","1","60","ALL_TICKETS_USED","AT_TICKET_DESTINATION"
"SYN001155","SYNTHETIC","CHENNAI_ONE_STYLE","2026-09-23","16821","105","14448","Regular","2026-09-23_14448","morning","2026-09-23T08:30:00","6351","Karanai","12","6656","Poondi Bazaar","42","2026-09-23T08:31:00","2026-09-23T09:12:00","2","60","ALL_TICKETS_USED","AT_TICKET_DESTINATION"
"SYN001156","SYNTHETIC","ETM_STYLE","2026-09-23","16821","105","14448","Regular","2026-09-23_14448","morning","2026-09-23T08:25:00","6307","Kakkan Nagar","7","6659","Sembakkam","36","2026-09-23T08:25:00","2026-09-23T09:04:00","2","60","ALL_TICKETS_USED","AT_TICKET_DESTINATION"
"SYN001157","SYNTHETIC","ETM_STYLE","2026-09-23","16821","105","14448","Regular","2026-09-23_14448","morning","2026-09-23T08:20:00","6272","Egattur","5","6693","Tambaram West Bus Stand","45","2026-09-23T08:20:00","2026-09-23T09:16:00","1","60","ALL_TICKETS_USED","AT_TICKET_DESTINATION"
"SYN001158","SYNTHETIC","ETM_STYLE","2026-09-23","16821","105","14448","Regular","2026-09-23_14448","morning","2026-09-23T08:17:00","6240","Tcs Gate 1","3","6608","Vengaivasal Road Junction","32","2026-09-23T08:17:00","2026-09-23T09:00:00","3","60","ALL_TICKETS_USED","AT_TICKET_DESTINATION"
"SYN001159","SYNTHETIC","ETM_STYLE","2026-09-23","16821","105","14448","Regular","2026-09-23_14448","morning","2026-09-23T08:29:00","6332","Karanai Colony","11","10049","S.I.V.E.T","34","2026-09-23T08:29:00","2026-09-23T09:02:00","1","60","ALL_TICKETS_USED","AT_TICKET_DESTINATION"
"SYN001160","SYNTHETIC","ETM_STYLE","2026-09-23","16821","105","14448","Regular","2026-09-23_14448","morning","2026-09-23T08:17:00","6240","Tcs Gate 1","3","6614","Vijaya Nagaram","31","2026-09-23T08:17:00","2026-09-23T08:59:00","2","60","ALL_TICKETS_USED","AT_TICKET_DESTINATION"
"SYN001161","SYNTHETIC","ETM_STYLE","2026-09-23","16821","105","14452","Regular","2026-09-23_14452","afternoon","2026-09-23T13:57:00","6309","Thalambur Road Junction","9","6608","Vengaivasal Road Junction","32","2026-09-23T13:57:00","2026-09-23T14:30:00","2","60","ALL_TICKETS_USED","AT_TICKET_DESTINATION"
"SYN001162","SYNTHETIC","ETM_STYLE","2026-09-23","16821","105","14452","Regular","2026-09-23_14452","afternoon","2026-09-23T13:59:00","6332","Karanai Colony","11","6658","Tambaram Railway Station East","43","2026-09-23T13:59:00","2026-09-23T14:43:00","2","60","ALL_TICKETS_USED","AT_TICKET_DESTINATION"
"SYN001163","SYNTHETIC","CHENNAI_ONE_STYLE","2026-09-23","16821","105","14452","Regular","2026-09-23_14452","afternoon","2026-09-23T13:46:00","9976","Navalur","6","6363","Ottiyambakkam","13","2026-09-23T13:53:00","2026-09-23T14:03:00","1","60","ALL_TICKETS_USED","AT_TICKET_DESTINATION"
"SYN001164","SYNTHETIC","CHENNAI_ONE_STYLE","2026-09-23","16821","105","14452","Regular","2026-09-23_14452","afternoon","2026-09-23T14:28:00","6666","Kamarajapuram","37","6656","Poondi Bazaar","42","2026-09-23T14:35:00","2026-09-23T14:42:00","2","60","ALL_TICKETS_USED","AT_TICKET_DESTINATION"
"SYN001165","SYNTHETIC","ETM_STYLE","2026-09-23","16821","105","14452","Regular","2026-09-23_14452","afternoon","2026-09-23T14:31:00","6625","Santhosapuram","33","6658","Tambaram Railway Station East","43","2026-09-23T14:31:00","2026-09-23T14:43:00","1","60","ALL_TICKETS_USED","AT_TICKET_DESTINATION"
"SYN001166","SYNTHETIC","ETM_STYLE","2026-09-23","16821","105","14452","Regular","2026-09-23_14452","afternoon","2026-09-23T13:56:00","6305","Trisakthi Kovil","8","6623","Medavakkam","30","2026-09-23T13:56:00","2026-09-23T14:28:00","1","60","ALL_TICKETS_USED","AT_TICKET_DESTINATION"
"SYN001167","SYNTHETIC","ETM_STYLE","2026-09-23","16821","105","14452","Regular","2026-09-23_14452","afternoon","2026-09-23T13:46:00","6224","Sipcot Industrial Park","2","6662","Tambaram East Bus Stop","44","2026-09-23T13:46:00","2026-09-23T14:44:00","3","60","ALL_TICKETS_USED","AT_TICKET_DESTINATION"
"SYN001168","SYNTHETIC","ETM_STYLE","2026-09-23","16821","105","14452","Regular","2026-09-23_14452","afternoon","2026-09-23T14:35:00","6666","Kamarajapuram","37","6656","Poondi Bazaar","42","2026-09-23T14:35:00","2026-09-23T14:42:00","1","60","ALL_TICKETS_USED","AT_TICKET_DESTINATION"
"SYN001169","SYNTHETIC","ETM_STYLE","2026-09-23","16821","105","14452","Regular","2026-09-23_14452","afternoon","2026-09-23T14:43:00","6658","Tambaram Railway Station East","43","6693","Tambaram West Bus Stand","45","2026-09-23T14:43:00","2026-09-23T14:46:00","3","60","ALL_TICKETS_USED","AT_TICKET_DESTINATION"
"SYN001170","SYNTHETIC","ETM_STYLE","2026-09-23","16821","105","14452","Regular","2026-09-23_14452","afternoon","2026-09-23T13:57:00","6309","Thalambur Road Junction","9","6693","Tambaram West Bus Stand","45","2026-09-23T13:57:00","2026-09-23T14:46:00","2","60","ALL_TICKETS_USED","AT_TICKET_DESTINATION"
"SYN001171","SYNTHETIC","ETM_STYLE","2026-09-23","16821","105","14452","Regular","2026-09-23_14452","afternoon","2026-09-23T14:11:00","6479","Jaya Nagar","20","6662","Tambaram East Bus Stop","44","2026-09-23T14:11:00","2026-09-23T14:44:00","1","60","ALL_TICKETS_USED","AT_TICKET_DESTINATION"
"SYN001172","SYNTHETIC","CHENNAI_ONE_STYLE","2026-09-23","16821","105","14452","Regular","2026-09-23_14452","afternoon","2026-09-23T14:04:00","6450","Sithalapakkam Mani Kadai","17","6631","Medavakkam Koot Road","29","2026-09-23T14:08:00","2026-09-23T14:27:00","2","60","ALL_TICKETS_USED","AT_TICKET_DESTINATION"
"SYN001173","SYNTHETIC","ETM_STYLE","2026-09-23","16821","105","14452","Regular","2026-09-23_14452","afternoon","2026-09-23T14:39:00","6643","Selaiyur","39","6662","Tambaram East Bus Stop","44","2026-09-23T14:39:00","2026-09-23T14:44:00","2","60","ALL_TICKETS_USED","AT_TICKET_DESTINATION"
"SYN001174","SYNTHETIC","ETM_STYLE","2026-09-23","16821","105","14456","Regular","2026-09-23_14456","evening","2026-09-23T19:40:00","6389","Tellus Avenue","14","6614","Vijaya Nagaram","31","2026-09-23T19:40:00","2026-09-23T20:04:00","2","60","ALL_TICKETS_USED","AT_TICKET_DESTINATION"
"SYN001175","SYNTHETIC","ETM_STYLE","2026-09-23","16821","105","14456","Regular","2026-09-23_14456","evening","2026-09-23T19:28:00","9976","Navalur","6","6651","East Tambaram Convent","41","2026-09-23T19:28:00","2026-09-23T20:16:00","3","60","ALL_TICKETS_USED","AT_TICKET_DESTINATION"
"SYN001176","SYNTHETIC","CHENNAI_ONE_STYLE","2026-09-23","16821","105","14456","Regular","2026-09-23_14456","evening","2026-09-23T19:22:00","6309","Thalambur Road Junction","9","6638","Prince College","35","2026-09-23T19:32:00","2026-09-23T20:08:00","2","60","ALL_TICKETS_USED","AT_TICKET_DESTINATION"
"SYN001177","SYNTHETIC","CHENNAI_ONE_STYLE","2026-09-23","16821","105","14456","Regular","2026-09-23_14456","evening","2026-09-23T19:30:00","6303","Thalambur","10","6625","Santhosapuram","33","2026-09-23T19:33:00","2026-09-23T20:06:00","2","60","ALL_TICKETS_USED","AT_TICKET_DESTINATION"
"SYN001178","SYNTHETIC","ETM_STYLE","2026-09-23","16821","105","14456","Regular","2026-09-23_14456","evening","2026-09-23T19:30:00","6307","Kakkan Nagar","7","6651","East Tambaram Convent","41","2026-09-23T19:30:00","2026-09-23T20:16:00","1","60","ALL_TICKETS_USED","AT_TICKET_DESTINATION"
"SYN001179","SYNTHETIC","CHENNAI_ONE_STYLE","2026-09-23","16821","105","14456","Regular","2026-09-23_14456","evening","2026-09-23T19:22:00","6351","Karanai","12","6644","Mahalakshmi Nagar","38","2026-09-23T19:36:00","2026-09-23T20:12:00","1","60","ALL_TICKETS_USED","AT_TICKET_DESTINATION"
"SYN001180","SYNTHETIC","ETM_STYLE","2026-09-23","16821","105","14456","Regular","2026-09-23_14456","evening","2026-09-23T19:33:00","6303","Thalambur","10","6614","Vijaya Nagaram","31","2026-09-23T19:33:00","2026-09-23T20:04:00","1","60","ALL_TICKETS_USED","AT_TICKET_DESTINATION"
"SYN001181","SYNTHETIC","CHENNAI_ONE_STYLE","2026-09-23","16821","105","14456","Regular","2026-09-23_14456","evening","2026-09-23T19:34:00","6363","Ottiyambakkam","13","10049","S.I.V.E.T","34","2026-09-23T19:38:00","2026-09-23T20:07:00","3","60","ALL_TICKETS_USED","AT_TICKET_DESTINATION"
"SYN001182","SYNTHETIC","ETM_STYLE","2026-09-23","16821","105","14456","Regular","2026-09-23_14456","evening","2026-09-23T19:25:00","6272","Egattur","5","6693","Tambaram West Bus Stand","45","2026-09-23T19:25:00","2026-09-23T20:21:00","1","60","ALL_TICKETS_USED","AT_TICKET_DESTINATION"
"SYN001183","SYNTHETIC","CHENNAI_ONE_STYLE","2026-09-23","16821","105","14456","Regular","2026-09-23_14456","evening","2026-09-23T19:31:00","6363","Ottiyambakkam","13","6651","East Tambaram Convent","41","2026-09-23T19:38:00","2026-09-23T20:16:00","2","60","ALL_TICKETS_USED","AT_TICKET_DESTINATION"
"SYN001184","SYNTHETIC","ETM_STYLE","2026-09-23","16821","105","14456","Regular","2026-09-23_14456","evening","2026-09-23T19:41:00","6408","Ramakrishna Nagar","15","6638","Prince College","35","2026-09-23T19:41:00","2026-09-23T20:08:00","1","60","ALL_TICKETS_USED","AT_TICKET_DESTINATION"
"SYN001185","SYNTHETIC","ETM_STYLE","2026-09-23","16821","105","14456","Regular","2026-09-23_14456","evening","2026-09-23T19:20:00","9960","Siruseri It Park","1","10049","S.I.V.E.T","34","2026-09-23T19:20:00","2026-09-23T20:07:00","1","60","ALL_TICKETS_USED","AT_TICKET_DESTINATION"
"SYN001186","SYNTHETIC","CHENNAI_ONE_STYLE","2026-09-23","16821","105","14456","Regular","2026-09-23_14456","evening","2026-09-23T19:37:00","6389","Tellus Avenue","14","6647","Aathi Nagar","40","2026-09-23T19:40:00","2026-09-23T20:15:00","1","60","ALL_TICKETS_USED","AT_TICKET_DESTINATION"
"SYN001187","SYNTHETIC","ETM_STYLE","2026-09-23","16821","105","14456","Regular","2026-09-23_14456","evening","2026-09-23T19:36:00","6351","Karanai","12","6651","East Tambaram Convent","41","2026-09-23T19:36:00","2026-09-23T20:16:00","3","60","ALL_TICKETS_USED","AT_TICKET_DESTINATION"
"SYN001188","SYNTHETIC","ETM_STYLE","2026-09-23","16821","105","14456","Regular","2026-09-23_14456","evening","2026-09-23T19:33:00","6303","Thalambur","10","6662","Tambaram East Bus Stop","44","2026-09-23T19:33:00","2026-09-23T20:19:00","2","60","ALL_TICKETS_USED","AT_TICKET_DESTINATION"
"SYN001189","SYNTHETIC","ETM_STYLE","2026-09-23","16821","105","14456","Regular","2026-09-23_14456","evening","2026-09-23T19:38:00","6363","Ottiyambakkam","13","6693","Tambaram West Bus Stand","45","2026-09-23T19:38:00","2026-09-23T20:21:00","1","60","ALL_TICKETS_USED","AT_TICKET_DESTINATION"
"SYN001190","SYNTHETIC","ETM_STYLE","2026-09-23","16821","105","14456","Regular","2026-09-23_14456","evening","2026-09-23T19:34:00","6332","Karanai Colony","11","6644","Mahalakshmi Nagar","38","2026-09-23T19:34:00","2026-09-23T20:12:00","1","60","ALL_TICKETS_USED","AT_TICKET_DESTINATION"
"SYN001191","SYNTHETIC","ETM_STYLE","2026-09-23","16821","105","14456","Regular","2026-09-23_14456","evening","2026-09-23T19:30:00","6307","Kakkan Nagar","7","6693","Tambaram West Bus Stand","45","2026-09-23T19:30:00","2026-09-23T20:21:00","2","60","ALL_TICKETS_USED","AT_TICKET_DESTINATION"
"SYN001192","SYNTHETIC","ETM_STYLE","2026-09-23","16821","105","14456","Regular","2026-09-23_14456","evening","2026-09-23T19:41:00","6408","Ramakrishna Nagar","15","6625","Santhosapuram","33","2026-09-23T19:41:00","2026-09-23T20:06:00","1","60","ALL_TICKETS_USED","AT_TICKET_DESTINATION"
"SYN001193","SYNTHETIC","CHENNAI_ONE_STYLE","2026-09-23","16821","105","14456","Regular","2026-09-23_14456","evening","2026-09-23T19:11:00","9967","It Park Siruseri Or Muttukadu","4","6656","Poondi Bazaar","42","2026-09-23T19:24:00","2026-09-23T20:17:00","2","60","ALL_TICKETS_USED","AT_TICKET_DESTINATION"
"SYN001194","SYNTHETIC","ETM_STYLE","2026-09-23","16821","105","14456","Regular","2026-09-23_14456","evening","2026-09-23T19:28:00","9976","Navalur","6","6651","East Tambaram Convent","41","2026-09-23T19:28:00","2026-09-23T20:16:00","1","60","ALL_TICKETS_USED","AT_TICKET_DESTINATION"
"SYN001195","SYNTHETIC","CHENNAI_ONE_STYLE","2026-09-23","16821","105","14456","Regular","2026-09-23_14456","evening","2026-09-23T19:05:00","9960","Siruseri It Park","1","6658","Tambaram Railway Station East","43","2026-09-23T19:20:00","2026-09-23T20:18:00","2","60","ALL_TICKETS_USED","AT_TICKET_DESTINATION"
"SYN001196","SYNTHETIC","CHENNAI_ONE_STYLE","2026-09-23","16821","105","14456","Regular","2026-09-23_14456","evening","2026-09-23T19:13:00","6240","Tcs Gate 1","3","6614","Vijaya Nagaram","31","2026-09-23T19:22:00","2026-09-23T20:04:00","1","60","ALL_TICKETS_USED","AT_TICKET_DESTINATION"
"SYN001197","SYNTHETIC","ETM_STYLE","2026-09-23","16821","105","14456","Regular","2026-09-23_14456","evening","2026-09-23T19:25:00","6272","Egattur","5","6638","Prince College","35","2026-09-23T19:25:00","2026-09-23T20:08:00","1","60","ALL_TICKETS_USED","AT_TICKET_DESTINATION"
"SYN001198","SYNTHETIC","ETM_STYLE","2026-09-23","16821","105","14456","Regular","2026-09-23_14456","evening","2026-09-23T19:22:00","6240","Tcs Gate 1","3","6614","Vijaya Nagaram","31","2026-09-23T19:22:00","2026-09-23T20:04:00","2","60","ALL_TICKETS_USED","AT_TICKET_DESTINATION"
"SYN001199","SYNTHETIC","CHENNAI_ONE_STYLE","2026-09-23","16821","105","14456","Regular","2026-09-23_14456","evening","2026-09-23T19:27:00","9976","Navalur","6","6659","Sembakkam","36","2026-09-23T19:28:00","2026-09-23T20:09:00","2","60","ALL_TICKETS_USED","AT_TICKET_DESTINATION"
"SYN001200","SYNTHETIC","ETM_STYLE","2026-09-23","16821","105","14456","Regular","2026-09-23_14456","evening","2026-09-23T19:21:00","6224","Sipcot Industrial Park","2","6647","Aathi Nagar","40","2026-09-23T19:21:00","2026-09-23T20:15:00","1","60","ALL_TICKETS_USED","AT_TICKET_DESTINATION"
"SYN001201","SYNTHETIC","ETM_STYLE","2026-09-23","16821","105","14456","Regular","2026-09-23_14456","evening","2026-09-23T19:24:00","9967","It Park Siruseri Or Muttukadu","4","6656","Poondi Bazaar","42","2026-09-23T19:24:00","2026-09-23T20:17:00","1","60","ALL_TICKETS_USED","AT_TICKET_DESTINATION"
"SYN001202","SYNTHETIC","ETM_STYLE","2026-09-23","16821","105","14456","Regular","2026-09-23_14456","evening","2026-09-23T19:30:00","6307","Kakkan Nagar","7","6693","Tambaram West Bus Stand","45","2026-09-23T19:30:00","2026-09-23T20:21:00","2","60","ALL_TICKETS_USED","AT_TICKET_DESTINATION"
"SYN001203","SYNTHETIC","ETM_STYLE","2026-09-23","16821","105","14456","Regular","2026-09-23_14456","evening","2026-09-23T19:25:00","6272","Egattur","5","6644","Mahalakshmi Nagar","38","2026-09-23T19:25:00","2026-09-23T20:12:00","2","60","ALL_TICKETS_USED","AT_TICKET_DESTINATION"
"SYN001204","SYNTHETIC","ETM_STYLE","2026-09-23","16821","105","14458","Regular","2026-09-23_14458","night","2026-09-23T22:17:00","6309","Thalambur Road Junction","9","6351","Karanai","12","2026-09-23T22:17:00","2026-09-23T22:21:00","2","60","ALL_TICKETS_USED","AT_TICKET_DESTINATION"
"SYN001205","SYNTHETIC","ETM_STYLE","2026-09-23","16821","105","14458","Regular","2026-09-23_14458","night","2026-09-23T23:01:00","6651","East Tambaram Convent","41","6658","Tambaram Railway Station East","43","2026-09-23T23:01:00","2026-09-23T23:03:00","1","60","ALL_TICKETS_USED","AT_TICKET_DESTINATION"
"SYN001206","SYNTHETIC","ETM_STYLE","2026-09-23","16821","105","14458","Regular","2026-09-23_14458","night","2026-09-23T22:10:00","6272","Egattur","5","6351","Karanai","12","2026-09-23T22:10:00","2026-09-23T22:21:00","1","60","ALL_TICKETS_USED","AT_TICKET_DESTINATION"
"SYN001207","SYNTHETIC","ETM_STYLE","2026-09-23","16821","105","14458","Regular","2026-09-23_14458","night","2026-09-23T22:38:00","6575","Babu Nagar Medavakkam","27","6638","Prince College","35","2026-09-23T22:38:00","2026-09-23T22:53:00","2","60","ALL_TICKETS_USED","AT_TICKET_DESTINATION"
"SYN001208","SYNTHETIC","CHENNAI_ONE_STYLE","2026-09-23","16821","105","14458","Regular","2026-09-23_14458","night","2026-09-23T22:58:00","6651","East Tambaram Convent","41","6656","Poondi Bazaar","42","2026-09-23T23:01:00","2026-09-23T23:02:00","1","60","ALL_TICKETS_USED","AT_TICKET_DESTINATION"
"SYN001209","SYNTHETIC","ETM_STYLE","2026-09-23","16821","105","14458","Regular","2026-09-23_14458","night","2026-09-23T22:27:00","6421","Arasankazhani","16","6523","Vengaivasal Road Chithalapakkam","23","2026-09-23T22:27:00","2026-09-23T22:34:00","1","60","ALL_TICKETS_USED","AT_TICKET_DESTINATION"
"SYN001210","SYNTHETIC","CHENNAI_ONE_STYLE","2026-09-23","16821","105","14458","Regular","2026-09-23_14458","night","2026-09-23T21:56:00","6240","Tcs Gate 1","3","6556","Veerabadra Nagar","25","2026-09-23T22:07:00","2026-09-23T22:36:00","2","60","ALL_TICKETS_USED","AT_TICKET_DESTINATION"
"SYN001211","SYNTHETIC","ETM_STYLE","2026-09-23","16821","105","14458","Regular","2026-09-23_14458","night","2026-09-23T23:01:00","6651","East Tambaram Convent","41","6658","Tambaram Railway Station East","43","2026-09-23T23:01:00","2026-09-23T23:03:00","2","60","ALL_TICKETS_USED","AT_TICKET_DESTINATION"
"SYN001212","SYNTHETIC","ETM_STYLE","2026-09-23","16821","105","14458","Regular","2026-09-23_14458","night","2026-09-23T22:48:00","6623","Medavakkam","30","10049","S.I.V.E.T","34","2026-09-23T22:48:00","2026-09-23T22:52:00","1","60","ALL_TICKETS_USED","AT_TICKET_DESTINATION"
"SYN001213","SYNTHETIC","ETM_STYLE","2026-09-23","16821","105","14458","Regular","2026-09-23_14458","night","2026-09-23T22:50:00","6608","Vengaivasal Road Junction","32","6666","Kamarajapuram","37","2026-09-23T22:50:00","2026-09-23T22:55:00","1","60","ALL_TICKETS_USED","AT_TICKET_DESTINATION"
"SYN001214","SYNTHETIC","ETM_STYLE","2026-09-23","16821","105","14458","Regular","2026-09-23_14458","night","2026-09-23T23:00:00","6647","Aathi Nagar","40","6658","Tambaram Railway Station East","43","2026-09-23T23:00:00","2026-09-23T23:03:00","2","60","ALL_TICKETS_USED","AT_TICKET_DESTINATION"
"SYN001215","SYNTHETIC","ETM_STYLE","2026-09-23","16821","105","14458","Regular","2026-09-23_14458","night","2026-09-23T22:29:00","6457","Indira Nagar Chithalapakkam","18","6693","Tambaram West Bus Stand","45","2026-09-23T22:29:00","2026-09-23T23:06:00","1","60","ALL_TICKETS_USED","AT_TICKET_DESTINATION"
"SYN001216","SYNTHETIC","ETM_STYLE","2026-09-23","23600","109 R","102371","Regular","2026-09-23_102371","morning","2026-09-23T10:00:00","5760","Adyar Signal","16","9957","Panjabur Or Yellow Board","42","2026-09-23T10:00:00","2026-09-23T10:40:00","2","60","ALL_TICKETS_USED","AT_TICKET_DESTINATION"
"SYN001217","SYNTHETIC","ETM_STYLE","2026-09-23","23600","109 R","102371","Regular","2026-09-23_102371","morning","2026-09-23T09:46:00","5638","All India Radio Light House","10","6091","Kovalam Kelambakam Road Junction","47","2026-09-23T09:46:00","2026-09-23T10:45:00","2","60","ALL_TICKETS_USED","AT_TICKET_DESTINATION"
"SYN001218","SYNTHETIC","ETM_STYLE","2026-09-23","23600","109 R","102371","Regular","2026-09-23_102371","morning","2026-09-23T09:36:00","11192","Annasquare","5","6249","Muttukadu","40","2026-09-23T09:36:00","2026-09-23T10:38:00","2","60","ALL_TICKETS_USED","AT_TICKET_DESTINATION"
"SYN001219","SYNTHETIC","ETM_STYLE","2026-09-23","23600","109 R","102371","Regular","2026-09-23_102371","morning","2026-09-23T09:56:00","10814","Music College Annamalai Puram","14","6370","Anandbagh","36","2026-09-23T09:56:00","2026-09-23T10:34:00","1","60","ALL_TICKETS_USED","AT_TICKET_DESTINATION"
"SYN001220","SYNTHETIC","ETM_STYLE","2026-09-23","23600","109 R","102371","Regular","2026-09-23_102371","morning","2026-09-23T09:34:00","5814","Secretariat","3","6459","Panaiyur","33","2026-09-23T09:34:00","2026-09-23T10:31:00","2","60","ALL_TICKETS_USED","AT_TICKET_DESTINATION"
"SYN001221","SYNTHETIC","CHENNAI_ONE_STYLE","2026-09-23","23600","109 R","102371","Regular","2026-09-23_102371","morning","2026-09-23T09:36:00","2601","Marina Beach","6","6091","Kovalam Kelambakam Road Junction","47","2026-09-23T09:37:00","2026-09-23T10:45:00","2","60","ALL_TICKETS_USED","AT_TICKET_DESTINATION"
"SYN001222","SYNTHETIC","ETM_STYLE","2026-09-23","23600","109 R","102371","Regular","2026-09-23_102371","morning","2026-09-23T09:37:00","2601","Marina Beach","6","6459","Panaiyur","33","2026-09-23T09:37:00","2026-09-23T10:31:00","1","60","ALL_TICKETS_USED","AT_TICKET_DESTINATION"
"SYN001223","SYNTHETIC","ETM_STYLE","2026-09-23","23600","109 R","102371","Regular","2026-09-23_102371","morning","2026-09-23T09:58:00","5758","M.G.R Janaki College Or Sathya Studio","15","9986","Uthandi Toll Gate Or Ragash College","37","2026-09-23T09:58:00","2026-09-23T10:35:00","1","60","ALL_TICKETS_USED","AT_TICKET_DESTINATION"
"SYN001224","SYNTHETIC","ETM_STYLE","2026-09-23","23600","109 R","102371","Regular","2026-09-23_102371","morning","2026-09-23T09:39:00","5918","Kannagi Statue Or Presidency College","7","9986","Uthandi Toll Gate Or Ragash College","37","2026-09-23T09:39:00","2026-09-23T10:35:00","1","60","ALL_TICKETS_USED","AT_TICKET_DESTINATION"
"SYN001225","SYNTHETIC","ETM_STYLE","2026-09-23","23600","109 R","102371","Regular","2026-09-23_102371","morning","2026-09-23T09:51:00","9128","Mrc Nagar","13","6387","Uthandi","35","2026-09-23T09:51:00","2026-09-23T10:33:00","2","60","ALL_TICKETS_USED","AT_TICKET_DESTINATION"
"SYN001226","SYNTHETIC","CHENNAI_ONE_STYLE","2026-09-23","23600","109 R","102371","Regular","2026-09-23_102371","morning","2026-09-23T09:46:00","5639","Santhome Church","11","6160","Muttukadu Boat House","44","2026-09-23T09:47:00","2026-09-23T10:42:00","1","60","ALL_TICKETS_USED","AT_TICKET_DESTINATION"
"SYN001227","SYNTHETIC","ETM_STYLE","2026-09-23","23600","109 R","102371","Regular","2026-09-23_102371","morning","2026-09-23T09:56:00","10814","Music College Annamalai Puram","14","9957","Panjabur Or Yellow Board","42","2026-09-23T09:56:00","2026-09-23T10:40:00","1","60","ALL_TICKETS_USED","AT_TICKET_DESTINATION"
"SYN001228","SYNTHETIC","CHENNAI_ONE_STYLE","2026-09-23","23600","109 R","102371","Regular","2026-09-23_102371","morning","2026-09-23T09:43:00","9128","Mrc Nagar","13","6387","Uthandi","35","2026-09-23T09:51:00","2026-09-23T10:33:00","1","60","ALL_TICKETS_USED","AT_TICKET_DESTINATION"
"SYN001229","SYNTHETIC","ETM_STYLE","2026-09-23","23600","109 R","102371","Regular","2026-09-23_102371","morning","2026-09-23T09:35:00","5932","War Memorial","4","6102","Kovalam Bus Terminus","49","2026-09-23T09:35:00","2026-09-23T10:49:00","1","60","ALL_TICKETS_USED","AT_TICKET_DESTINATION"
"SYN001230","SYNTHETIC","CHENNAI_ONE_STYLE","2026-09-23","23600","109 R","102371","Regular","2026-09-23_102371","morning","2026-09-23T09:40:00","5639","Santhome Church","11","6081","Kovalam Chamjarai","48","2026-09-23T09:47:00","2026-09-23T10:46:00","3","60","ALL_TICKETS_USED","AT_TICKET_DESTINATION"
"SYN001231","SYNTHETIC","ETM_STYLE","2026-09-23","23600","109 R","102371","Regular","2026-09-23_102371","morning","2026-09-23T09:36:00","11192","Annasquare","5","6387","Uthandi","35","2026-09-23T09:36:00","2026-09-23T10:33:00","3","60","ALL_TICKETS_USED","AT_TICKET_DESTINATION"
"SYN001232","SYNTHETIC","ETM_STYLE","2026-09-23","23600","109 R","102371","Regular","2026-09-23_102371","morning","2026-09-23T09:51:00","9128","Mrc Nagar","13","6370","Anandbagh","36","2026-09-23T09:51:00","2026-09-23T10:34:00","2","60","ALL_TICKETS_USED","AT_TICKET_DESTINATION"
"SYN001233","SYNTHETIC","ETM_STYLE","2026-09-23","23600","109 R","102371","Regular","2026-09-23_102371","morning","2026-09-23T09:49:00","5819","Foreshore Estate Bus Stop","12","6160","Muttukadu Boat House","44","2026-09-23T09:49:00","2026-09-23T10:42:00","1","60","ALL_TICKETS_USED","AT_TICKET_DESTINATION"
"SYN001234","SYNTHETIC","ETM_STYLE","2026-09-23","23600","109 R","102371","Regular","2026-09-23_102371","morning","2026-09-23T09:25:00","11159","Island ground Terminus","1","6316","Kanathur","38","2026-09-23T09:25:00","2026-09-23T10:36:00","2","60","ALL_TICKETS_USED","AT_TICKET_DESTINATION"
"SYN001235","SYNTHETIC","ETM_STYLE","2026-09-23","23600","109 R","102371","Regular","2026-09-23_102371","morning","2026-09-23T09:51:00","9128","Mrc Nagar","13","6102","Kovalam Bus Terminus","49","2026-09-23T09:51:00","2026-09-23T10:49:00","1","60","ALL_TICKETS_USED","AT_TICKET_DESTINATION"
"SYN001236","SYNTHETIC","ETM_STYLE","2026-09-23","23600","109 R","102371","Regular","2026-09-23_102371","morning","2026-09-23T09:45:00","5917","Queen Marys College","9","6102","Kovalam Bus Terminus","49","2026-09-23T09:45:00","2026-09-23T10:49:00","2","60","ALL_TICKETS_USED","AT_TICKET_DESTINATION"
"SYN001237","SYNTHETIC","ETM_STYLE","2026-09-23","23600","109 R","102371","Regular","2026-09-23_102371","morning","2026-09-23T09:46:00","5638","All India Radio Light House","10","6316","Kanathur","38","2026-09-23T09:46:00","2026-09-23T10:36:00","1","60","ALL_TICKETS_USED","AT_TICKET_DESTINATION"
"SYN001238","SYNTHETIC","ETM_STYLE","2026-09-23","23600","109 R","102371","Regular","2026-09-23_102371","morning","2026-09-23T09:37:00","2601","Marina Beach","6","6387","Uthandi","35","2026-09-23T09:37:00","2026-09-23T10:33:00","1","60","ALL_TICKETS_USED","AT_TICKET_DESTINATION"
"SYN001239","SYNTHETIC","ETM_STYLE","2026-09-23","23600","109 R","102371","Regular","2026-09-23_102371","morning","2026-09-23T09:25:00","11159","Island ground Terminus","1","9955","N.I.E.P.M.D","43","2026-09-23T09:25:00","2026-09-23T10:41:00","1","60","ALL_TICKETS_USED","AT_TICKET_DESTINATION"
"SYN001240","SYNTHETIC","CHENNAI_ONE_STYLE","2026-09-23","23600","109 R","102371","Regular","2026-09-23_102371","morning","2026-09-23T09:22:00","2601","Marina Beach","6","6160","Muttukadu Boat House","44","2026-09-23T09:37:00","2026-09-23T10:42:00","1","60","ALL_TICKETS_USED","AT_TICKET_DESTINATION"
"SYN001241","SYNTHETIC","ETM_STYLE","2026-09-23","23600","109 R","102371","Regular","2026-09-23_102371","morning","2026-09-23T09:25:00","11159","Island ground Terminus","1","9957","Panjabur Or Yellow Board","42","2026-09-23T09:25:00","2026-09-23T10:40:00","1","60","ALL_TICKETS_USED","AT_TICKET_DESTINATION"
"SYN001242","SYNTHETIC","ETM_STYLE","2026-09-23","23600","109 R","102371","Regular","2026-09-23_102371","morning","2026-09-23T09:36:00","11192","Annasquare","5","6081","Kovalam Chamjarai","48","2026-09-23T09:36:00","2026-09-23T10:46:00","1","60","ALL_TICKETS_USED","AT_TICKET_DESTINATION"
"SYN001243","SYNTHETIC","ETM_STYLE","2026-09-23","23600","109 R","102371","Regular","2026-09-23_102371","morning","2026-09-23T10:00:00","5760","Adyar Signal","16","6387","Uthandi","35","2026-09-23T10:00:00","2026-09-23T10:33:00","1","60","ALL_TICKETS_USED","AT_TICKET_DESTINATION"
"SYN001244","SYNTHETIC","ETM_STYLE","2026-09-23","23600","109 R","102371","Regular","2026-09-23_102371","morning","2026-09-23T10:00:00","5760","Adyar Signal","16","6387","Uthandi","35","2026-09-23T10:00:00","2026-09-23T10:33:00","1","60","ALL_TICKETS_USED","AT_TICKET_DESTINATION"
"SYN001245","SYNTHETIC","CHENNAI_ONE_STYLE","2026-09-23","23600","109 R","102371","Regular","2026-09-23_102371","morning","2026-09-23T09:38:00","5918","Kannagi Statue Or Presidency College","7","6091","Kovalam Kelambakam Road Junction","47","2026-09-23T09:39:00","2026-09-23T10:45:00","2","60","ALL_TICKETS_USED","AT_TICKET_DESTINATION"
"SYN001246","SYNTHETIC","CHENNAI_ONE_STYLE","2026-09-23","23600","109 R","102373","Regular","2026-09-23_102373","afternoon","2026-09-23T14:38:00","6106","Kovalam","46","6091","Kovalam Kelambakam Road Junction","47","2026-09-23T14:44:00","2026-09-23T14:45:00","1","60","ALL_TICKETS_USED","AT_TICKET_DESTINATION"
"SYN001247","SYNTHETIC","CHENNAI_ONE_STYLE","2026-09-23","23600","109 R","102373","Regular","2026-09-23_102373","afternoon","2026-09-23T14:33:00","6091","Kovalam Kelambakam Road Junction","47","6102","Kovalam Bus Terminus","49","2026-09-23T14:45:00","2026-09-23T14:49:00","1","60","ALL_TICKETS_USED","AT_TICKET_DESTINATION"
"SYN001248","SYNTHETIC","ETM_STYLE","2026-09-23","23600","109 R","102373","Regular","2026-09-23_102373","afternoon","2026-09-23T14:18:00","10103","Saint Anthony Church Or Palavakkam","23","10018","Akkarai Or Water Supply Head Work","32","2026-09-23T14:18:00","2026-09-23T14:29:00","2","60","ALL_TICKETS_USED","AT_TICKET_DESTINATION"
"SYN001249","SYNTHETIC","ETM_STYLE","2026-09-23","23600","109 R","102373","Regular","2026-09-23_102373","afternoon","2026-09-23T13:56:00","10814","Music College Annamalai Puram","14","6249","Muttukadu","40","2026-09-23T13:56:00","2026-09-23T14:38:00","1","60","ALL_TICKETS_USED","AT_TICKET_DESTINATION"
"SYN001250","SYNTHETIC","ETM_STYLE","2026-09-23","23600","109 R","102373","Regular","2026-09-23_102373","afternoon","2026-09-23T14:45:00","6091","Kovalam Kelambakam Road Junction","47","6081","Kovalam Chamjarai","48","2026-09-23T14:45:00","2026-09-23T14:46:00","3","60","ALL_TICKETS_USED","AT_TICKET_DESTINATION"
"SYN001251","SYNTHETIC","CHENNAI_ONE_STYLE","2026-09-23","23600","109 R","102373","Regular","2026-09-23_102373","afternoon","2026-09-23T13:31:00","5917","Queen Marys College","9","6102","Kovalam Bus Terminus","49","2026-09-23T13:45:00","2026-09-23T14:49:00","3","60","ALL_TICKETS_USED","AT_TICKET_DESTINATION"
"SYN001252","SYNTHETIC","ETM_STYLE","2026-09-23","23600","109 R","102373","Regular","2026-09-23_102373","afternoon","2026-09-23T14:44:00","6106","Kovalam","46","6081","Kovalam Chamjarai","48","2026-09-23T14:44:00","2026-09-23T14:46:00","2","60","ALL_TICKETS_USED","AT_TICKET_DESTINATION"
"SYN001253","SYNTHETIC","CHENNAI_ONE_STYLE","2026-09-23","23600","109 R","102373","Regular","2026-09-23_102373","afternoon","2026-09-23T13:56:00","5914","Jayanthi Theatre","18","9986","Uthandi Toll Gate Or Ragash College","37","2026-09-23T14:08:00","2026-09-23T14:35:00","2","60","ALL_TICKETS_USED","AT_TICKET_DESTINATION"
"SYN001254","SYNTHETIC","ETM_STYLE","2026-09-23","23600","109 R","102373","Regular","2026-09-23_102373","afternoon","2026-09-23T14:36:00","6316","Kanathur","38","6160","Muttukadu Boat House","44","2026-09-23T14:36:00","2026-09-23T14:42:00","1","60","ALL_TICKETS_USED","AT_TICKET_DESTINATION"
"SYN001255","SYNTHETIC","ETM_STYLE","2026-09-23","23600","109 R","102373","Regular","2026-09-23_102373","afternoon","2026-09-23T13:45:00","5917","Queen Marys College","9","5639","Santhome Church","11","2026-09-23T13:45:00","2026-09-23T13:47:00","1","60","ALL_TICKETS_USED","AT_TICKET_DESTINATION"
"SYN001256","SYNTHETIC","ETM_STYLE","2026-09-23","23600","109 R","102373","Regular","2026-09-23_102373","afternoon","2026-09-23T13:37:00","2601","Marina Beach","6","5639","Santhome Church","11","2026-09-23T13:37:00","2026-09-23T13:47:00","2","60","ALL_TICKETS_USED","AT_TICKET_DESTINATION"
"SYN001257","SYNTHETIC","ETM_STYLE","2026-09-23","23600","109 R","102373","Regular","2026-09-23_102373","afternoon","2026-09-23T14:02:00","5913","Adyar Depot","17","6287","Meera Nagar","39","2026-09-23T14:02:00","2026-09-23T14:37:00","1","60","ALL_TICKETS_USED","AT_TICKET_DESTINATION"
"SYN001258","SYNTHETIC","ETM_STYLE","2026-09-23","23600","109 R","102373","Regular","2026-09-23_102373","afternoon","2026-09-23T14:37:00","6287","Meera Nagar","39","6102","Kovalam Bus Terminus","49","2026-09-23T14:37:00","2026-09-23T14:49:00","2","60","ALL_TICKETS_USED","AT_TICKET_DESTINATION"
"SYN001259","SYNTHETIC","ETM_STYLE","2026-09-23","23600","109 R","102375","Regular","2026-09-23_102375","evening","2026-09-23T17:51:00","10814","Music College Annamalai Puram","14","6287","Meera Nagar","39","2026-09-23T17:51:00","2026-09-23T18:32:00","1","60","ALL_TICKETS_USED","AT_TICKET_DESTINATION"
"SYN001260","SYNTHETIC","ETM_STYLE","2026-09-23","23600","109 R","102375","Regular","2026-09-23_102375","evening","2026-09-23T17:20:00","11159","Island ground Terminus","1","9993","Nainar Kuppam Or Uthandi Colony","34","2026-09-23T17:20:00","2026-09-23T18:27:00","3","60","ALL_TICKETS_USED","AT_TICKET_DESTINATION"
"SYN001261","SYNTHETIC","ETM_STYLE","2026-09-23","23600","109 R","102375","Regular","2026-09-23_102375","evening","2026-09-23T17:41:00","5638","All India Radio Light House","10","6160","Muttukadu Boat House","44","2026-09-23T17:41:00","2026-09-23T18:37:00","1","60","ALL_TICKETS_USED","AT_TICKET_DESTINATION"
"SYN001262","SYNTHETIC","ETM_STYLE","2026-09-23","23600","109 R","102375","Regular","2026-09-23_102375","evening","2026-09-23T17:41:00","5638","All India Radio Light House","10","6249","Muttukadu","40","2026-09-23T17:41:00","2026-09-23T18:33:00","2","60","ALL_TICKETS_USED","AT_TICKET_DESTINATION"
"SYN001263","SYNTHETIC","ETM_STYLE","2026-09-23","23600","109 R","102375","Regular","2026-09-23_102375","evening","2026-09-23T17:55:00","5760","Adyar Signal","16","6081","Kovalam Chamjarai","48","2026-09-23T17:55:00","2026-09-23T18:41:00","2","60","ALL_TICKETS_USED","AT_TICKET_DESTINATION"
"SYN001264","SYNTHETIC","ETM_STYLE","2026-09-23","23600","109 R","102375","Regular","2026-09-23_102375","evening","2026-09-23T17:42:00","5639","Santhome Church","11","6249","Muttukadu","40","2026-09-23T17:42:00","2026-09-23T18:33:00","1","60","ALL_TICKETS_USED","AT_TICKET_DESTINATION"
"SYN001265","SYNTHETIC","ETM_STYLE","2026-09-23","23600","109 R","102375","Regular","2026-09-23_102375","evening","2026-09-23T17:27:00","9783","Parrys Corner","2","9955","N.I.E.P.M.D","43","2026-09-23T17:27:00","2026-09-23T18:36:00","1","60","ALL_TICKETS_USED","AT_TICKET_DESTINATION"
"SYN001266","SYNTHETIC","CHENNAI_ONE_STYLE","2026-09-23","23600","109 R","102375","Regular","2026-09-23_102375","evening","2026-09-23T17:27:00","5639","Santhome Church","11","6316","Kanathur","38","2026-09-23T17:42:00","2026-09-23T18:31:00","1","60","ALL_TICKETS_USED","AT_TICKET_DESTINATION"
"SYN001267","SYNTHETIC","ETM_STYLE","2026-09-23","23600","109 R","102375","Regular","2026-09-23_102375","evening","2026-09-23T17:40:00","5917","Queen Marys College","9","6102","Kovalam Bus Terminus","49","2026-09-23T17:40:00","2026-09-23T18:44:00","2","60","ALL_TICKETS_USED","AT_TICKET_DESTINATION"
"SYN001268","SYNTHETIC","CHENNAI_ONE_STYLE","2026-09-23","23600","109 R","102375","Regular","2026-09-23_102375","evening","2026-09-23T17:32:00","5916","Vivekananda House","8","6091","Kovalam Kelambakam Road Junction","47","2026-09-23T17:39:00","2026-09-23T18:40:00","2","60","ALL_TICKETS_USED","AT_TICKET_DESTINATION"
"SYN001269","SYNTHETIC","CHENNAI_ONE_STYLE","2026-09-23","23600","109 R","102375","Regular","2026-09-23_102375","evening","2026-09-23T17:11:00","11159","Island ground Terminus","1","6287","Meera Nagar","39","2026-09-23T17:20:00","2026-09-23T18:32:00","2","60","ALL_TICKETS_USED","AT_TICKET_DESTINATION"
"SYN001270","SYNTHETIC","CHENNAI_ONE_STYLE","2026-09-23","23600","109 R","102375","Regular","2026-09-23_102375","evening","2026-09-23T17:31:00","9128","Mrc Nagar","13","6106","Kovalam","46","2026-09-23T17:46:00","2026-09-23T18:39:00","1","60","ALL_TICKETS_USED","AT_TICKET_DESTINATION"
"SYN001271","SYNTHETIC","ETM_STYLE","2026-09-23","23600","109 R","102375","Regular","2026-09-23_102375","evening","2026-09-23T17:31:00","11192","Annasquare","5","6316","Kanathur","38","2026-09-23T17:31:00","2026-09-23T18:31:00","1","60","ALL_TICKETS_USED","AT_TICKET_DESTINATION"
"SYN001272","SYNTHETIC","CHENNAI_ONE_STYLE","2026-09-23","23600","109 R","102375","Regular","2026-09-23_102375","evening","2026-09-23T17:35:00","9128","Mrc Nagar","13","9955","N.I.E.P.M.D","43","2026-09-23T17:46:00","2026-09-23T18:36:00","1","60","ALL_TICKETS_USED","AT_TICKET_DESTINATION"
"SYN001273","SYNTHETIC","ETM_STYLE","2026-09-23","23600","109 R","102375","Regular","2026-09-23_102375","evening","2026-09-23T17:41:00","5638","All India Radio Light House","10","9955","N.I.E.P.M.D","43","2026-09-23T17:41:00","2026-09-23T18:36:00","1","60","ALL_TICKETS_USED","AT_TICKET_DESTINATION"
"SYN001274","SYNTHETIC","ETM_STYLE","2026-09-23","23600","109 R","102375","Regular","2026-09-23_102375","evening","2026-09-23T17:42:00","5639","Santhome Church","11","6160","Muttukadu Boat House","44","2026-09-23T17:42:00","2026-09-23T18:37:00","1","60","ALL_TICKETS_USED","AT_TICKET_DESTINATION"
"SYN001275","SYNTHETIC","ETM_STYLE","2026-09-23","23600","109 R","102375","Regular","2026-09-23_102375","evening","2026-09-23T17:31:00","11192","Annasquare","5","9986","Uthandi Toll Gate Or Ragash College","37","2026-09-23T17:31:00","2026-09-23T18:30:00","2","60","ALL_TICKETS_USED","AT_TICKET_DESTINATION"
"SYN001276","SYNTHETIC","ETM_STYLE","2026-09-23","23600","109 R","102375","Regular","2026-09-23_102375","evening","2026-09-23T17:39:00","5916","Vivekananda House","8","9957","Panjabur Or Yellow Board","42","2026-09-23T17:39:00","2026-09-23T18:35:00","3","60","ALL_TICKETS_USED","AT_TICKET_DESTINATION"
"SYN001277","SYNTHETIC","ETM_STYLE","2026-09-23","23600","109 R","102375","Regular","2026-09-23_102375","evening","2026-09-23T17:46:00","9128","Mrc Nagar","13","6106","Kovalam","46","2026-09-23T17:46:00","2026-09-23T18:39:00","1","60","ALL_TICKETS_USED","AT_TICKET_DESTINATION"
"SYN001278","SYNTHETIC","CHENNAI_ONE_STYLE","2026-09-23","23600","109 R","102375","Regular","2026-09-23_102375","evening","2026-09-23T17:30:00","11192","Annasquare","5","6387","Uthandi","35","2026-09-23T17:31:00","2026-09-23T18:28:00","3","60","ALL_TICKETS_USED","AT_TICKET_DESTINATION"
"SYN001279","SYNTHETIC","ETM_STYLE","2026-09-23","23600","109 R","102375","Regular","2026-09-23_102375","evening","2026-09-23T17:41:00","5638","All India Radio Light House","10","9993","Nainar Kuppam Or Uthandi Colony","34","2026-09-23T17:41:00","2026-09-23T18:27:00","1","60","ALL_TICKETS_USED","AT_TICKET_DESTINATION"
"SYN001280","SYNTHETIC","ETM_STYLE","2026-09-23","23600","109 R","102375","Regular","2026-09-23_102375","evening","2026-09-23T17:20:00","11159","Island ground Terminus","1","6102","Kovalam Bus Terminus","49","2026-09-23T17:20:00","2026-09-23T18:44:00","1","60","ALL_TICKETS_USED","AT_TICKET_DESTINATION"
"SYN001281","SYNTHETIC","ETM_STYLE","2026-09-23","23600","109 R","102375","Regular","2026-09-23_102375","evening","2026-09-23T17:44:00","5819","Foreshore Estate Bus Stop","12","9962","Mary World Or Mgm","41","2026-09-23T17:44:00","2026-09-23T18:34:00","2","60","ALL_TICKETS_USED","AT_TICKET_DESTINATION"
"SYN001282","SYNTHETIC","ETM_STYLE","2026-09-23","23600","109 R","102375","Regular","2026-09-23_102375","evening","2026-09-23T17:29:00","5814","Secretariat","3","9962","Mary World Or Mgm","41","2026-09-23T17:29:00","2026-09-23T18:34:00","2","60","ALL_TICKETS_USED","AT_TICKET_DESTINATION"
"SYN001283","SYNTHETIC","ETM_STYLE","2026-09-23","23600","109 R","102375","Regular","2026-09-23_102375","evening","2026-09-23T17:42:00","5639","Santhome Church","11","9955","N.I.E.P.M.D","43","2026-09-23T17:42:00","2026-09-23T18:36:00","3","60","ALL_TICKETS_USED","AT_TICKET_DESTINATION"
"SYN001284","SYNTHETIC","ETM_STYLE","2026-09-23","23600","109 R","102375","Regular","2026-09-23_102375","evening","2026-09-23T17:39:00","5916","Vivekananda House","8","9986","Uthandi Toll Gate Or Ragash College","37","2026-09-23T17:39:00","2026-09-23T18:30:00","1","60","ALL_TICKETS_USED","AT_TICKET_DESTINATION"
"SYN001285","SYNTHETIC","ETM_STYLE","2026-09-23","23600","109 R","102375","Regular","2026-09-23_102375","evening","2026-09-23T17:53:00","5758","M.G.R Janaki College Or Sathya Studio","15","6287","Meera Nagar","39","2026-09-23T17:53:00","2026-09-23T18:32:00","2","60","ALL_TICKETS_USED","AT_TICKET_DESTINATION"
"SYN001286","SYNTHETIC","CHENNAI_ONE_STYLE","2026-09-23","23600","109 R","102375","Regular","2026-09-23_102375","evening","2026-09-23T17:19:00","9783","Parrys Corner","2","6160","Muttukadu Boat House","44","2026-09-23T17:27:00","2026-09-23T18:37:00","1","60","ALL_TICKETS_USED","AT_TICKET_DESTINATION"
"SYN001287","SYNTHETIC","ETM_STYLE","2026-09-23","23600","109 R","102375","Regular","2026-09-23_102375","evening","2026-09-23T17:20:00","11159","Island ground Terminus","1","9957","Panjabur Or Yellow Board","42","2026-09-23T17:20:00","2026-09-23T18:35:00","2","60","ALL_TICKETS_USED","AT_TICKET_DESTINATION"
"SYN001288","SYNTHETIC","ETM_STYLE","2026-09-23","23600","109 R","102375","Regular","2026-09-23_102375","evening","2026-09-23T17:41:00","5638","All India Radio Light House","10","6387","Uthandi","35","2026-09-23T17:41:00","2026-09-23T18:28:00","2","60","ALL_TICKETS_USED","AT_TICKET_DESTINATION"
"SYN001289","SYNTHETIC","ETM_STYLE","2026-09-23","23600","109 R","102998","Regular","2026-09-23_102998","night","2026-09-23T21:19:00","5918","Kannagi Statue Or Presidency College","7","6316","Kanathur","38","2026-09-23T21:19:00","2026-09-23T22:16:00","1","60","ALL_TICKETS_USED","AT_TICKET_DESTINATION"
"SYN001290","SYNTHETIC","ETM_STYLE","2026-09-23","23600","109 R","102998","Regular","2026-09-23_102998","night","2026-09-23T22:04:00","6672","Bethal Nagar","29","6091","Kovalam Kelambakam Road Junction","47","2026-09-23T22:04:00","2026-09-23T22:25:00","1","60","ALL_TICKETS_USED","AT_TICKET_DESTINATION"
"SYN001291","SYNTHETIC","ETM_STYLE","2026-09-23","23600","109 R","102998","Regular","2026-09-23_102998","night","2026-09-23T21:14:00","5814","Secretariat","3","6249","Muttukadu","40","2026-09-23T21:14:00","2026-09-23T22:18:00","1","60","ALL_TICKETS_USED","AT_TICKET_DESTINATION"
"SYN001292","SYNTHETIC","ETM_STYLE","2026-09-23","23600","109 R","102998","Regular","2026-09-23_102998","night","2026-09-23T22:19:00","9962","Mary World Or Mgm","41","9955","N.I.E.P.M.D","43","2026-09-23T22:19:00","2026-09-23T22:21:00","1","60","ALL_TICKETS_USED","AT_TICKET_DESTINATION"
"SYN001293","SYNTHETIC","ETM_STYLE","2026-09-23","23600","109 R","102998","Regular","2026-09-23_102998","night","2026-09-23T21:54:00","8666","Thiruvalluvar Nagar Rto","20","9993","Nainar Kuppam Or Uthandi Colony","34","2026-09-23T21:54:00","2026-09-23T22:12:00","3","60","ALL_TICKETS_USED","AT_TICKET_DESTINATION"
"SYN001294","SYNTHETIC","ETM_STYLE","2026-09-23","23600","109 R","102998","Regular","2026-09-23_102998","night","2026-09-23T22:26:00","6081","Kovalam Chamjarai","48","6102","Kovalam Bus Terminus","49","2026-09-23T22:26:00","2026-09-23T22:29:00","1","60","ALL_TICKETS_USED","AT_TICKET_DESTINATION"
"SYN001295","SYNTHETIC","ETM_STYLE","2026-09-23","23600","109 R","102998","Regular","2026-09-23_102998","night","2026-09-23T21:57:00","8495","Palavakkam","22","9986","Uthandi Toll Gate Or Ragash College","37","2026-09-23T21:57:00","2026-09-23T22:15:00","2","60","ALL_TICKETS_USED","AT_TICKET_DESTINATION"
"SYN001296","SYNTHETIC","ETM_STYLE","2026-09-23","23600","109 R","102998","Regular","2026-09-23_102998","night","2026-09-23T22:04:00","6672","Bethal Nagar","29","6130","Kunnukadu Alamaram","45","2026-09-23T22:04:00","2026-09-23T22:23:00","1","60","ALL_TICKETS_USED","AT_TICKET_DESTINATION"
"SYN001297","SYNTHETIC","ETM_STYLE","2026-09-23","23600","109 R","102998","Regular","2026-09-23_102998","night","2026-09-23T22:22:00","6160","Muttukadu Boat House","44","6106","Kovalam","46","2026-09-23T22:22:00","2026-09-23T22:24:00","3","60","ALL_TICKETS_USED","AT_TICKET_DESTINATION"
"SYN001298","SYNTHETIC","ETM_STYLE","2026-09-23","23600","109 R","102998","Regular","2026-09-23_102998","night","2026-09-23T22:11:00","6459","Panaiyur","33","6387","Uthandi","35","2026-09-23T22:11:00","2026-09-23T22:13:00","2","60","ALL_TICKETS_USED","AT_TICKET_DESTINATION"
"SYN001299","SYNTHETIC","ETM_STYLE","2026-09-23","23600","109 R","102998","Regular","2026-09-23_102998","night","2026-09-23T22:01:00","8346","Bhuari Hotel","26","6387","Uthandi","35","2026-09-23T22:01:00","2026-09-23T22:13:00","1","60","ALL_TICKETS_USED","AT_TICKET_DESTINATION"
"SYN001300","SYNTHETIC","ETM_STYLE","2026-09-23","23600","109 R","102998","Regular","2026-09-23_102998","night","2026-09-23T22:19:00","9962","Mary World Or Mgm","41","6081","Kovalam Chamjarai","48","2026-09-23T22:19:00","2026-09-23T22:26:00","2","60","ALL_TICKETS_USED","AT_TICKET_DESTINATION"
"SYN001301","SYNTHETIC","CHENNAI_ONE_STYLE","2026-09-24","23212","101 R","5022","Regular","2026-09-24_5022","morning","2026-09-24T08:01:00","10293","Arumbakkam P.H Road","19","7378","Thangal","51","2026-09-24T08:07:00","2026-09-24T08:58:00","1","60","ALL_TICKETS_USED","AT_TICKET_DESTINATION"
"SYN001302","SYNTHETIC","ETM_STYLE","2026-09-24","23212","101 R","5022","Regular","2026-09-24_5022","morning","2026-09-24T07:33:00","9436","Poonamallee Government Hospital","2","7450","Ellaiamman Kovil","53","2026-09-24T07:33:00","2026-09-24T09:01:00","1","60","ALL_TICKETS_USED","AT_TICKET_DESTINATION"
"SYN001303","SYNTHETIC","CHENNAI_ONE_STYLE","2026-09-24","23212","101 R","5022","Regular","2026-09-24_5022","morning","2026-09-24T07:28:00","10238","Poonamallee Municipality Or Kumananchavadi","5","7378","Thangal","51","2026-09-24T07:38:00","2026-09-24T08:58:00","1","60","ALL_TICKETS_USED","AT_TICKET_DESTINATION"
"SYN001304","SYNTHETIC","ETM_STYLE","2026-09-24","23212","101 R","5022","Regular","2026-09-24_5022","morning","2026-09-24T07:37:00","9392","Karayanchavadi","4","7189","Nagara Thottam","48","2026-09-24T07:37:00","2026-09-24T08:52:00","1","60","ALL_TICKETS_USED","AT_TICKET_DESTINATION"
"SYN001305","SYNTHETIC","ETM_STYLE","2026-09-24","23212","101 R","5022","Regular","2026-09-24_5022","morning","2026-09-24T07:49:00","9525","Kumar Theatre","9","7189","Nagara Thottam","48","2026-09-24T07:49:00","2026-09-24T08:52:00","1","60","ALL_TICKETS_USED","AT_TICKET_DESTINATION"
"SYN001306","SYNTHETIC","CHENNAI_ONE_STYLE","2026-09-24","23212","101 R","5022","Regular","2026-09-24_5022","morning","2026-09-24T07:25:00","9436","Poonamallee Government Hospital","2","5536","Thangal Tollgate","50","2026-09-24T07:33:00","2026-09-24T08:57:00","1","60","ALL_TICKETS_USED","AT_TICKET_DESTINATION"
"SYN001307","SYNTHETIC","CHENNAI_ONE_STYLE","2026-09-24","23212","101 R","5022","Regular","2026-09-24_5022","morning","2026-09-24T07:47:00","9566","Maduravoyal Ration Shop","14","6758","Clive Battery","40","2026-09-24T07:56:00","2026-09-24T08:42:00","1","60","ALL_TICKETS_USED","AT_TICKET_DESTINATION"
"SYN001308","SYNTHETIC","ETM_STYLE","2026-09-24","23212","101 R","5022","Regular","2026-09-24_5022","morning","2026-09-24T08:06:00","9628","Rohini Theatre","18","7403","Raja Kaladi","52","2026-09-24T08:06:00","2026-09-24T08:59:00","1","60","ALL_TICKETS_USED","AT_TICKET_DESTINATION"
"SYN001309","SYNTHETIC","ETM_STYLE","2026-09-24","23212","101 R","5022","Regular","2026-09-24_5022","morning","2026-09-24T07:53:00","10269","Maduravoyal Erikarai","11","7508","Thiruvottiyur Market","56","2026-09-24T07:53:00","2026-09-24T09:04:00","3","60","ALL_TICKETS_USED","AT_TICKET_DESTINATION"
"SYN001310","SYNTHETIC","ETM_STYLE","2026-09-24","23212","101 R","5022","Regular","2026-09-24_5022","morning","2026-09-24T07:56:00","9566","Maduravoyal Ration Shop","14","7577","Thiruvottriyur Bus Stand","59","2026-09-24T07:56:00","2026-09-24T09:07:00","2","60","ALL_TICKETS_USED","AT_TICKET_DESTINATION"
"SYN001311","SYNTHETIC","ETM_STYLE","2026-09-24","23212","101 R","5022","Regular","2026-09-24_5022","morning","2026-09-24T07:37:00","9392","Karayanchavadi","4","11087","Surya Narayana Road","46","2026-09-24T07:37:00","2026-09-24T08:50:00","1","60","ALL_TICKETS_USED","AT_TICKET_DESTINATION"
"SYN001312","SYNTHETIC","ETM_STYLE","2026-09-24","23212","101 R","5022","Regular","2026-09-24_5022","morning","2026-09-24T07:43:00","9500","Acs Medical College","7","7189","Nagara Thottam","48","2026-09-24T07:43:00","2026-09-24T08:52:00","2","60","ALL_TICKETS_USED","AT_TICKET_DESTINATION"
"SYN001313","SYNTHETIC","CHENNAI_ONE_STYLE","2026-09-24","23212","101 R","5022","Regular","2026-09-24_5022","morning","2026-09-24T07:43:00","9513","Vaanagaram","10","7083","Kasimedu","47","2026-09-24T07:51:00","2026-09-24T08:51:00","2","60","ALL_TICKETS_USED","AT_TICKET_DESTINATION"
"SYN001314","SYNTHETIC","ETM_STYLE","2026-09-24","23212","101 R","5022","Regular","2026-09-24_5022","morning","2026-09-24T07:54:00","9536","Maduravoyal","12","7487","Thiruvotriyur Temple","55","2026-09-24T07:54:00","2026-09-24T09:03:00","2","60","ALL_TICKETS_USED","AT_TICKET_DESTINATION"
"SYN001315","SYNTHETIC","ETM_STYLE","2026-09-24","23212","101 R","5022","Regular","2026-09-24_5022","morning","2026-09-24T07:55:00","9542","Maduravoyal Post Office","13","7403","Raja Kaladi","52","2026-09-24T07:55:00","2026-09-24T08:59:00","1","60","ALL_TICKETS_USED","AT_TICKET_DESTINATION"
"SYN001316","SYNTHETIC","ETM_STYLE","2026-09-24","23212","101 R","5022","Regular","2026-09-24_5022","morning","2026-09-24T07:43:00","9500","Acs Medical College","7","7189","Nagara Thottam","48","2026-09-24T07:43:00","2026-09-24T08:52:00","1","60","ALL_TICKETS_USED","AT_TICKET_DESTINATION"
"SYN001317","SYNTHETIC","ETM_STYLE","2026-09-24","23212","101 R","5022","Regular","2026-09-24_5022","morning","2026-09-24T07:51:00","9513","Vaanagaram","10","7378","Thangal","51","2026-09-24T07:51:00","2026-09-24T08:58:00","3","60","ALL_TICKETS_USED","AT_TICKET_DESTINATION"
"SYN001318","SYNTHETIC","ETM_STYLE","2026-09-24","23212","101 R","5022","Regular","2026-09-24_5022","morning","2026-09-24T07:53:00","10269","Maduravoyal Erikarai","11","7531","Vellayan Chettiyar School","57","2026-09-24T07:53:00","2026-09-24T09:05:00","1","60","ALL_TICKETS_USED","AT_TICKET_DESTINATION"
"SYN001319","SYNTHETIC","ETM_STYLE","2026-09-24","23212","101 R","5022","Regular","2026-09-24_5022","morning","2026-09-24T07:41:00","9457","Saveetha Hospital","6","7032","Kasimedu Police Station","45","2026-09-24T07:41:00","2026-09-24T08:49:00","2","60","ALL_TICKETS_USED","AT_TICKET_DESTINATION"
"SYN001320","SYNTHETIC","ETM_STYLE","2026-09-24","23212","101 R","5022","Regular","2026-09-24_5022","morning","2026-09-24T07:30:00","9440","Poonamallee","1","7083","Kasimedu","47","2026-09-24T07:30:00","2026-09-24T08:51:00","1","60","ALL_TICKETS_USED","AT_TICKET_DESTINATION"
"SYN001321","SYNTHETIC","ETM_STYLE","2026-09-24","23212","101 R","5022","Regular","2026-09-24_5022","morning","2026-09-24T08:03:00","9594","Nerkundram","16","7292","Anna Nagar","49","2026-09-24T08:03:00","2026-09-24T08:53:00","3","60","ALL_TICKETS_USED","AT_TICKET_DESTINATION"
"SYN001322","SYNTHETIC","ETM_STYLE","2026-09-24","23212","101 R","5022","Regular","2026-09-24_5022","morning","2026-09-24T07:30:00","9440","Poonamallee","1","7083","Kasimedu","47","2026-09-24T07:30:00","2026-09-24T08:51:00","2","60","ALL_TICKETS_USED","AT_TICKET_DESTINATION"
"SYN001323","SYNTHETIC","CHENNAI_ONE_STYLE","2026-09-24","23212","101 R","5022","Regular","2026-09-24_5022","morning","2026-09-24T07:29:00","9440","Poonamallee","1","10539","Thiruvottiyur Ajax Bus Depot","58","2026-09-24T07:30:00","2026-09-24T09:06:00","1","60","ALL_TICKETS_USED","AT_TICKET_DESTINATION"
"SYN001324","SYNTHETIC","ETM_STYLE","2026-09-24","23212","101 R","5022","Regular","2026-09-24_5022","morning","2026-09-24T08:06:00","9628","Rohini Theatre","18","6780","Thambu Chetty Street","41","2026-09-24T08:06:00","2026-09-24T08:43:00","2","60","ALL_TICKETS_USED","AT_TICKET_DESTINATION"
"SYN001325","SYNTHETIC","ETM_STYLE","2026-09-24","23212","101 R","5022","Regular","2026-09-24_5022","morning","2026-09-24T08:03:00","9594","Nerkundram","16","7480","Theradi","54","2026-09-24T08:03:00","2026-09-24T09:02:00","1","60","ALL_TICKETS_USED","AT_TICKET_DESTINATION"
"SYN001326","SYNTHETIC","ETM_STYLE","2026-09-24","23212","101 R","5022","Regular","2026-09-24_5022","morning","2026-09-24T07:53:00","10269","Maduravoyal Erikarai","11","7378","Thangal","51","2026-09-24T07:53:00","2026-09-24T08:58:00","1","60","ALL_TICKETS_USED","AT_TICKET_DESTINATION"
"SYN001327","SYNTHETIC","CHENNAI_ONE_STYLE","2026-09-24","23212","101 R","5022","Regular","2026-09-24_5022","morning","2026-09-24T07:34:00","9392","Karayanchavadi","4","7032","Kasimedu Police Station","45","2026-09-24T07:37:00","2026-09-24T08:49:00","2","60","ALL_TICKETS_USED","AT_TICKET_DESTINATION"
"SYN001328","SYNTHETIC","ETM_STYLE","2026-09-24","23212","101 R","5022","Regular","2026-09-24_5022","morning","2026-09-24T07:43:00","9500","Acs Medical College","7","6758","Clive Battery","40","2026-09-24T07:43:00","2026-09-24T08:42:00","2","60","ALL_TICKETS_USED","AT_TICKET_DESTINATION"
"SYN001329","SYNTHETIC","ETM_STYLE","2026-09-24","23212","101 R","5022","Regular","2026-09-24_5022","morning","2026-09-24T07:33:00","9436","Poonamallee Government Hospital","2","5536","Thangal Tollgate","50","2026-09-24T07:33:00","2026-09-24T08:57:00","1","60","ALL_TICKETS_USED","AT_TICKET_DESTINATION"
"SYN001330","SYNTHETIC","CHENNAI_ONE_STYLE","2026-09-24","23212","101 R","5022","Regular","2026-09-24_5022","morning","2026-09-24T07:16:00","9440","Poonamallee","1","6936","Kalmandapam Police Station","43","2026-09-24T07:30:00","2026-09-24T08:47:00","3","60","ALL_TICKETS_USED","AT_TICKET_DESTINATION"
"SYN001331","SYNTHETIC","ETM_STYLE","2026-09-24","23212","101 R","5013","Regular","2026-09-24_5013","afternoon","2026-09-24T13:37:00","9642","Taylors Road","26","7378","Thangal","51","2026-09-24T13:37:00","2026-09-24T14:18:00","1","60","ALL_TICKETS_USED","AT_TICKET_DESTINATION"
"SYN001332","SYNTHETIC","ETM_STYLE","2026-09-24","23212","101 R","5013","Regular","2026-09-24_5013","afternoon","2026-09-24T13:14:00","9536","Maduravoyal","12","9863","Collector Office","39","2026-09-24T13:14:00","2026-09-24T14:01:00","1","60","ALL_TICKETS_USED","AT_TICKET_DESTINATION"
"SYN001333","SYNTHETIC","ETM_STYLE","2026-09-24","23212","101 R","5013","Regular","2026-09-24_5013","afternoon","2026-09-24T14:00:00","9843","Beach Station","38","7508","Thiruvottiyur Market","56","2026-09-24T14:00:00","2026-09-24T14:24:00","2","60","ALL_TICKETS_USED","AT_TICKET_DESTINATION"
"SYN001334","SYNTHETIC","ETM_STYLE","2026-09-24","23212","101 R","5013","Regular","2026-09-24_5013","afternoon","2026-09-24T13:37:00","9642","Taylors Road","26","7487","Thiruvotriyur Temple","55","2026-09-24T13:37:00","2026-09-24T14:23:00","2","60","ALL_TICKETS_USED","AT_TICKET_DESTINATION"
"SYN001335","SYNTHETIC","ETM_STYLE","2026-09-24","23212","101 R","5013","Regular","2026-09-24_5013","afternoon","2026-09-24T13:36:00","9636","Pachaiyappas College","25","7531","Vellayan Chettiyar School","57","2026-09-24T13:36:00","2026-09-24T14:25:00","2","60","ALL_TICKETS_USED","AT_TICKET_DESTINATION"
"SYN001336","SYNTHETIC","ETM_STYLE","2026-09-24","23212","101 R","5013","Regular","2026-09-24_5013","afternoon","2026-09-24T13:06:00","9519","Velappanchavadi","8","7378","Thangal","51","2026-09-24T13:06:00","2026-09-24T14:18:00","2","60","ALL_TICKETS_USED","AT_TICKET_DESTINATION"
"SYN001337","SYNTHETIC","CHENNAI_ONE_STYLE","2026-09-24","23212","101 R","5013","Regular","2026-09-24_5013","afternoon","2026-09-24T13:16:00","10290","N.S.K Nagar Arumbakkam","22","5792","Aminjikarai","23","2026-09-24T13:30:00","2026-09-24T13:34:00","1","60","ALL_TICKETS_USED","AT_TICKET_DESTINATION"
"SYN001338","SYNTHETIC","ETM_STYLE","2026-09-24","23212","101 R","5013","Regular","2026-09-24_5013","afternoon","2026-09-24T14:08:00","10424","Kalaimagal Vidyalaya Or Esso","44","7032","Kasimedu Police Station","45","2026-09-24T14:08:00","2026-09-24T14:09:00","2","60","ALL_TICKETS_USED","AT_TICKET_DESTINATION"
"SYN001339","SYNTHETIC","CHENNAI_ONE_STYLE","2026-09-24","23212","101 R","5013","Regular","2026-09-24_5013","afternoon","2026-09-24T14:16:00","7403","Raja Kaladi","52","7487","Thiruvotriyur Temple","55","2026-09-24T14:19:00","2026-09-24T14:23:00","1","60","ALL_TICKETS_USED","AT_TICKET_DESTINATION"
"SYN001340","SYNTHETIC","CHENNAI_ONE_STYLE","2026-09-24","23212","101 R","5013","Regular","2026-09-24_5013","afternoon","2026-09-24T14:04:00","6847","Royapuram Market","42","7403","Raja Kaladi","52","2026-09-24T14:05:00","2026-09-24T14:19:00","1","60","ALL_TICKETS_USED","AT_TICKET_DESTINATION"
"SYN001341","SYNTHETIC","ETM_STYLE","2026-09-24","23212","101 R","5013","Regular","2026-09-24_5013","afternoon","2026-09-24T14:19:00","7403","Raja Kaladi","52","7480","Theradi","54","2026-09-24T14:19:00","2026-09-24T14:22:00","1","60","ALL_TICKETS_USED","AT_TICKET_DESTINATION"
"SYN001342","SYNTHETIC","CHENNAI_ONE_STYLE","2026-09-24","23212","101 R","5013","Regular","2026-09-24_5013","afternoon","2026-09-24T13:51:00","6780","Thambu Chetty Street","41","7083","Kasimedu","47","2026-09-24T14:03:00","2026-09-24T14:11:00","2","60","ALL_TICKETS_USED","AT_TICKET_DESTINATION"
"SYN001343","SYNTHETIC","ETM_STYLE","2026-09-24","23212","101 R","5013","Regular","2026-09-24_5013","afternoon","2026-09-24T13:16:00","9566","Maduravoyal Ration Shop","14","7531","Vellayan Chettiyar School","57","2026-09-24T13:16:00","2026-09-24T14:25:00","1","60","ALL_TICKETS_USED","AT_TICKET_DESTINATION"
"SYN001344","SYNTHETIC","ETM_STYLE","2026-09-24","23212","101 R","5015","Regular","2026-09-24_5015","evening","2026-09-24T17:10:00","9428","Kallarai","3","10424","Kalaimagal Vidyalaya Or Esso","44","2026-09-24T17:10:00","2026-09-24T18:23:00","2","60","ALL_TICKETS_USED","AT_TICKET_DESTINATION"
"SYN001345","SYNTHETIC","ETM_STYLE","2026-09-24","23212","101 R","5015","Regular","2026-09-24_5015","evening","2026-09-24T17:41:00","9628","Rohini Theatre","18","5536","Thangal Tollgate","50","2026-09-24T17:41:00","2026-09-24T18:32:00","1","60","ALL_TICKETS_USED","AT_TICKET_DESTINATION"
"SYN001346","SYNTHETIC","CHENNAI_ONE_STYLE","2026-09-24","23212","101 R","5015","Regular","2026-09-24_5015","evening","2026-09-24T17:16:00","10269","Maduravoyal Erikarai","11","7083","Kasimedu","47","2026-09-24T17:28:00","2026-09-24T18:26:00","2","60","ALL_TICKETS_USED","AT_TICKET_DESTINATION"
"SYN001347","SYNTHETIC","ETM_STYLE","2026-09-24","23212","101 R","5015","Regular","2026-09-24_5015","evening","2026-09-24T17:38:00","9594","Nerkundram","16","7189","Nagara Thottam","48","2026-09-24T17:38:00","2026-09-24T18:27:00","1","60","ALL_TICKETS_USED","AT_TICKET_DESTINATION"
"SYN001348","SYNTHETIC","CHENNAI_ONE_STYLE","2026-09-24","23212","101 R","5015","Regular","2026-09-24_5015","evening","2026-09-24T17:15:00","9536","Maduravoyal","12","7032","Kasimedu Police Station","45","2026-09-24T17:29:00","2026-09-24T18:24:00","1","60","ALL_TICKETS_USED","AT_TICKET_DESTINATION"
"SYN001349","SYNTHETIC","ETM_STYLE","2026-09-24","23212","101 R","5015","Regular","2026-09-24_5015","evening","2026-09-24T17:18:00","9500","Acs Medical College","7","6936","Kalmandapam Police Station","43","2026-09-24T17:18:00","2026-09-24T18:22:00","1","60","ALL_TICKETS_USED","AT_TICKET_DESTINATION"
"SYN001350","SYNTHETIC","CHENNAI_ONE_STYLE","2026-09-24","23212","101 R","5015","Regular","2026-09-24_5015","evening","2026-09-24T16:59:00","9428","Kallarai","3","7292","Anna Nagar","49","2026-09-24T17:10:00","2026-09-24T18:28:00","1","60","ALL_TICKETS_USED","AT_TICKET_DESTINATION"
"SYN001351","SYNTHETIC","CHENNAI_ONE_STYLE","2026-09-24","23212","101 R","5015","Regular","2026-09-24_5015","evening","2026-09-24T17:02:00","9457","Saveetha Hospital","6","6936","Kalmandapam Police Station","43","2026-09-24T17:16:00","2026-09-24T18:22:00","1","60","ALL_TICKETS_USED","AT_TICKET_DESTINATION"
"SYN001352","SYNTHETIC","ETM_STYLE","2026-09-24","23212","101 R","5015","Regular","2026-09-24_5015","evening","2026-09-24T17:33:00","9581","Vengaya Mandi","15","7378","Thangal","51","2026-09-24T17:33:00","2026-09-24T18:33:00","3","60","ALL_TICKETS_USED","AT_TICKET_DESTINATION"
"SYN001353","SYNTHETIC","ETM_STYLE","2026-09-24","23212","101 R","5015","Regular","2026-09-24_5015","evening","2026-09-24T17:38:00","9594","Nerkundram","16","6758","Clive Battery","40","2026-09-24T17:38:00","2026-09-24T18:17:00","2","60","ALL_TICKETS_USED","AT_TICKET_DESTINATION"
"SYN001354","SYNTHETIC","ETM_STYLE","2026-09-24","23212","101 R","5015","Regular","2026-09-24_5015","evening","2026-09-24T17:18:00","9500","Acs Medical College","7","7189","Nagara Thottam","48","2026-09-24T17:18:00","2026-09-24T18:27:00","1","60","ALL_TICKETS_USED","AT_TICKET_DESTINATION"
"SYN001355","SYNTHETIC","ETM_STYLE","2026-09-24","23212","101 R","5015","Regular","2026-09-24_5015","evening","2026-09-24T17:26:00","9513","Vaanagaram","10","10424","Kalaimagal Vidyalaya Or Esso","44","2026-09-24T17:26:00","2026-09-24T18:23:00","2","60","ALL_TICKETS_USED","AT_TICKET_DESTINATION"
"SYN001356","SYNTHETIC","CHENNAI_ONE_STYLE","2026-09-24","23212","101 R","5015","Regular","2026-09-24_5015","evening","2026-09-24T17:24:00","9513","Vaanagaram","10","7480","Theradi","54","2026-09-24T17:26:00","2026-09-24T18:37:00","1","60","ALL_TICKETS_USED","AT_TICKET_DESTINATION"
"SYN001357","SYNTHETIC","ETM_STYLE","2026-09-24","23212","101 R","5015","Regular","2026-09-24_5015","evening","2026-09-24T17:42:00","10293","Arumbakkam P.H Road","19","7577","Thiruvottriyur Bus Stand","59","2026-09-24T17:42:00","2026-09-24T18:42:00","1","60","ALL_TICKETS_USED","AT_TICKET_DESTINATION"
"SYN001358","SYNTHETIC","ETM_STYLE","2026-09-24","23212","101 R","5015","Regular","2026-09-24_5015","evening","2026-09-24T17:40:00","9615","Mettukulam","17","7083","Kasimedu","47","2026-09-24T17:40:00","2026-09-24T18:26:00","2","60","ALL_TICKETS_USED","AT_TICKET_DESTINATION"
"SYN001359","SYNTHETIC","ETM_STYLE","2026-09-24","23212","101 R","5015","Regular","2026-09-24_5015","evening","2026-09-24T17:18:00","9500","Acs Medical College","7","7292","Anna Nagar","49","2026-09-24T17:18:00","2026-09-24T18:28:00","1","60","ALL_TICKETS_USED","AT_TICKET_DESTINATION"
"SYN001360","SYNTHETIC","ETM_STYLE","2026-09-24","23212","101 R","5015","Regular","2026-09-24_5015","evening","2026-09-24T17:33:00","9581","Vengaya Mandi","15","7292","Anna Nagar","49","2026-09-24T17:33:00","2026-09-24T18:28:00","1","60","ALL_TICKETS_USED","AT_TICKET_DESTINATION"
"SYN001361","SYNTHETIC","ETM_STYLE","2026-09-24","23212","101 R","5015","Regular","2026-09-24_5015","evening","2026-09-24T17:33:00","9581","Vengaya Mandi","15","6780","Thambu Chetty Street","41","2026-09-24T17:33:00","2026-09-24T18:18:00","1","60","ALL_TICKETS_USED","AT_TICKET_DESTINATION"
"SYN001362","SYNTHETIC","ETM_STYLE","2026-09-24","23212","101 R","5015","Regular","2026-09-24_5015","evening","2026-09-24T17:26:00","9513","Vaanagaram","10","7480","Theradi","54","2026-09-24T17:26:00","2026-09-24T18:37:00","1","60","ALL_TICKETS_USED","AT_TICKET_DESTINATION"
"SYN001363","SYNTHETIC","ETM_STYLE","2026-09-24","23212","101 R","5015","Regular","2026-09-24_5015","evening","2026-09-24T17:05:00","9440","Poonamallee","1","7487","Thiruvotriyur Temple","55","2026-09-24T17:05:00","2026-09-24T18:38:00","1","60","ALL_TICKETS_USED","AT_TICKET_DESTINATION"
"SYN001364","SYNTHETIC","CHENNAI_ONE_STYLE","2026-09-24","23212","101 R","5015","Regular","2026-09-24_5015","evening","2026-09-24T17:17:00","10269","Maduravoyal Erikarai","11","7083","Kasimedu","47","2026-09-24T17:28:00","2026-09-24T18:26:00","2","60","ALL_TICKETS_USED","AT_TICKET_DESTINATION"
"SYN001365","SYNTHETIC","ETM_STYLE","2026-09-24","23212","101 R","5015","Regular","2026-09-24_5015","evening","2026-09-24T17:26:00","9513","Vaanagaram","10","6780","Thambu Chetty Street","41","2026-09-24T17:26:00","2026-09-24T18:18:00","1","60","ALL_TICKETS_USED","AT_TICKET_DESTINATION"
"SYN001366","SYNTHETIC","CHENNAI_ONE_STYLE","2026-09-24","23212","101 R","5015","Regular","2026-09-24_5015","evening","2026-09-24T17:23:00","9566","Maduravoyal Ration Shop","14","6780","Thambu Chetty Street","41","2026-09-24T17:31:00","2026-09-24T18:18:00","1","60","ALL_TICKETS_USED","AT_TICKET_DESTINATION"
"SYN001367","SYNTHETIC","ETM_STYLE","2026-09-24","23212","101 R","5015","Regular","2026-09-24_5015","evening","2026-09-24T17:10:00","9428","Kallarai","3","7083","Kasimedu","47","2026-09-24T17:10:00","2026-09-24T18:26:00","2","60","ALL_TICKETS_USED","AT_TICKET_DESTINATION"
"SYN001368","SYNTHETIC","ETM_STYLE","2026-09-24","23212","101 R","5015","Regular","2026-09-24_5015","evening","2026-09-24T17:08:00","9436","Poonamallee Government Hospital","2","7480","Theradi","54","2026-09-24T17:08:00","2026-09-24T18:37:00","2","60","ALL_TICKETS_USED","AT_TICKET_DESTINATION"
"SYN001369","SYNTHETIC","ETM_STYLE","2026-09-24","23212","101 R","5015","Regular","2026-09-24_5015","evening","2026-09-24T17:16:00","9457","Saveetha Hospital","6","7531","Vellayan Chettiyar School","57","2026-09-24T17:16:00","2026-09-24T18:40:00","1","60","ALL_TICKETS_USED","AT_TICKET_DESTINATION"
"SYN001370","SYNTHETIC","ETM_STYLE","2026-09-24","23212","101 R","5015","Regular","2026-09-24_5015","evening","2026-09-24T17:42:00","10293","Arumbakkam P.H Road","19","7189","Nagara Thottam","48","2026-09-24T17:42:00","2026-09-24T18:27:00","1","60","ALL_TICKETS_USED","AT_TICKET_DESTINATION"
"SYN001371","SYNTHETIC","ETM_STYLE","2026-09-24","23212","101 R","5015","Regular","2026-09-24_5015","evening","2026-09-24T17:12:00","9392","Karayanchavadi","4","7292","Anna Nagar","49","2026-09-24T17:12:00","2026-09-24T18:28:00","3","60","ALL_TICKETS_USED","AT_TICKET_DESTINATION"
"SYN001372","SYNTHETIC","ETM_STYLE","2026-09-24","23212","101 R","5015","Regular","2026-09-24_5015","evening","2026-09-24T17:33:00","9581","Vengaya Mandi","15","7487","Thiruvotriyur Temple","55","2026-09-24T17:33:00","2026-09-24T18:38:00","1","60","ALL_TICKETS_USED","AT_TICKET_DESTINATION"
"SYN001373","SYNTHETIC","ETM_STYLE","2026-09-24","23212","101 R","5015","Regular","2026-09-24_5015","evening","2026-09-24T17:28:00","10269","Maduravoyal Erikarai","11","7403","Raja Kaladi","52","2026-09-24T17:28:00","2026-09-24T18:34:00","1","60","ALL_TICKETS_USED","AT_TICKET_DESTINATION"
"SYN001374","SYNTHETIC","ETM_STYLE","2026-09-24","23212","101 R","71785","Regular","2026-09-24_71785","night","2026-09-24T23:16:00","9659","Kmc Hospital","27","7577","Thiruvottriyur Bus Stand","59","2026-09-24T23:16:00","2026-09-25T00:04:00","3","60","ALL_TICKETS_USED","AT_TICKET_DESTINATION"
"SYN001375","SYNTHETIC","ETM_STYLE","2026-09-24","23212","101 R","71785","Regular","2026-09-24_71785","night","2026-09-24T23:38:00","9863","Collector Office","39","11087","Surya Narayana Road","46","2026-09-24T23:38:00","2026-09-24T23:47:00","1","60","ALL_TICKETS_USED","AT_TICKET_DESTINATION"
"SYN001376","SYNTHETIC","CHENNAI_ONE_STYLE","2026-09-24","23212","101 R","71785","Regular","2026-09-24_71785","night","2026-09-24T22:44:00","9581","Vengaya Mandi","15","9665","Neyveli House","28","2026-09-24T22:55:00","2026-09-24T23:17:00","1","60","ALL_TICKETS_USED","AT_TICKET_DESTINATION"
"SYN001377","SYNTHETIC","ETM_STYLE","2026-09-24","23212","101 R","71785","Regular","2026-09-24_71785","night","2026-09-24T23:55:00","7378","Thangal","51","10539","Thiruvottiyur Ajax Bus Depot","58","2026-09-24T23:55:00","2026-09-25T00:03:00","1","60","ALL_TICKETS_USED","AT_TICKET_DESTINATION"
"SYN001378","SYNTHETIC","ETM_STYLE","2026-09-24","23212","101 R","71785","Regular","2026-09-24_71785","night","2026-09-24T23:06:00","9638","Dg Vaishnava College","21","9686","Thinathanthi","31","2026-09-24T23:06:00","2026-09-24T23:22:00","2","60","ALL_TICKETS_USED","AT_TICKET_DESTINATION"
"SYN001379","SYNTHETIC","ETM_STYLE","2026-09-24","23212","101 R","71785","Regular","2026-09-24_71785","night","2026-09-24T23:12:00","9626","Aminjikarai Market","24","7487","Thiruvotriyur Temple","55","2026-09-24T23:12:00","2026-09-25T00:00:00","2","60","ALL_TICKETS_USED","AT_TICKET_DESTINATION"
"SYN001380","SYNTHETIC","CHENNAI_ONE_STYLE","2026-09-24","23212","101 R","71785","Regular","2026-09-24_71785","night","2026-09-24T23:27:00","9843","Beach Station","38","10539","Thiruvottiyur Ajax Bus Depot","58","2026-09-24T23:37:00","2026-09-25T00:03:00","1","60","ALL_TICKETS_USED","AT_TICKET_DESTINATION"
"SYN001381","SYNTHETIC","CHENNAI_ONE_STYLE","2026-09-24","23212","101 R","71785","Regular","2026-09-24_71785","night","2026-09-24T23:53:00","7403","Raja Kaladi","52","7480","Theradi","54","2026-09-24T23:56:00","2026-09-24T23:59:00","2","60","ALL_TICKETS_USED","AT_TICKET_DESTINATION"
"SYN001382","SYNTHETIC","CHENNAI_ONE_STYLE","2026-09-24","23212","101 R","71785","Regular","2026-09-24_71785","night","2026-09-24T23:17:00","9665","Neyveli House","28","54","Hotel Everest","32","2026-09-24T23:17:00","2026-09-24T23:23:00","1","60","ALL_TICKETS_USED","AT_TICKET_DESTINATION"
"SYN001383","SYNTHETIC","ETM_STYLE","2026-09-24","23212","101 R","71785","Regular","2026-09-24_71785","night","2026-09-24T23:47:00","11087","Surya Narayana Road","46","7189","Nagara Thottam","48","2026-09-24T23:47:00","2026-09-24T23:49:00","2","60","ALL_TICKETS_USED","AT_TICKET_DESTINATION"
"SYN001384","SYNTHETIC","ETM_STYLE","2026-09-24","23212","101 R","71785","Regular","2026-09-24_71785","night","2026-09-24T23:30:00","10316","Payaigada Evening Bazar Road","34","9863","Collector Office","39","2026-09-24T23:30:00","2026-09-24T23:38:00","2","60","ALL_TICKETS_USED","AT_TICKET_DESTINATION"
"SYN001385","SYNTHETIC","ETM_STYLE","2026-09-24","23212","101 R","71785","Regular","2026-09-24_71785","night","2026-09-24T23:50:00","7292","Anna Nagar","49","7577","Thiruvottriyur Bus Stand","59","2026-09-24T23:50:00","2026-09-25T00:04:00","1","60","ALL_TICKETS_USED","AT_TICKET_DESTINATION"
"SYN001386","SYNTHETIC","ETM_STYLE","2026-09-24","24079","102","108712","Regular","2026-09-24_108712","morning","2026-09-24T09:41:00","9318","Nochikuppam","11","10012","Government School Shozhinganallur","35","2026-09-24T09:41:00","2026-09-24T10:23:00","2","60","ALL_TICKETS_USED","AT_TICKET_DESTINATION"
"SYN001387","SYNTHETIC","ETM_STYLE","2026-09-24","24079","102","108712","Regular","2026-09-24_108712","morning","2026-09-24T09:20:00","11159","Island ground Terminus","1","6099","Kelambakkam Bus Terminal","51","2026-09-24T09:20:00","2026-09-24T10:45:00","2","60","ALL_TICKETS_USED","AT_TICKET_DESTINATION"
"SYN001388","SYNTHETIC","CHENNAI_ONE_STYLE","2026-09-24","24079","102","108712","Regular","2026-09-24_108712","morning","2026-09-24T09:42:00","9262","Santhome Church","12","9974","Navalur","41","2026-09-24T09:42:00","2026-09-24T10:33:00","1","60","ALL_TICKETS_USED","AT_TICKET_DESTINATION"
"SYN001389","SYNTHETIC","ETM_STYLE","2026-09-24","24079","102","108712","Regular","2026-09-24_108712","morning","2026-09-24T09:27:00","9782","High Court","2","6225","Vaniyanchavadi Padma Adarsh School","44","2026-09-24T09:27:00","2026-09-24T10:37:00","1","60","ALL_TICKETS_USED","AT_TICKET_DESTINATION"
"SYN001390","SYNTHETIC","ETM_STYLE","2026-09-24","24079","102","108712","Regular","2026-09-24_108712","morning","2026-09-24T09:27:00","9782","High Court","2","6099","Kelambakkam Bus Terminal","51","2026-09-24T09:27:00","2026-09-24T10:45:00","1","60","ALL_TICKETS_USED","AT_TICKET_DESTINATION"
"SYN001391","SYNTHETIC","ETM_STYLE","2026-09-24","24079","102","108712","Regular","2026-09-24_108712","morning","2026-09-24T09:51:00","5760","Adyar Signal","17","6358","Semmancheri","39","2026-09-24T09:51:00","2026-09-24T10:31:00","1","60","ALL_TICKETS_USED","AT_TICKET_DESTINATION"
"SYN001392","SYNTHETIC","ETM_STYLE","2026-09-24","24079","102","108712","Regular","2026-09-24_108712","morning","2026-09-24T09:39:00","5917","Queen Marys College","10","6403","Satyabhama University","38","2026-09-24T09:39:00","2026-09-24T10:28:00","2","60","ALL_TICKETS_USED","AT_TICKET_DESTINATION"
"SYN001393","SYNTHETIC","ETM_STYLE","2026-09-24","24079","102","108712","Regular","2026-09-24_108712","morning","2026-09-24T09:32:00","5932","War Memorial","5","6225","Vaniyanchavadi Padma Adarsh School","44","2026-09-24T09:32:00","2026-09-24T10:37:00","2","60","ALL_TICKETS_USED","AT_TICKET_DESTINATION"
"SYN001394","SYNTHETIC","ETM_STYLE","2026-09-24","24079","102","108712","Regular","2026-09-24_108712","morning","2026-09-24T09:47:00","9128","Mrc Nagar","14","6198","Kazhipattur","45","2026-09-24T09:47:00","2026-09-24T10:38:00","1","60","ALL_TICKETS_USED","AT_TICKET_DESTINATION"
"SYN001395","SYNTHETIC","ETM_STYLE","2026-09-24","24079","102","108712","Regular","2026-09-24_108712","morning","2026-09-24T09:29:00","9783","Parrys Corner","3","6125","Kelambakkam V A O Office","50","2026-09-24T09:29:00","2026-09-24T10:43:00","3","60","ALL_TICKETS_USED","AT_TICKET_DESTINATION"
"SYN001396","SYNTHETIC","ETM_STYLE","2026-09-24","24079","102","108712","Regular","2026-09-24_108712","morning","2026-09-24T09:41:00","9318","Nochikuppam","11","6269","Egattur","42","2026-09-24T09:41:00","2026-09-24T10:35:00","1","60","ALL_TICKETS_USED","AT_TICKET_DESTINATION"
"SYN001397","SYNTHETIC","CHENNAI_ONE_STYLE","2026-09-24","24079","102","108712","Regular","2026-09-24_108712","morning","2026-09-24T09:31:00","9318","Nochikuppam","11","6157","Padur","47","2026-09-24T09:41:00","2026-09-24T10:40:00","2","60","ALL_TICKETS_USED","AT_TICKET_DESTINATION"
"SYN001398","SYNTHETIC","CHENNAI_ONE_STYLE","2026-09-24","24079","102","108712","Regular","2026-09-24_108712","morning","2026-09-24T09:44:00","9128","Mrc Nagar","14","6454","Ponniamman Kovil","36","2026-09-24T09:47:00","2026-09-24T10:24:00","1","60","ALL_TICKETS_USED","AT_TICKET_DESTINATION"
"SYN001399","SYNTHETIC","CHENNAI_ONE_STYLE","2026-09-24","24079","102","108712","Regular","2026-09-24_108712","morning","2026-09-24T09:26:00","9783","Parrys Corner","3","6314","Ags Complex Navalur","40","2026-09-24T09:29:00","2026-09-24T10:32:00","2","60","ALL_TICKETS_USED","AT_TICKET_DESTINATION"
"SYN001400","SYNTHETIC","ETM_STYLE","2026-09-24","24079","102","108712","Regular","2026-09-24_108712","morning","2026-09-24T09:29:00","9783","Parrys Corner","3","6132","Chettinad Hospital","49","2026-09-24T09:29:00","2026-09-24T10:42:00","1","60","ALL_TICKETS_USED","AT_TICKET_DESTINATION"
"SYN001401","SYNTHETIC","CHENNAI_ONE_STYLE","2026-09-24","24079","102","108712","Regular","2026-09-24_108712","morning","2026-09-24T09:34:00","5758","M.G.R Janaki College Or Sathya Studio","16","6198","Kazhipattur","45","2026-09-24T09:49:00","2026-09-24T10:38:00","1","60","ALL_TICKETS_USED","AT_TICKET_DESTINATION"
"SYN001402","SYNTHETIC","ETM_STYLE","2026-09-24","24079","102","108712","Regular","2026-09-24_108712","morning","2026-09-24T09:31:00","5814","Secretariat","4","6099","Kelambakkam Bus Terminal","51","2026-09-24T09:31:00","2026-09-24T10:45:00","3","60","ALL_TICKETS_USED","AT_TICKET_DESTINATION"
"SYN001403","SYNTHETIC","ETM_STYLE","2026-09-24","24079","102","108712","Regular","2026-09-24_108712","morning","2026-09-24T09:36:00","2601","Marina Beach","8","6403","Satyabhama University","38","2026-09-24T09:36:00","2026-09-24T10:28:00","1","60","ALL_TICKETS_USED","AT_TICKET_DESTINATION"
"SYN001404","SYNTHETIC","ETM_STYLE","2026-09-24","24079","102","108712","Regular","2026-09-24_108712","morning","2026-09-24T09:45:00","9158","Foreshore Estate Bus Terminus","13","6269","Egattur","42","2026-09-24T09:45:00","2026-09-24T10:35:00","1","60","ALL_TICKETS_USED","AT_TICKET_DESTINATION"
"SYN001405","SYNTHETIC","ETM_STYLE","2026-09-24","24079","102","108712","Regular","2026-09-24_108712","morning","2026-09-24T09:39:00","5917","Queen Marys College","10","10012","Government School Shozhinganallur","35","2026-09-24T09:39:00","2026-09-24T10:23:00","1","60","ALL_TICKETS_USED","AT_TICKET_DESTINATION"
"SYN001406","SYNTHETIC","CHENNAI_ONE_STYLE","2026-09-24","24079","102","108712","Regular","2026-09-24_108712","morning","2026-09-24T09:21:00","2601","Marina Beach","8","6198","Kazhipattur","45","2026-09-24T09:36:00","2026-09-24T10:38:00","2","60","ALL_TICKETS_USED","AT_TICKET_DESTINATION"
"SYN001407","SYNTHETIC","CHENNAI_ONE_STYLE","2026-09-24","24079","102","108712","Regular","2026-09-24_108712","morning","2026-09-24T09:37:00","10814","Music College Annamalai Puram","15","6225","Vaniyanchavadi Padma Adarsh School","44","2026-09-24T09:48:00","2026-09-24T10:37:00","1","60","ALL_TICKETS_USED","AT_TICKET_DESTINATION"
"SYN001408","SYNTHETIC","ETM_STYLE","2026-09-24","24079","102","108712","Regular","2026-09-24_108712","morning","2026-09-24T09:47:00","9128","Mrc Nagar","14","6358","Semmancheri","39","2026-09-24T09:47:00","2026-09-24T10:31:00","1","60","ALL_TICKETS_USED","AT_TICKET_DESTINATION"
"SYN001409","SYNTHETIC","CHENNAI_ONE_STYLE","2026-09-24","24079","102","108712","Regular","2026-09-24_108712","morning","2026-09-24T09:41:00","9318","Nochikuppam","11","6314","Ags Complex Navalur","40","2026-09-24T09:41:00","2026-09-24T10:32:00","3","60","ALL_TICKETS_USED","AT_TICKET_DESTINATION"
"SYN001410","SYNTHETIC","ETM_STYLE","2026-09-24","24079","102","108712","Regular","2026-09-24_108712","morning","2026-09-24T09:27:00","9782","High Court","2","6403","Satyabhama University","38","2026-09-24T09:27:00","2026-09-24T10:28:00","3","60","ALL_TICKETS_USED","AT_TICKET_DESTINATION"
"SYN001411","SYNTHETIC","ETM_STYLE","2026-09-24","24079","102","108712","Regular","2026-09-24_108712","morning","2026-09-24T09:35:00","10941","Kannagi Statue Shelter 1","7","6150","Hindustan College","48","2026-09-24T09:35:00","2026-09-24T10:41:00","2","60","ALL_TICKETS_USED","AT_TICKET_DESTINATION"
"SYN001412","SYNTHETIC","ETM_STYLE","2026-09-24","24079","102","108712","Regular","2026-09-24_108712","morning","2026-09-24T09:27:00","9782","High Court","2","6150","Hindustan College","48","2026-09-24T09:27:00","2026-09-24T10:41:00","1","60","ALL_TICKETS_USED","AT_TICKET_DESTINATION"
"SYN001413","SYNTHETIC","ETM_STYLE","2026-09-24","24079","102","108712","Regular","2026-09-24_108712","morning","2026-09-24T09:45:00","9158","Foreshore Estate Bus Terminus","13","6157","Padur","47","2026-09-24T09:45:00","2026-09-24T10:40:00","2","60","ALL_TICKETS_USED","AT_TICKET_DESTINATION"
"SYN001414","SYNTHETIC","CHENNAI_ONE_STYLE","2026-09-24","24079","102","108712","Regular","2026-09-24_108712","morning","2026-09-24T09:32:00","11192","Annasquare","6","6179","Akshaya Padur","46","2026-09-24T09:33:00","2026-09-24T10:39:00","2","60","ALL_TICKETS_USED","AT_TICKET_DESTINATION"
"SYN001415","SYNTHETIC","CHENNAI_ONE_STYLE","2026-09-24","24079","102","108712","Regular","2026-09-24_108712","morning","2026-09-24T09:42:00","5760","Adyar Signal","17","6125","Kelambakkam V A O Office","50","2026-09-24T09:51:00","2026-09-24T10:43:00","1","60","ALL_TICKETS_USED","AT_TICKET_DESTINATION"
"SYN001416","SYNTHETIC","CHENNAI_ONE_STYLE","2026-09-24","24079","102","108714","Regular","2026-09-24_108714","afternoon","2026-09-24T15:02:00","6132","Chettinad Hospital","49","6099","Kelambakkam Bus Terminal","51","2026-09-24T15:17:00","2026-09-24T15:20:00","3","60","ALL_TICKETS_USED","AT_TICKET_DESTINATION"
"SYN001417","SYNTHETIC","CHENNAI_ONE_STYLE","2026-09-24","24079","102","108714","Regular","2026-09-24_108714","afternoon","2026-09-24T14:21:00","5914","Jayanthi Theatre","20","6686","Okkiyampet","30","2026-09-24T14:33:00","2026-09-24T14:50:00","3","60","ALL_TICKETS_USED","AT_TICKET_DESTINATION"
"SYN001418","SYNTHETIC","ETM_STYLE","2026-09-24","24079","102","108714","Regular","2026-09-24_108714","afternoon","2026-09-24T14:53:00","6579","Karapakkam","32","9966","It Park Siruseri Or Muttukadu","43","2026-09-24T14:53:00","2026-09-24T15:11:00","1","60","ALL_TICKETS_USED","AT_TICKET_DESTINATION"
"SYN001419","SYNTHETIC","ETM_STYLE","2026-09-24","24079","102","108714","Regular","2026-09-24_108714","afternoon","2026-09-24T15:13:00","6198","Kazhipattur","45","6157","Padur","47","2026-09-24T15:13:00","2026-09-24T15:15:00","1","60","ALL_TICKETS_USED","AT_TICKET_DESTINATION"
"SYN001420","SYNTHETIC","ETM_STYLE","2026-09-24","24079","102","108714","Regular","2026-09-24_108714","afternoon","2026-09-24T15:07:00","6314","Ags Complex Navalur","40","6099","Kelambakkam Bus Terminal","51","2026-09-24T15:07:00","2026-09-24T15:20:00","1","60","ALL_TICKETS_USED","AT_TICKET_DESTINATION"
"SYN001421","SYNTHETIC","CHENNAI_ONE_STYLE","2026-09-24","24079","102","108714","Regular","2026-09-24_108714","afternoon","2026-09-24T14:03:00","2601","Marina Beach","8","8323","Mettukuppam","28","2026-09-24T14:11:00","2026-09-24T14:47:00","2","60","ALL_TICKETS_USED","AT_TICKET_DESTINATION"
"SYN001422","SYNTHETIC","ETM_STYLE","2026-09-24","24079","102","108714","Regular","2026-09-24_108714","afternoon","2026-09-24T15:08:00","9974","Navalur","41","6150","Hindustan College","48","2026-09-24T15:08:00","2026-09-24T15:16:00","1","60","ALL_TICKETS_USED","AT_TICKET_DESTINATION"
"SYN001423","SYNTHETIC","ETM_STYLE","2026-09-24","24079","102","108714","Regular","2026-09-24_108714","afternoon","2026-09-24T15:17:00","6132","Chettinad Hospital","49","6125","Kelambakkam V A O Office","50","2026-09-24T15:17:00","2026-09-24T15:18:00","1","60","ALL_TICKETS_USED","AT_TICKET_DESTINATION"
"SYN001424","SYNTHETIC","ETM_STYLE","2026-09-24","24079","102","108714","Regular","2026-09-24_108714","afternoon","2026-09-24T14:33:00","5914","Jayanthi Theatre","20","8693","Srp Tools","22","2026-09-24T14:33:00","2026-09-24T14:36:00","1","60","ALL_TICKETS_USED","AT_TICKET_DESTINATION"
"SYN001425","SYNTHETIC","ETM_STYLE","2026-09-24","24079","102","108714","Regular","2026-09-24_108714","afternoon","2026-09-24T14:55:00","10031","Dollar Or Accenture","33","6358","Semmancheri","39","2026-09-24T14:55:00","2026-09-24T15:06:00","2","60","ALL_TICKETS_USED","AT_TICKET_DESTINATION"
"SYN001426","SYNTHETIC","ETM_STYLE","2026-09-24","24079","102","108714","Regular","2026-09-24_108714","afternoon","2026-09-24T15:03:00","6403","Satyabhama University","38","6157","Padur","47","2026-09-24T15:03:00","2026-09-24T15:15:00","1","60","ALL_TICKETS_USED","AT_TICKET_DESTINATION"
"SYN001427","SYNTHETIC","ETM_STYLE","2026-09-24","24079","102","108714","Regular","2026-09-24_108714","afternoon","2026-09-24T14:59:00","6454","Ponniamman Kovil","36","6225","Vaniyanchavadi Padma Adarsh School","44","2026-09-24T14:59:00","2026-09-24T15:12:00","2","60","ALL_TICKETS_USED","AT_TICKET_DESTINATION"
"SYN001428","SYNTHETIC","ETM_STYLE","2026-09-24","24079","102","108714","Regular","2026-09-24_108714","afternoon","2026-09-24T14:26:00","5760","Adyar Signal","17","6150","Hindustan College","48","2026-09-24T14:26:00","2026-09-24T15:16:00","3","60","ALL_TICKETS_USED","AT_TICKET_DESTINATION"
"SYN001429","SYNTHETIC","ETM_STYLE","2026-09-24","24079","102","108716","Regular","2026-09-24_108716","evening","2026-09-24T19:06:00","9318","Nochikuppam","11","6099","Kelambakkam Bus Terminal","51","2026-09-24T19:06:00","2026-09-24T20:10:00","1","60","ALL_TICKETS_USED","AT_TICKET_DESTINATION"
"SYN001430","SYNTHETIC","ETM_STYLE","2026-09-24","24079","102","108716","Regular","2026-09-24_108716","evening","2026-09-24T19:00:00","10941","Kannagi Statue Shelter 1","7","9966","It Park Siruseri Or Muttukadu","43","2026-09-24T19:00:00","2026-09-24T20:01:00","1","60","ALL_TICKETS_USED","AT_TICKET_DESTINATION"
"SYN001431","SYNTHETIC","ETM_STYLE","2026-09-24","24079","102","108716","Regular","2026-09-24_108716","evening","2026-09-24T19:07:00","9262","Santhome Church","12","6269","Egattur","42","2026-09-24T19:07:00","2026-09-24T20:00:00","1","60","ALL_TICKETS_USED","AT_TICKET_DESTINATION"
"SYN001432","SYNTHETIC","ETM_STYLE","2026-09-24","24079","102","108716","Regular","2026-09-24_108716","evening","2026-09-24T19:03:00","5916","Vivekananda House","9","6358","Semmancheri","39","2026-09-24T19:03:00","2026-09-24T19:56:00","1","60","ALL_TICKETS_USED","AT_TICKET_DESTINATION"
"SYN001433","SYNTHETIC","ETM_STYLE","2026-09-24","24079","102","108716","Regular","2026-09-24_108716","evening","2026-09-24T18:57:00","5932","War Memorial","5","10012","Government School Shozhinganallur","35","2026-09-24T18:57:00","2026-09-24T19:48:00","1","60","ALL_TICKETS_USED","AT_TICKET_DESTINATION"
"SYN001434","SYNTHETIC","CHENNAI_ONE_STYLE","2026-09-24","24079","102","108716","Regular","2026-09-24_108716","evening","2026-09-24T19:03:00","5758","M.G.R Janaki College Or Sathya Studio","16","6099","Kelambakkam Bus Terminal","51","2026-09-24T19:14:00","2026-09-24T20:10:00","1","60","ALL_TICKETS_USED","AT_TICKET_DESTINATION"
"SYN001435","SYNTHETIC","ETM_STYLE","2026-09-24","24079","102","108716","Regular","2026-09-24_108716","evening","2026-09-24T19:06:00","9318","Nochikuppam","11","9974","Navalur","41","2026-09-24T19:06:00","2026-09-24T19:58:00","1","60","ALL_TICKETS_USED","AT_TICKET_DESTINATION"
"SYN001436","SYNTHETIC","ETM_STYLE","2026-09-24","24079","102","108716","Regular","2026-09-24_108716","evening","2026-09-24T18:57:00","5932","War Memorial","5","6179","Akshaya Padur","46","2026-09-24T18:57:00","2026-09-24T20:04:00","2","60","ALL_TICKETS_USED","AT_TICKET_DESTINATION"
"SYN001437","SYNTHETIC","ETM_STYLE","2026-09-24","24079","102","108716","Regular","2026-09-24_108716","evening","2026-09-24T19:06:00","9318","Nochikuppam","11","6358","Semmancheri","39","2026-09-24T19:06:00","2026-09-24T19:56:00","2","60","ALL_TICKETS_USED","AT_TICKET_DESTINATION"
"SYN001438","SYNTHETIC","ETM_STYLE","2026-09-24","24079","102","108716","Regular","2026-09-24_108716","evening","2026-09-24T19:12:00","9128","Mrc Nagar","14","9966","It Park Siruseri Or Muttukadu","43","2026-09-24T19:12:00","2026-09-24T20:01:00","1","60","ALL_TICKETS_USED","AT_TICKET_DESTINATION"
"SYN001439","SYNTHETIC","ETM_STYLE","2026-09-24","24079","102","108716","Regular","2026-09-24_108716","evening","2026-09-24T19:14:00","5758","M.G.R Janaki College Or Sathya Studio","16","6132","Chettinad Hospital","49","2026-09-24T19:14:00","2026-09-24T20:07:00","1","60","ALL_TICKETS_USED","AT_TICKET_DESTINATION"
"SYN001440","SYNTHETIC","ETM_STYLE","2026-09-24","24079","102","108716","Regular","2026-09-24_108716","evening","2026-09-24T19:10:00","9158","Foreshore Estate Bus Terminus","13","6150","Hindustan College","48","2026-09-24T19:10:00","2026-09-24T20:06:00","2","60","ALL_TICKETS_USED","AT_TICKET_DESTINATION"
"SYN001441","SYNTHETIC","ETM_STYLE","2026-09-24","24079","102","108716","Regular","2026-09-24_108716","evening","2026-09-24T19:03:00","5916","Vivekananda House","9","9974","Navalur","41","2026-09-24T19:03:00","2026-09-24T19:58:00","2","60","ALL_TICKETS_USED","AT_TICKET_DESTINATION"
"SYN001442","SYNTHETIC","ETM_STYLE","2026-09-24","24079","102","108716","Regular","2026-09-24_108716","evening","2026-09-24T19:16:00","5760","Adyar Signal","17","6454","Ponniamman Kovil","36","2026-09-24T19:16:00","2026-09-24T19:49:00","2","60","ALL_TICKETS_USED","AT_TICKET_DESTINATION"
"SYN001443","SYNTHETIC","ETM_STYLE","2026-09-24","24079","102","108716","Regular","2026-09-24_108716","evening","2026-09-24T18:57:00","5932","War Memorial","5","6403","Satyabhama University","38","2026-09-24T18:57:00","2026-09-24T19:53:00","1","60","ALL_TICKETS_USED","AT_TICKET_DESTINATION"
"SYN001444","SYNTHETIC","ETM_STYLE","2026-09-24","24079","102","108716","Regular","2026-09-24_108716","evening","2026-09-24T19:13:00","10814","Music College Annamalai Puram","15","10012","Government School Shozhinganallur","35","2026-09-24T19:13:00","2026-09-24T19:48:00","1","60","ALL_TICKETS_USED","AT_TICKET_DESTINATION"
"SYN001445","SYNTHETIC","ETM_STYLE","2026-09-24","24079","102","108716","Regular","2026-09-24_108716","evening","2026-09-24T18:52:00","9782","High Court","2","6403","Satyabhama University","38","2026-09-24T18:52:00","2026-09-24T19:53:00","1","60","ALL_TICKETS_USED","AT_TICKET_DESTINATION"
"SYN001446","SYNTHETIC","CHENNAI_ONE_STYLE","2026-09-24","24079","102","108716","Regular","2026-09-24_108716","evening","2026-09-24T19:12:00","5758","M.G.R Janaki College Or Sathya Studio","16","6150","Hindustan College","48","2026-09-24T19:14:00","2026-09-24T20:06:00","1","60","ALL_TICKETS_USED","AT_TICKET_DESTINATION"
"SYN001447","SYNTHETIC","CHENNAI_ONE_STYLE","2026-09-24","24079","102","108716","Regular","2026-09-24_108716","evening","2026-09-24T18:53:00","9318","Nochikuppam","11","6132","Chettinad Hospital","49","2026-09-24T19:06:00","2026-09-24T20:07:00","2","60","ALL_TICKETS_USED","AT_TICKET_DESTINATION"
"SYN001448","SYNTHETIC","ETM_STYLE","2026-09-24","24079","102","108716","Regular","2026-09-24_108716","evening","2026-09-24T18:52:00","9782","High Court","2","6150","Hindustan College","48","2026-09-24T18:52:00","2026-09-24T20:06:00","3","60","ALL_TICKETS_USED","AT_TICKET_DESTINATION"
"SYN001449","SYNTHETIC","CHENNAI_ONE_STYLE","2026-09-24","24079","102","108716","Regular","2026-09-24_108716","evening","2026-09-24T18:54:00","9318","Nochikuppam","11","6314","Ags Complex Navalur","40","2026-09-24T19:06:00","2026-09-24T19:57:00","1","60","ALL_TICKETS_USED","AT_TICKET_DESTINATION"
"SYN001450","SYNTHETIC","ETM_STYLE","2026-09-24","24079","102","108716","Regular","2026-09-24_108716","evening","2026-09-24T18:54:00","9783","Parrys Corner","3","6150","Hindustan College","48","2026-09-24T18:54:00","2026-09-24T20:06:00","2","60","ALL_TICKETS_USED","AT_TICKET_DESTINATION"
"SYN001451","SYNTHETIC","ETM_STYLE","2026-09-24","24079","102","108716","Regular","2026-09-24_108716","evening","2026-09-24T19:13:00","10814","Music College Annamalai Puram","15","6454","Ponniamman Kovil","36","2026-09-24T19:13:00","2026-09-24T19:49:00","1","60","ALL_TICKETS_USED","AT_TICKET_DESTINATION"
"SYN001452","SYNTHETIC","CHENNAI_ONE_STYLE","2026-09-24","24079","102","108716","Regular","2026-09-24_108716","evening","2026-09-24T19:10:00","9158","Foreshore Estate Bus Terminus","13","6150","Hindustan College","48","2026-09-24T19:10:00","2026-09-24T20:06:00","1","60","ALL_TICKETS_USED","AT_TICKET_DESTINATION"
"SYN001453","SYNTHETIC","CHENNAI_ONE_STYLE","2026-09-24","24079","102","108716","Regular","2026-09-24_108716","evening","2026-09-24T18:54:00","10941","Kannagi Statue Shelter 1","7","6454","Ponniamman Kovil","36","2026-09-24T19:00:00","2026-09-24T19:49:00","1","60","ALL_TICKETS_USED","AT_TICKET_DESTINATION"
"SYN001454","SYNTHETIC","ETM_STYLE","2026-09-24","24079","102","108716","Regular","2026-09-24_108716","evening","2026-09-24T18:45:00","11159","Island ground Terminus","1","6132","Chettinad Hospital","49","2026-09-24T18:45:00","2026-09-24T20:07:00","1","60","ALL_TICKETS_USED","AT_TICKET_DESTINATION"
"SYN001455","SYNTHETIC","ETM_STYLE","2026-09-24","24079","102","108716","Regular","2026-09-24_108716","evening","2026-09-24T19:04:00","5917","Queen Marys College","10","6150","Hindustan College","48","2026-09-24T19:04:00","2026-09-24T20:06:00","1","60","ALL_TICKETS_USED","AT_TICKET_DESTINATION"
"SYN001456","SYNTHETIC","ETM_STYLE","2026-09-24","24079","102","108716","Regular","2026-09-24_108716","evening","2026-09-24T18:52:00","9782","High Court","2","6358","Semmancheri","39","2026-09-24T18:52:00","2026-09-24T19:56:00","2","60","ALL_TICKETS_USED","AT_TICKET_DESTINATION"
"SYN001457","SYNTHETIC","ETM_STYLE","2026-09-24","24079","102","108716","Regular","2026-09-24_108716","evening","2026-09-24T19:04:00","5917","Queen Marys College","10","6454","Ponniamman Kovil","36","2026-09-24T19:04:00","2026-09-24T19:49:00","2","60","ALL_TICKETS_USED","AT_TICKET_DESTINATION"
"SYN001458","SYNTHETIC","ETM_STYLE","2026-09-24","24079","102","108716","Regular","2026-09-24_108716","evening","2026-09-24T19:01:00","2601","Marina Beach","8","6269","Egattur","42","2026-09-24T19:01:00","2026-09-24T20:00:00","1","60","ALL_TICKETS_USED","AT_TICKET_DESTINATION"
"SYN001459","SYNTHETIC","ETM_STYLE","2026-09-24","24079","102","108761","Regular","2026-09-24_108761","night","2026-09-24T20:26:00","2601","Marina Beach","8","6132","Chettinad Hospital","49","2026-09-24T20:26:00","2026-09-24T21:32:00","1","60","ALL_TICKETS_USED","AT_TICKET_DESTINATION"
"SYN001460","SYNTHETIC","CHENNAI_ONE_STYLE","2026-09-24","24079","102","108761","Regular","2026-09-24_108761","night","2026-09-24T20:51:00","10066","Ptc Quarters Or Mootakaran Chavadi","29","6622","Kcg College","31","2026-09-24T21:03:00","2026-09-24T21:06:00","2","60","ALL_TICKETS_USED","AT_TICKET_DESTINATION"
"SYN001461","SYNTHETIC","CHENNAI_ONE_STYLE","2026-09-24","24079","102","108761","Regular","2026-09-24_108761","night","2026-09-24T20:14:00","5932","War Memorial","5","9158","Foreshore Estate Bus Terminus","13","2026-09-24T20:22:00","2026-09-24T20:35:00","2","60","ALL_TICKETS_USED","AT_TICKET_DESTINATION"
"SYN001462","SYNTHETIC","ETM_STYLE","2026-09-24","24079","102","108761","Regular","2026-09-24_108761","night","2026-09-24T20:53:00","8624","I G P","23","6579","Karapakkam","32","2026-09-24T20:53:00","2026-09-24T21:08:00","1","60","ALL_TICKETS_USED","AT_TICKET_DESTINATION"
"SYN001463","SYNTHETIC","ETM_STYLE","2026-09-24","24079","102","108761","Regular","2026-09-24_108761","night","2026-09-24T20:31:00","9318","Nochikuppam","11","8542","Kandanchavadi","24","2026-09-24T20:31:00","2026-09-24T20:55:00","1","60","ALL_TICKETS_USED","AT_TICKET_DESTINATION"
"SYN001464","SYNTHETIC","ETM_STYLE","2026-09-24","24079","102","108761","Regular","2026-09-24_108761","night","2026-09-24T20:19:00","9783","Parrys Corner","3","6269","Egattur","42","2026-09-24T20:19:00","2026-09-24T21:25:00","1","60","ALL_TICKETS_USED","AT_TICKET_DESTINATION"
"SYN001465","SYNTHETIC","CHENNAI_ONE_STYLE","2026-09-24","24079","102","108761","Regular","2026-09-24_108761","night","2026-09-24T20:41:00","11149","Thiruvanmiyur Ration Shop","21","10012","Government School Shozhinganallur","35","2026-09-24T20:49:00","2026-09-24T21:13:00","2","60","ALL_TICKETS_USED","AT_TICKET_DESTINATION"
"SYN001466","SYNTHETIC","ETM_STYLE","2026-09-24","24079","102","108761","Regular","2026-09-24_108761","night","2026-09-24T21:30:00","6157","Padur","47","6125","Kelambakkam V A O Office","50","2026-09-24T21:30:00","2026-09-24T21:33:00","2","60","ALL_TICKETS_USED","AT_TICKET_DESTINATION"
"SYN001467","SYNTHETIC","CHENNAI_ONE_STYLE","2026-09-24","24079","102","108761","Regular","2026-09-24_108761","night","2026-09-24T20:31:00","5758","M.G.R Janaki College Or Sathya Studio","16","8481","Perungudi","25","2026-09-24T20:39:00","2026-09-24T20:56:00","1","60","ALL_TICKETS_USED","AT_TICKET_DESTINATION"
"SYN001468","SYNTHETIC","ETM_STYLE","2026-09-24","24079","102","108761","Regular","2026-09-24_108761","night","2026-09-24T20:26:00","2601","Marina Beach","8","6403","Satyabhama University","38","2026-09-24T20:26:00","2026-09-24T21:18:00","2","60","ALL_TICKETS_USED","AT_TICKET_DESTINATION"
"SYN001469","SYNTHETIC","ETM_STYLE","2026-09-24","24079","102","108761","Regular","2026-09-24_108761","night","2026-09-24T20:31:00","9318","Nochikuppam","11","6358","Semmancheri","39","2026-09-24T20:31:00","2026-09-24T21:21:00","3","60","ALL_TICKETS_USED","AT_TICKET_DESTINATION"
"SYN001470","SYNTHETIC","ETM_STYLE","2026-09-24","24079","102","108761","Regular","2026-09-24_108761","night","2026-09-24T21:18:00","6403","Satyabhama University","38","9974","Navalur","41","2026-09-24T21:18:00","2026-09-24T21:23:00","3","60","ALL_TICKETS_USED","AT_TICKET_DESTINATION"
"SYN001471","SYNTHETIC","ETM_STYLE","2026-09-24","21083","104 R","19334","Regular","2026-09-24_19334","morning","2026-09-24T09:46:00","6594","Irumbuliyur","2","7547","Kavangarai","25","2026-09-24T09:46:00","2026-09-24T10:45:00","1","60","ALL_TICKETS_USED","AT_TICKET_DESTINATION"
"SYN001472","SYNTHETIC","ETM_STYLE","2026-09-24","21083","104 R","19334","Regular","2026-09-24_19334","morning","2026-09-24T10:22:00","5730","Dunlop","7","7509","Puzhal Jail","24","2026-09-24T10:22:00","2026-09-24T10:44:00","2","60","ALL_TICKETS_USED","AT_TICKET_DESTINATION"
"SYN001473","SYNTHETIC","ETM_STYLE","2026-09-24","21083","104 R","19334","Regular","2026-09-24_19334","morning","2026-09-24T10:04:00","9374","Porur Toll Plaza","3","7585","Thandal Kazhani","26","2026-09-24T10:04:00","2026-09-24T10:47:00","3","60","ALL_TICKETS_USED","AT_TICKET_DESTINATION"
"SYN001474","SYNTHETIC","ETM_STYLE","2026-09-24","21083","104 R","19334","Regular","2026-09-24_19334","morning","2026-09-24T10:27:00","10429","Ambattur O.T Bus Stand","10","7599","Sri Nallaghu Polytechnic College","27","2026-09-24T10:27:00","2026-09-24T10:48:00","2","60","ALL_TICKETS_USED","AT_TICKET_DESTINATION"
"SYN001475","SYNTHETIC","ETM_STYLE","2026-09-24","21083","104 R","19334","Regular","2026-09-24_19334","morning","2026-09-24T10:23:00","5731","Ambattur Canara Bank","8","7547","Kavangarai","25","2026-09-24T10:23:00","2026-09-24T10:45:00","3","60","ALL_TICKETS_USED","AT_TICKET_DESTINATION"
"SYN001476","SYNTHETIC","ETM_STYLE","2026-09-24","21083","104 R","19334","Regular","2026-09-24_19334","morning","2026-09-24T10:25:00","6932","Uzhavar Santhai","9","7651","Ayurveda Ashramam","28","2026-09-24T10:25:00","2026-09-24T10:50:00","2","60","ALL_TICKETS_USED","AT_TICKET_DESTINATION"
"SYN001477","SYNTHETIC","ETM_STYLE","2026-09-24","21083","104 R","19334","Regular","2026-09-24_19334","morning","2026-09-24T10:27:00","10429","Ambattur O.T Bus Stand","10","7547","Kavangarai","25","2026-09-24T10:27:00","2026-09-24T10:45:00","1","60","ALL_TICKETS_USED","AT_TICKET_DESTINATION"
"SYN001478","SYNTHETIC","CHENNAI_ONE_STYLE","2026-09-24","21083","104 R","19334","Regular","2026-09-24_19334","morning","2026-09-24T09:38:00","6594","Irumbuliyur","2","7467","Screw Factory","23","2026-09-24T09:46:00","2026-09-24T10:43:00","3","60","ALL_TICKETS_USED","AT_TICKET_DESTINATION"
"SYN001479","SYNTHETIC","CHENNAI_ONE_STYLE","2026-09-24","21083","104 R","19334","Regular","2026-09-24_19334","morning","2026-09-24T09:59:00","9374","Porur Toll Plaza","3","7509","Puzhal Jail","24","2026-09-24T10:04:00","2026-09-24T10:44:00","2","60","ALL_TICKETS_USED","AT_TICKET_DESTINATION"
"SYN001480","SYNTHETIC","ETM_STYLE","2026-09-24","21083","104 R","19334","Regular","2026-09-24_19334","morning","2026-09-24T09:40:00","6693","Tambaram West Bus Stand","1","7467","Screw Factory","23","2026-09-24T09:40:00","2026-09-24T10:43:00","1","60","ALL_TICKETS_USED","AT_TICKET_DESTINATION"
"SYN001481","SYNTHETIC","ETM_STYLE","2026-09-24","21083","104 R","19334","Regular","2026-09-24_19334","morning","2026-09-24T10:21:00","6794","Ti Miller","6","7509","Puzhal Jail","24","2026-09-24T10:21:00","2026-09-24T10:44:00","1","60","ALL_TICKETS_USED","AT_TICKET_DESTINATION"
"SYN001482","SYNTHETIC","CHENNAI_ONE_STYLE","2026-09-24","21083","104 R","19334","Regular","2026-09-24_19334","morning","2026-09-24T10:02:00","9920","Ambattur Industrial Estate","5","7585","Thandal Kazhani","26","2026-09-24T10:17:00","2026-09-24T10:47:00","2","60","ALL_TICKETS_USED","AT_TICKET_DESTINATION"
"SYN001483","SYNTHETIC","CHENNAI_ONE_STYLE","2026-09-24","21083","104 R","19334","Regular","2026-09-24_19334","morning","2026-09-24T10:20:00","5730","Dunlop","7","7547","Kavangarai","25","2026-09-24T10:22:00","2026-09-24T10:45:00","1","60","ALL_TICKETS_USED","AT_TICKET_DESTINATION"
"SYN001484","SYNTHETIC","CHENNAI_ONE_STYLE","2026-09-24","21083","104 R","19334","Regular","2026-09-24_19334","morning","2026-09-24T10:13:00","10429","Ambattur O.T Bus Stand","10","7467","Screw Factory","23","2026-09-24T10:27:00","2026-09-24T10:43:00","1","60","ALL_TICKETS_USED","AT_TICKET_DESTINATION"
"SYN001485","SYNTHETIC","ETM_STYLE","2026-09-24","21083","104 R","19334","Regular","2026-09-24_19334","morning","2026-09-24T10:21:00","6794","Ti Miller","6","7681","Redhills Market","29","2026-09-24T10:21:00","2026-09-24T10:51:00","3","60","ALL_TICKETS_USED","AT_TICKET_DESTINATION"
"SYN001486","SYNTHETIC","ETM_STYLE","2026-09-24","21083","104 R","19334","Regular","2026-09-24_19334","morning","2026-09-24T10:23:00","5731","Ambattur Canara Bank","8","7599","Sri Nallaghu Polytechnic College","27","2026-09-24T10:23:00","2026-09-24T10:48:00","1","60","ALL_TICKETS_USED","AT_TICKET_DESTINATION"
"SYN001487","SYNTHETIC","ETM_STYLE","2026-09-24","21083","104 R","19334","Regular","2026-09-24_19334","morning","2026-09-24T10:23:00","5731","Ambattur Canara Bank","8","7651","Ayurveda Ashramam","28","2026-09-24T10:23:00","2026-09-24T10:50:00","1","60","ALL_TICKETS_USED","AT_TICKET_DESTINATION"
"SYN001488","SYNTHETIC","ETM_STYLE","2026-09-24","21083","104 R","19334","Regular","2026-09-24_19334","morning","2026-09-24T09:46:00","6594","Irumbuliyur","2","5578","Redhills Bus Terminus","30","2026-09-24T09:46:00","2026-09-24T10:52:00","3","60","ALL_TICKETS_USED","AT_TICKET_DESTINATION"
"SYN001489","SYNTHETIC","ETM_STYLE","2026-09-24","21083","104 R","19334","Regular","2026-09-24_19334","morning","2026-09-24T10:17:00","9920","Ambattur Industrial Estate","5","7427","Chocolate Company","21","2026-09-24T10:17:00","2026-09-24T10:41:00","1","60","ALL_TICKETS_USED","AT_TICKET_DESTINATION"
"SYN001490","SYNTHETIC","ETM_STYLE","2026-09-24","21083","104 R","19334","Regular","2026-09-24_19334","morning","2026-09-24T10:27:00","10429","Ambattur O.T Bus Stand","10","7509","Puzhal Jail","24","2026-09-24T10:27:00","2026-09-24T10:44:00","1","60","ALL_TICKETS_USED","AT_TICKET_DESTINATION"
"SYN001491","SYNTHETIC","ETM_STYLE","2026-09-24","21083","104 R","19334","Regular","2026-09-24_19334","morning","2026-09-24T10:25:00","6932","Uzhavar Santhai","9","7427","Chocolate Company","21","2026-09-24T10:25:00","2026-09-24T10:41:00","2","60","ALL_TICKETS_USED","AT_TICKET_DESTINATION"
"SYN001492","SYNTHETIC","ETM_STYLE","2026-09-24","21083","104 R","19334","Regular","2026-09-24_19334","morning","2026-09-24T10:23:00","5731","Ambattur Canara Bank","8","7681","Redhills Market","29","2026-09-24T10:23:00","2026-09-24T10:51:00","2","60","ALL_TICKETS_USED","AT_TICKET_DESTINATION"
"SYN001493","SYNTHETIC","CHENNAI_ONE_STYLE","2026-09-24","21083","104 R","19334","Regular","2026-09-24_19334","morning","2026-09-24T10:12:00","9920","Ambattur Industrial Estate","5","7509","Puzhal Jail","24","2026-09-24T10:17:00","2026-09-24T10:44:00","1","60","ALL_TICKETS_USED","AT_TICKET_DESTINATION"
"SYN001494","SYNTHETIC","CHENNAI_ONE_STYLE","2026-09-24","21083","104 R","19334","Regular","2026-09-24_19334","morning","2026-09-24T09:49:00","9374","Porur Toll Plaza","3","7509","Puzhal Jail","24","2026-09-24T10:04:00","2026-09-24T10:44:00","2","60","ALL_TICKETS_USED","AT_TICKET_DESTINATION"
"SYN001495","SYNTHETIC","ETM_STYLE","2026-09-24","21083","104 R","19334","Regular","2026-09-24_19334","morning","2026-09-24T10:23:00","5731","Ambattur Canara Bank","8","7547","Kavangarai","25","2026-09-24T10:23:00","2026-09-24T10:45:00","1","60","ALL_TICKETS_USED","AT_TICKET_DESTINATION"
"SYN001496","SYNTHETIC","ETM_STYLE","2026-09-24","21083","104 R","19334","Regular","2026-09-24_19334","morning","2026-09-24T10:16:00","10351","Ambattur I.T Park","4","7452","Omayal Achi College","22","2026-09-24T10:16:00","2026-09-24T10:42:00","1","60","ALL_TICKETS_USED","AT_TICKET_DESTINATION"
"SYN001497","SYNTHETIC","ETM_STYLE","2026-09-24","21083","104 R","19334","Regular","2026-09-24_19334","morning","2026-09-24T09:40:00","6693","Tambaram West Bus Stand","1","7547","Kavangarai","25","2026-09-24T09:40:00","2026-09-24T10:45:00","2","60","ALL_TICKETS_USED","AT_TICKET_DESTINATION"
"SYN001498","SYNTHETIC","ETM_STYLE","2026-09-24","21083","104 R","19334","Regular","2026-09-24_19334","morning","2026-09-24T10:17:00","9920","Ambattur Industrial Estate","5","7452","Omayal Achi College","22","2026-09-24T10:17:00","2026-09-24T10:42:00","1","60","ALL_TICKETS_USED","AT_TICKET_DESTINATION"
"SYN001499","SYNTHETIC","ETM_STYLE","2026-09-24","21083","104 R","19334","Regular","2026-09-24_19334","morning","2026-09-24T10:17:00","9920","Ambattur Industrial Estate","5","5578","Redhills Bus Terminus","30","2026-09-24T10:17:00","2026-09-24T10:52:00","2","60","ALL_TICKETS_USED","AT_TICKET_DESTINATION"
"SYN001500","SYNTHETIC","ETM_STYLE","2026-09-24","21083","104 R","19334","Regular","2026-09-24_19334","morning","2026-09-24T10:23:00","5731","Ambattur Canara Bank","8","7467","Screw Factory","23","2026-09-24T10:23:00","2026-09-24T10:43:00","3","60","ALL_TICKETS_USED","AT_TICKET_DESTINATION"
"SYN001501","SYNTHETIC","ETM_STYLE","2026-09-24","21083","104 R","19336","Regular","2026-09-24_19336","afternoon","2026-09-24T14:39:00","10469","Kallikuppam Kovil","15","7427","Chocolate Company","21","2026-09-24T14:39:00","2026-09-24T14:46:00","2","60","ALL_TICKETS_USED","AT_TICKET_DESTINATION"
"SYN001502","SYNTHETIC","ETM_STYLE","2026-09-24","21083","104 R","19336","Regular","2026-09-24_19336","afternoon","2026-09-24T14:30:00","6932","Uzhavar Santhai","9","7509","Puzhal Jail","24","2026-09-24T14:30:00","2026-09-24T14:49:00","2","60","ALL_TICKETS_USED","AT_TICKET_DESTINATION"
"SYN001503","SYNTHETIC","ETM_STYLE","2026-09-24","21083","104 R","19336","Regular","2026-09-24_19336","afternoon","2026-09-24T14:49:00","7509","Puzhal Jail","24","7651","Ayurveda Ashramam","28","2026-09-24T14:49:00","2026-09-24T14:55:00","2","60","ALL_TICKETS_USED","AT_TICKET_DESTINATION"
"SYN001504","SYNTHETIC","ETM_STYLE","2026-09-24","21083","104 R","19336","Regular","2026-09-24_19336","afternoon","2026-09-24T14:37:00","7186","Pudur","13","7681","Redhills Market","29","2026-09-24T14:37:00","2026-09-24T14:56:00","1","60","ALL_TICKETS_USED","AT_TICKET_DESTINATION"
"SYN001505","SYNTHETIC","CHENNAI_ONE_STYLE","2026-09-24","21083","104 R","19336","Regular","2026-09-24_19336","afternoon","2026-09-24T14:50:00","7585","Thandal Kazhani","26","7681","Redhills Market","29","2026-09-24T14:52:00","2026-09-24T14:56:00","2","60","ALL_TICKETS_USED","AT_TICKET_DESTINATION"
"SYN001506","SYNTHETIC","ETM_STYLE","2026-09-24","21083","104 R","19336","Regular","2026-09-24_19336","afternoon","2026-09-24T13:45:00","6693","Tambaram West Bus Stand","1","6794","Ti Miller","6","2026-09-24T13:45:00","2026-09-24T14:26:00","2","60","ALL_TICKETS_USED","AT_TICKET_DESTINATION"
"SYN001507","SYNTHETIC","ETM_STYLE","2026-09-24","21083","104 R","19336","Regular","2026-09-24_19336","afternoon","2026-09-24T14:46:00","7427","Chocolate Company","21","5578","Redhills Bus Terminus","30","2026-09-24T14:46:00","2026-09-24T14:57:00","1","60","ALL_TICKETS_USED","AT_TICKET_DESTINATION"
"SYN001508","SYNTHETIC","CHENNAI_ONE_STYLE","2026-09-24","21083","104 R","19336","Regular","2026-09-24_19336","afternoon","2026-09-24T14:22:00","5730","Dunlop","7","7057","Raaki Theatre","11","2026-09-24T14:27:00","2026-09-24T14:34:00","3","60","ALL_TICKETS_USED","AT_TICKET_DESTINATION"
"SYN001509","SYNTHETIC","CHENNAI_ONE_STYLE","2026-09-24","21083","104 R","19336","Regular","2026-09-24_19336","afternoon","2026-09-24T14:33:00","7203","Kallikuppam","16","7333","Sivaprakasam Nagar","18","2026-09-24T14:40:00","2026-09-24T14:43:00","1","60","ALL_TICKETS_USED","AT_TICKET_DESTINATION"
"SYN001510","SYNTHETIC","ETM_STYLE","2026-09-24","21083","104 R","19336","Regular","2026-09-24_19336","afternoon","2026-09-24T14:56:00","7681","Redhills Market","29","5578","Redhills Bus Terminus","30","2026-09-24T14:56:00","2026-09-24T14:57:00","1","60","ALL_TICKETS_USED","AT_TICKET_DESTINATION"
"SYN001511","SYNTHETIC","CHENNAI_ONE_STYLE","2026-09-24","21083","104 R","19336","Regular","2026-09-24_19336","afternoon","2026-09-24T14:47:00","7547","Kavangarai","25","5578","Redhills Bus Terminus","30","2026-09-24T14:50:00","2026-09-24T14:57:00","2","60","ALL_TICKETS_USED","AT_TICKET_DESTINATION"
"SYN001512","SYNTHETIC","ETM_STYLE","2026-09-24","21083","104 R","19336","Regular","2026-09-24_19336","afternoon","2026-09-24T14:35:00","7129","Oragadam","12","10469","Kallikuppam Kovil","15","2026-09-24T14:35:00","2026-09-24T14:39:00","1","60","ALL_TICKETS_USED","AT_TICKET_DESTINATION"
"SYN001513","SYNTHETIC","ETM_STYLE","2026-09-24","21083","104 R","19336","Regular","2026-09-24_19336","afternoon","2026-09-24T14:49:00","7509","Puzhal Jail","24","7651","Ayurveda Ashramam","28","2026-09-24T14:49:00","2026-09-24T14:55:00","2","60","ALL_TICKETS_USED","AT_TICKET_DESTINATION"
"SYN001514","SYNTHETIC","ETM_STYLE","2026-09-24","21083","104 R","19338","Regular","2026-09-24_19338","evening","2026-09-24T18:32:00","9920","Ambattur Industrial Estate","5","7651","Ayurveda Ashramam","28","2026-09-24T18:32:00","2026-09-24T19:05:00","2","60","ALL_TICKETS_USED","AT_TICKET_DESTINATION"
"SYN001515","SYNTHETIC","ETM_STYLE","2026-09-24","21083","104 R","19338","Regular","2026-09-24_19338","evening","2026-09-24T17:55:00","6693","Tambaram West Bus Stand","1","7509","Puzhal Jail","24","2026-09-24T17:55:00","2026-09-24T18:59:00","3","60","ALL_TICKETS_USED","AT_TICKET_DESTINATION"
"SYN001516","SYNTHETIC","ETM_STYLE","2026-09-24","21083","104 R","19338","Regular","2026-09-24_19338","evening","2026-09-24T18:37:00","5730","Dunlop","7","7452","Omayal Achi College","22","2026-09-24T18:37:00","2026-09-24T18:57:00","1","60","ALL_TICKETS_USED","AT_TICKET_DESTINATION"
"SYN001517","SYNTHETIC","ETM_STYLE","2026-09-24","21083","104 R","19338","Regular","2026-09-24_19338","evening","2026-09-24T18:19:00","9374","Porur Toll Plaza","3","7547","Kavangarai","25","2026-09-24T18:19:00","2026-09-24T19:00:00","1","60","ALL_TICKETS_USED","AT_TICKET_DESTINATION"
"SYN001518","SYNTHETIC","ETM_STYLE","2026-09-24","21083","104 R","19338","Regular","2026-09-24_19338","evening","2026-09-24T18:32:00","9920","Ambattur Industrial Estate","5","7427","Chocolate Company","21","2026-09-24T18:32:00","2026-09-24T18:56:00","1","60","ALL_TICKETS_USED","AT_TICKET_DESTINATION"
"SYN001519","SYNTHETIC","CHENNAI_ONE_STYLE","2026-09-24","21083","104 R","19338","Regular","2026-09-24_19338","evening","2026-09-24T18:33:00","6932","Uzhavar Santhai","9","7509","Puzhal Jail","24","2026-09-24T18:40:00","2026-09-24T18:59:00","1","60","ALL_TICKETS_USED","AT_TICKET_DESTINATION"
"SYN001520","SYNTHETIC","ETM_STYLE","2026-09-24","21083","104 R","19338","Regular","2026-09-24_19338","evening","2026-09-24T18:40:00","6932","Uzhavar Santhai","9","5578","Redhills Bus Terminus","30","2026-09-24T18:40:00","2026-09-24T19:07:00","1","60","ALL_TICKETS_USED","AT_TICKET_DESTINATION"
"SYN001521","SYNTHETIC","ETM_STYLE","2026-09-24","21083","104 R","19338","Regular","2026-09-24_19338","evening","2026-09-24T18:40:00","6932","Uzhavar Santhai","9","7681","Redhills Market","29","2026-09-24T18:40:00","2026-09-24T19:06:00","1","60","ALL_TICKETS_USED","AT_TICKET_DESTINATION"
"SYN001522","SYNTHETIC","ETM_STYLE","2026-09-24","21083","104 R","19338","Regular","2026-09-24_19338","evening","2026-09-24T18:38:00","5731","Ambattur Canara Bank","8","7585","Thandal Kazhani","26","2026-09-24T18:38:00","2026-09-24T19:02:00","2","60","ALL_TICKETS_USED","AT_TICKET_DESTINATION"
"SYN001523","SYNTHETIC","ETM_STYLE","2026-09-24","21083","104 R","19338","Regular","2026-09-24_19338","evening","2026-09-24T18:19:00","9374","Porur Toll Plaza","3","7427","Chocolate Company","21","2026-09-24T18:19:00","2026-09-24T18:56:00","2","60","ALL_TICKETS_USED","AT_TICKET_DESTINATION"
"SYN001524","SYNTHETIC","ETM_STYLE","2026-09-24","21083","104 R","19338","Regular","2026-09-24_19338","evening","2026-09-24T18:32:00","9920","Ambattur Industrial Estate","5","7599","Sri Nallaghu Polytechnic College","27","2026-09-24T18:32:00","2026-09-24T19:03:00","1","60","ALL_TICKETS_USED","AT_TICKET_DESTINATION"
"SYN001525","SYNTHETIC","ETM_STYLE","2026-09-24","21083","104 R","19338","Regular","2026-09-24_19338","evening","2026-09-24T18:01:00","6594","Irumbuliyur","2","7467","Screw Factory","23","2026-09-24T18:01:00","2026-09-24T18:58:00","1","60","ALL_TICKETS_USED","AT_TICKET_DESTINATION"
"SYN001526","SYNTHETIC","CHENNAI_ONE_STYLE","2026-09-24","21083","104 R","19338","Regular","2026-09-24_19338","evening","2026-09-24T18:34:00","5731","Ambattur Canara Bank","8","5578","Redhills Bus Terminus","30","2026-09-24T18:38:00","2026-09-24T19:07:00","1","60","ALL_TICKETS_USED","AT_TICKET_DESTINATION"
"SYN001527","SYNTHETIC","CHENNAI_ONE_STYLE","2026-09-24","21083","104 R","19338","Regular","2026-09-24_19338","evening","2026-09-24T18:17:00","9374","Porur Toll Plaza","3","7599","Sri Nallaghu Polytechnic College","27","2026-09-24T18:19:00","2026-09-24T19:03:00","1","60","ALL_TICKETS_USED","AT_TICKET_DESTINATION"
"SYN001528","SYNTHETIC","CHENNAI_ONE_STYLE","2026-09-24","21083","104 R","19338","Regular","2026-09-24_19338","evening","2026-09-24T18:27:00","6794","Ti Miller","6","7681","Redhills Market","29","2026-09-24T18:36:00","2026-09-24T19:06:00","2","60","ALL_TICKETS_USED","AT_TICKET_DESTINATION"
"SYN001529","SYNTHETIC","ETM_STYLE","2026-09-24","21083","104 R","19338","Regular","2026-09-24_19338","evening","2026-09-24T18:38:00","5731","Ambattur Canara Bank","8","5578","Redhills Bus Terminus","30","2026-09-24T18:38:00","2026-09-24T19:07:00","1","60","ALL_TICKETS_USED","AT_TICKET_DESTINATION"
"SYN001530","SYNTHETIC","CHENNAI_ONE_STYLE","2026-09-24","21083","104 R","19338","Regular","2026-09-24_19338","evening","2026-09-24T17:47:00","6693","Tambaram West Bus Stand","1","7599","Sri Nallaghu Polytechnic College","27","2026-09-24T17:55:00","2026-09-24T19:03:00","2","60","ALL_TICKETS_USED","AT_TICKET_DESTINATION"
"SYN001531","SYNTHETIC","ETM_STYLE","2026-09-24","21083","104 R","19338","Regular","2026-09-24_19338","evening","2026-09-24T17:55:00","6693","Tambaram West Bus Stand","1","7651","Ayurveda Ashramam","28","2026-09-24T17:55:00","2026-09-24T19:05:00","1","60","ALL_TICKETS_USED","AT_TICKET_DESTINATION"
"SYN001532","SYNTHETIC","ETM_STYLE","2026-09-24","21083","104 R","19338","Regular","2026-09-24_19338","evening","2026-09-24T18:38:00","5731","Ambattur Canara Bank","8","7467","Screw Factory","23","2026-09-24T18:38:00","2026-09-24T18:58:00","1","60","ALL_TICKETS_USED","AT_TICKET_DESTINATION"
"SYN001533","SYNTHETIC","ETM_STYLE","2026-09-24","21083","104 R","19338","Regular","2026-09-24_19338","evening","2026-09-24T18:36:00","6794","Ti Miller","6","7585","Thandal Kazhani","26","2026-09-24T18:36:00","2026-09-24T19:02:00","2","60","ALL_TICKETS_USED","AT_TICKET_DESTINATION"
"SYN001534","SYNTHETIC","ETM_STYLE","2026-09-24","21083","104 R","19338","Regular","2026-09-24_19338","evening","2026-09-24T18:38:00","5731","Ambattur Canara Bank","8","7681","Redhills Market","29","2026-09-24T18:38:00","2026-09-24T19:06:00","1","60","ALL_TICKETS_USED","AT_TICKET_DESTINATION"
"SYN001535","SYNTHETIC","ETM_STYLE","2026-09-24","21083","104 R","19338","Regular","2026-09-24_19338","evening","2026-09-24T18:36:00","6794","Ti Miller","6","7599","Sri Nallaghu Polytechnic College","27","2026-09-24T18:36:00","2026-09-24T19:03:00","1","60","ALL_TICKETS_USED","AT_TICKET_DESTINATION"
"SYN001536","SYNTHETIC","ETM_STYLE","2026-09-24","21083","104 R","19338","Regular","2026-09-24_19338","evening","2026-09-24T18:36:00","6794","Ti Miller","6","7585","Thandal Kazhani","26","2026-09-24T18:36:00","2026-09-24T19:02:00","2","60","ALL_TICKETS_USED","AT_TICKET_DESTINATION"
"SYN001537","SYNTHETIC","ETM_STYLE","2026-09-24","21083","104 R","19338","Regular","2026-09-24_19338","evening","2026-09-24T18:01:00","6594","Irumbuliyur","2","7651","Ayurveda Ashramam","28","2026-09-24T18:01:00","2026-09-24T19:05:00","1","60","ALL_TICKETS_USED","AT_TICKET_DESTINATION"
"SYN001538","SYNTHETIC","ETM_STYLE","2026-09-24","21083","104 R","19338","Regular","2026-09-24_19338","evening","2026-09-24T18:31:00","10351","Ambattur I.T Park","4","7509","Puzhal Jail","24","2026-09-24T18:31:00","2026-09-24T18:59:00","3","60","ALL_TICKETS_USED","AT_TICKET_DESTINATION"
"SYN001539","SYNTHETIC","ETM_STYLE","2026-09-24","21083","104 R","19338","Regular","2026-09-24_19338","evening","2026-09-24T18:32:00","9920","Ambattur Industrial Estate","5","7452","Omayal Achi College","22","2026-09-24T18:32:00","2026-09-24T18:57:00","1","60","ALL_TICKETS_USED","AT_TICKET_DESTINATION"
"SYN001540","SYNTHETIC","ETM_STYLE","2026-09-24","21083","104 R","19338","Regular","2026-09-24_19338","evening","2026-09-24T18:32:00","9920","Ambattur Industrial Estate","5","7452","Omayal Achi College","22","2026-09-24T18:32:00","2026-09-24T18:57:00","2","60","ALL_TICKETS_USED","AT_TICKET_DESTINATION"
"SYN001541","SYNTHETIC","ETM_STYLE","2026-09-24","21083","104 R","19338","Regular","2026-09-24_19338","evening","2026-09-24T17:55:00","6693","Tambaram West Bus Stand","1","7651","Ayurveda Ashramam","28","2026-09-24T17:55:00","2026-09-24T19:05:00","1","60","ALL_TICKETS_USED","AT_TICKET_DESTINATION"
"SYN001542","SYNTHETIC","ETM_STYLE","2026-09-24","21083","104 R","19338","Regular","2026-09-24_19338","evening","2026-09-24T18:01:00","6594","Irumbuliyur","2","7547","Kavangarai","25","2026-09-24T18:01:00","2026-09-24T19:00:00","1","60","ALL_TICKETS_USED","AT_TICKET_DESTINATION"
"SYN001543","SYNTHETIC","ETM_STYLE","2026-09-24","21083","104 R","19338","Regular","2026-09-24_19338","evening","2026-09-24T18:40:00","6932","Uzhavar Santhai","9","7681","Redhills Market","29","2026-09-24T18:40:00","2026-09-24T19:06:00","3","60","ALL_TICKETS_USED","AT_TICKET_DESTINATION"
"SYN001544","SYNTHETIC","ETM_STYLE","2026-09-24","21083","104 R","22233","Regular","2026-09-24_22233","night","2026-09-24T21:12:00","7585","Thandal Kazhani","26","7651","Ayurveda Ashramam","28","2026-09-24T21:12:00","2026-09-24T21:15:00","1","60","ALL_TICKETS_USED","AT_TICKET_DESTINATION"
"SYN001545","SYNTHETIC","CHENNAI_ONE_STYLE","2026-09-24","21083","104 R","22233","Regular","2026-09-24_22233","night","2026-09-24T20:59:00","7333","Sivaprakasam Nagar","18","7452","Omayal Achi College","22","2026-09-24T21:03:00","2026-09-24T21:07:00","1","60","ALL_TICKETS_USED","AT_TICKET_DESTINATION"
"SYN001546","SYNTHETIC","ETM_STYLE","2026-09-24","21083","104 R","22233","Regular","2026-09-24_22233","night","2026-09-24T21:13:00","7599","Sri Nallaghu Polytechnic College","27","5578","Redhills Bus Terminus","30","2026-09-24T21:13:00","2026-09-24T21:17:00","3","60","ALL_TICKETS_USED","AT_TICKET_DESTINATION"
"SYN001547","SYNTHETIC","ETM_STYLE","2026-09-24","21083","104 R","22233","Regular","2026-09-24_22233","night","2026-09-24T20:46:00","6794","Ti Miller","6","7186","Pudur","13","2026-09-24T20:46:00","2026-09-24T20:57:00","1","60","ALL_TICKETS_USED","AT_TICKET_DESTINATION"
"SYN001548","SYNTHETIC","ETM_STYLE","2026-09-24","21083","104 R","22233","Regular","2026-09-24_22233","night","2026-09-24T20:48:00","5731","Ambattur Canara Bank","8","7681","Redhills Market","29","2026-09-24T20:48:00","2026-09-24T21:16:00","2","60","ALL_TICKETS_USED","AT_TICKET_DESTINATION"
"SYN001549","SYNTHETIC","ETM_STYLE","2026-09-24","21083","104 R","22233","Regular","2026-09-24_22233","night","2026-09-24T21:03:00","7333","Sivaprakasam Nagar","18","7467","Screw Factory","23","2026-09-24T21:03:00","2026-09-24T21:08:00","1","60","ALL_TICKETS_USED","AT_TICKET_DESTINATION"
"SYN001550","SYNTHETIC","ETM_STYLE","2026-09-24","21083","104 R","22233","Regular","2026-09-24_22233","night","2026-09-24T20:55:00","7129","Oragadam","12","5578","Redhills Bus Terminus","30","2026-09-24T20:55:00","2026-09-24T21:17:00","1","60","ALL_TICKETS_USED","AT_TICKET_DESTINATION"
"SYN001551","SYNTHETIC","CHENNAI_ONE_STYLE","2026-09-24","21083","104 R","22233","Regular","2026-09-24_22233","night","2026-09-24T20:58:00","7585","Thandal Kazhani","26","7651","Ayurveda Ashramam","28","2026-09-24T21:12:00","2026-09-24T21:15:00","2","60","ALL_TICKETS_USED","AT_TICKET_DESTINATION"
"SYN001552","SYNTHETIC","ETM_STYLE","2026-09-24","21083","104 R","22233","Regular","2026-09-24_22233","night","2026-09-24T20:52:00","10429","Ambattur O.T Bus Stand","10","7333","Sivaprakasam Nagar","18","2026-09-24T20:52:00","2026-09-24T21:03:00","2","60","ALL_TICKETS_USED","AT_TICKET_DESTINATION"
"SYN001553","SYNTHETIC","ETM_STYLE","2026-09-24","21083","104 R","22233","Regular","2026-09-24_22233","night","2026-09-24T21:08:00","7467","Screw Factory","23","7509","Puzhal Jail","24","2026-09-24T21:08:00","2026-09-24T21:09:00","2","60","ALL_TICKETS_USED","AT_TICKET_DESTINATION"
"SYN001554","SYNTHETIC","CHENNAI_ONE_STYLE","2026-09-24","21083","104 R","22233","Regular","2026-09-24_22233","night","2026-09-24T20:58:00","7427","Chocolate Company","21","7599","Sri Nallaghu Polytechnic College","27","2026-09-24T21:06:00","2026-09-24T21:13:00","3","60","ALL_TICKETS_USED","AT_TICKET_DESTINATION"
"SYN001555","SYNTHETIC","CHENNAI_ONE_STYLE","2026-09-24","21083","104 R","22233","Regular","2026-09-24_22233","night","2026-09-24T20:47:00","5730","Dunlop","7","7345","Surapet","19","2026-09-24T20:47:00","2026-09-24T21:04:00","2","60","ALL_TICKETS_USED","AT_TICKET_DESTINATION"
"SYN001556","SYNTHETIC","ETM_STYLE","2026-09-24","16821","105","14448","Regular","2026-09-24_14448","morning","2026-09-24T08:36:00","6408","Ramakrishna Nagar","15","6614","Vijaya Nagaram","31","2026-09-24T08:36:00","2026-09-24T08:59:00","1","60","ALL_TICKETS_USED","AT_TICKET_DESTINATION"
"SYN001557","SYNTHETIC","ETM_STYLE","2026-09-24","16821","105","14448","Regular","2026-09-24_14448","morning","2026-09-24T08:20:00","6272","Egattur","5","6608","Vengaivasal Road Junction","32","2026-09-24T08:20:00","2026-09-24T09:00:00","1","60","ALL_TICKETS_USED","AT_TICKET_DESTINATION"
"SYN001558","SYNTHETIC","ETM_STYLE","2026-09-24","16821","105","14448","Regular","2026-09-24_14448","morning","2026-09-24T08:33:00","6363","Ottiyambakkam","13","6656","Poondi Bazaar","42","2026-09-24T08:33:00","2026-09-24T09:12:00","1","60","ALL_TICKETS_USED","AT_TICKET_DESTINATION"
"SYN001559","SYNTHETIC","CHENNAI_ONE_STYLE","2026-09-24","16821","105","14448","Regular","2026-09-24_14448","morning","2026-09-24T08:17:00","6303","Thalambur","10","6662","Tambaram East Bus Stop","44","2026-09-24T08:28:00","2026-09-24T09:14:00","2","60","ALL_TICKETS_USED","AT_TICKET_DESTINATION"
"SYN001560","SYNTHETIC","CHENNAI_ONE_STYLE","2026-09-24","16821","105","14448","Regular","2026-09-24_14448","morning","2026-09-24T08:08:00","9967","It Park Siruseri Or Muttukadu","4","6614","Vijaya Nagaram","31","2026-09-24T08:19:00","2026-09-24T08:59:00","3","60","ALL_TICKETS_USED","AT_TICKET_DESTINATION"
"SYN001561","SYNTHETIC","ETM_STYLE","2026-09-24","16821","105","14448","Regular","2026-09-24_14448","morning","2026-09-24T08:35:00","6389","Tellus Avenue","14","6651","East Tambaram Convent","41","2026-09-24T08:35:00","2026-09-24T09:11:00","2","60","ALL_TICKETS_USED","AT_TICKET_DESTINATION"
"SYN001562","SYNTHETIC","CHENNAI_ONE_STYLE","2026-09-24","16821","105","14448","Regular","2026-09-24_14448","morning","2026-09-24T08:17:00","6303","Thalambur","10","6647","Aathi Nagar","40","2026-09-24T08:28:00","2026-09-24T09:10:00","3","60","ALL_TICKETS_USED","AT_TICKET_DESTINATION"
"SYN001563","SYNTHETIC","CHENNAI_ONE_STYLE","2026-09-24","16821","105","14448","Regular","2026-09-24_14448","morning","2026-09-24T08:07:00","6240","Tcs Gate 1","3","6656","Poondi Bazaar","42","2026-09-24T08:17:00","2026-09-24T09:12:00","2","60","ALL_TICKETS_USED","AT_TICKET_DESTINATION"
"SYN001564","SYNTHETIC","CHENNAI_ONE_STYLE","2026-09-24","16821","105","14448","Regular","2026-09-24_14448","morning","2026-09-24T08:12:00","6224","Sipcot Industrial Park","2","6643","Selaiyur","39","2026-09-24T08:16:00","2026-09-24T09:09:00","1","60","ALL_TICKETS_USED","AT_TICKET_DESTINATION"
"SYN001565","SYNTHETIC","ETM_STYLE","2026-09-24","16821","105","14448","Regular","2026-09-24_14448","morning","2026-09-24T08:35:00","6389","Tellus Avenue","14","6625","Santhosapuram","33","2026-09-24T08:35:00","2026-09-24T09:01:00","1","60","ALL_TICKETS_USED","AT_TICKET_DESTINATION"
"SYN001566","SYNTHETIC","ETM_STYLE","2026-09-24","16821","105","14448","Regular","2026-09-24_14448","morning","2026-09-24T08:28:00","6303","Thalambur","10","6644","Mahalakshmi Nagar","38","2026-09-24T08:28:00","2026-09-24T09:07:00","3","60","ALL_TICKETS_USED","AT_TICKET_DESTINATION"
"SYN001567","SYNTHETIC","CHENNAI_ONE_STYLE","2026-09-24","16821","105","14448","Regular","2026-09-24_14448","morning","2026-09-24T08:12:00","6240","Tcs Gate 1","3","6651","East Tambaram Convent","41","2026-09-24T08:17:00","2026-09-24T09:11:00","1","60","ALL_TICKETS_USED","AT_TICKET_DESTINATION"
"SYN001568","SYNTHETIC","ETM_STYLE","2026-09-24","16821","105","14448","Regular","2026-09-24_14448","morning","2026-09-24T08:15:00","9960","Siruseri It Park","1","6658","Tambaram Railway Station East","43","2026-09-24T08:15:00","2026-09-24T09:13:00","1","60","ALL_TICKETS_USED","AT_TICKET_DESTINATION"
"SYN001569","SYNTHETIC","ETM_STYLE","2026-09-24","16821","105","14448","Regular","2026-09-24_14448","morning","2026-09-24T08:28:00","6303","Thalambur","10","6651","East Tambaram Convent","41","2026-09-24T08:28:00","2026-09-24T09:11:00","2","60","ALL_TICKETS_USED","AT_TICKET_DESTINATION"
"SYN001570","SYNTHETIC","CHENNAI_ONE_STYLE","2026-09-24","16821","105","14448","Regular","2026-09-24_14448","morning","2026-09-24T08:23:00","9976","Navalur","6","6647","Aathi Nagar","40","2026-09-24T08:23:00","2026-09-24T09:10:00","1","60","ALL_TICKETS_USED","AT_TICKET_DESTINATION"
"SYN001571","SYNTHETIC","ETM_STYLE","2026-09-24","16821","105","14448","Regular","2026-09-24_14448","morning","2026-09-24T08:25:00","6307","Kakkan Nagar","7","6647","Aathi Nagar","40","2026-09-24T08:25:00","2026-09-24T09:10:00","2","60","ALL_TICKETS_USED","AT_TICKET_DESTINATION"
"SYN001572","SYNTHETIC","CHENNAI_ONE_STYLE","2026-09-24","16821","105","14448","Regular","2026-09-24_14448","morning","2026-09-24T08:21:00","6408","Ramakrishna Nagar","15","6666","Kamarajapuram","37","2026-09-24T08:36:00","2026-09-24T09:05:00","1","60","ALL_TICKETS_USED","AT_TICKET_DESTINATION"
"SYN001573","SYNTHETIC","ETM_STYLE","2026-09-24","16821","105","14448","Regular","2026-09-24_14448","morning","2026-09-24T08:35:00","6389","Tellus Avenue","14","6614","Vijaya Nagaram","31","2026-09-24T08:35:00","2026-09-24T08:59:00","2","60","ALL_TICKETS_USED","AT_TICKET_DESTINATION"
"SYN001574","SYNTHETIC","ETM_STYLE","2026-09-24","16821","105","14448","Regular","2026-09-24_14448","morning","2026-09-24T08:20:00","6272","Egattur","5","6614","Vijaya Nagaram","31","2026-09-24T08:20:00","2026-09-24T08:59:00","1","60","ALL_TICKETS_USED","AT_TICKET_DESTINATION"
"SYN001575","SYNTHETIC","ETM_STYLE","2026-09-24","16821","105","14448","Regular","2026-09-24_14448","morning","2026-09-24T08:19:00","9967","It Park Siruseri Or Muttukadu","4","6625","Santhosapuram","33","2026-09-24T08:19:00","2026-09-24T09:01:00","2","60","ALL_TICKETS_USED","AT_TICKET_DESTINATION"
"SYN001576","SYNTHETIC","CHENNAI_ONE_STYLE","2026-09-24","16821","105","14448","Regular","2026-09-24_14448","morning","2026-09-24T08:07:00","6272","Egattur","5","6651","East Tambaram Convent","41","2026-09-24T08:20:00","2026-09-24T09:11:00","1","60","ALL_TICKETS_USED","AT_TICKET_DESTINATION"
"SYN001577","SYNTHETIC","CHENNAI_ONE_STYLE","2026-09-24","16821","105","14448","Regular","2026-09-24_14448","morning","2026-09-24T08:10:00","9960","Siruseri It Park","1","6647","Aathi Nagar","40","2026-09-24T08:15:00","2026-09-24T09:10:00","1","60","ALL_TICKETS_USED","AT_TICKET_DESTINATION"
"SYN001578","SYNTHETIC","ETM_STYLE","2026-09-24","16821","105","14448","Regular","2026-09-24_14448","morning","2026-09-24T08:29:00","6332","Karanai Colony","11","6614","Vijaya Nagaram","31","2026-09-24T08:29:00","2026-09-24T08:59:00","2","60","ALL_TICKETS_USED","AT_TICKET_DESTINATION"
"SYN001579","SYNTHETIC","ETM_STYLE","2026-09-24","16821","105","14448","Regular","2026-09-24_14448","morning","2026-09-24T08:23:00","9976","Navalur","6","10049","S.I.V.E.T","34","2026-09-24T08:23:00","2026-09-24T09:02:00","2","60","ALL_TICKETS_USED","AT_TICKET_DESTINATION"
"SYN001580","SYNTHETIC","ETM_STYLE","2026-09-24","16821","105","14448","Regular","2026-09-24_14448","morning","2026-09-24T08:17:00","6240","Tcs Gate 1","3","6662","Tambaram East Bus Stop","44","2026-09-24T08:17:00","2026-09-24T09:14:00","1","60","ALL_TICKETS_USED","AT_TICKET_DESTINATION"
"SYN001581","SYNTHETIC","CHENNAI_ONE_STYLE","2026-09-24","16821","105","14448","Regular","2026-09-24_14448","morning","2026-09-24T08:07:00","9960","Siruseri It Park","1","10049","S.I.V.E.T","34","2026-09-24T08:15:00","2026-09-24T09:02:00","2","60","ALL_TICKETS_USED","AT_TICKET_DESTINATION"
"SYN001582","SYNTHETIC","CHENNAI_ONE_STYLE","2026-09-24","16821","105","14448","Regular","2026-09-24_14448","morning","2026-09-24T08:22:00","6303","Thalambur","10","6638","Prince College","35","2026-09-24T08:28:00","2026-09-24T09:03:00","2","60","ALL_TICKETS_USED","AT_TICKET_DESTINATION"
"SYN001583","SYNTHETIC","CHENNAI_ONE_STYLE","2026-09-24","16821","105","14448","Regular","2026-09-24_14448","morning","2026-09-24T08:24:00","6389","Tellus Avenue","14","6647","Aathi Nagar","40","2026-09-24T08:35:00","2026-09-24T09:10:00","2","60","ALL_TICKETS_USED","AT_TICKET_DESTINATION"
"SYN001584","SYNTHETIC","ETM_STYLE","2026-09-24","16821","105","14448","Regular","2026-09-24_14448","morning","2026-09-24T08:17:00","6240","Tcs Gate 1","3","6647","Aathi Nagar","40","2026-09-24T08:17:00","2026-09-24T09:10:00","2","60","ALL_TICKETS_USED","AT_TICKET_DESTINATION"
"SYN001585","SYNTHETIC","ETM_STYLE","2026-09-24","16821","105","14448","Regular","2026-09-24_14448","morning","2026-09-24T08:29:00","6332","Karanai Colony","11","6662","Tambaram East Bus Stop","44","2026-09-24T08:29:00","2026-09-24T09:14:00","1","60","ALL_TICKETS_USED","AT_TICKET_DESTINATION"
"SYN001586","SYNTHETIC","CHENNAI_ONE_STYLE","2026-09-24","16821","105","14452","Regular","2026-09-24_14452","afternoon","2026-09-24T14:38:00","6647","Aathi Nagar","40","6658","Tambaram Railway Station East","43","2026-09-24T14:40:00","2026-09-24T14:43:00","1","60","ALL_TICKETS_USED","AT_TICKET_DESTINATION"
"SYN001587","SYNTHETIC","ETM_STYLE","2026-09-24","16821","105","14452","Regular","2026-09-24_14452","afternoon","2026-09-24T13:58:00","6303","Thalambur","10","6332","Karanai Colony","11","2026-09-24T13:58:00","2026-09-24T13:59:00","1","60","ALL_TICKETS_USED","AT_TICKET_DESTINATION"
"SYN001588","SYNTHETIC","ETM_STYLE","2026-09-24","16821","105","14452","Regular","2026-09-24_14452","afternoon","2026-09-24T14:32:00","10049","S.I.V.E.T","34","6666","Kamarajapuram","37","2026-09-24T14:32:00","2026-09-24T14:35:00","1","60","ALL_TICKETS_USED","AT_TICKET_DESTINATION"
"SYN001589","SYNTHETIC","CHENNAI_ONE_STYLE","2026-09-24","16821","105","14452","Regular","2026-09-24_14452","afternoon","2026-09-24T14:00:00","6535","Gold Winner","24","6625","Santhosapuram","33","2026-09-24T14:15:00","2026-09-24T14:31:00","2","60","ALL_TICKETS_USED","AT_TICKET_DESTINATION"
"SYN001590","SYNTHETIC","ETM_STYLE","2026-09-24","16821","105","14452","Regular","2026-09-24_14452","afternoon","2026-09-24T14:28:00","6623","Medavakkam","30","6693","Tambaram West Bus Stand","45","2026-09-24T14:28:00","2026-09-24T14:46:00","1","60","ALL_TICKETS_USED","AT_TICKET_DESTINATION"
"SYN001591","SYNTHETIC","ETM_STYLE","2026-09-24","16821","105","14452","Regular","2026-09-24_14452","afternoon","2026-09-24T14:34:00","6659","Sembakkam","36","6693","Tambaram West Bus Stand","45","2026-09-24T14:34:00","2026-09-24T14:46:00","2","60","ALL_TICKETS_USED","AT_TICKET_DESTINATION"
"SYN001592","SYNTHETIC","ETM_STYLE","2026-09-24","16821","105","14452","Regular","2026-09-24_14452","afternoon","2026-09-24T14:12:00","6492","Valluvar Nagar Chithalapakkam","21","6662","Tambaram East Bus Stop","44","2026-09-24T14:12:00","2026-09-24T14:44:00","1","60","ALL_TICKETS_USED","AT_TICKET_DESTINATION"
"SYN001593","SYNTHETIC","ETM_STYLE","2026-09-24","16821","105","14452","Regular","2026-09-24_14452","afternoon","2026-09-24T14:08:00","6450","Sithalapakkam Mani Kadai","17","6523","Vengaivasal Road Chithalapakkam","23","2026-09-24T14:08:00","2026-09-24T14:14:00","2","60","ALL_TICKETS_USED","AT_TICKET_DESTINATION"
"SYN001594","SYNTHETIC","CHENNAI_ONE_STYLE","2026-09-24","16821","105","14452","Regular","2026-09-24_14452","afternoon","2026-09-24T13:52:00","6351","Karanai","12","6614","Vijaya Nagaram","31","2026-09-24T14:01:00","2026-09-24T14:29:00","2","60","ALL_TICKETS_USED","AT_TICKET_DESTINATION"
"SYN001595","SYNTHETIC","ETM_STYLE","2026-09-24","16821","105","14452","Regular","2026-09-24_14452","afternoon","2026-09-24T13:55:00","6307","Kakkan Nagar","7","6644","Mahalakshmi Nagar","38","2026-09-24T13:55:00","2026-09-24T14:37:00","1","60","ALL_TICKETS_USED","AT_TICKET_DESTINATION"
"SYN001596","SYNTHETIC","ETM_STYLE","2026-09-24","16821","105","14452","Regular","2026-09-24_14452","afternoon","2026-09-24T14:10:00","6464","Sithalapakkam","19","6535","Gold Winner","24","2026-09-24T14:10:00","2026-09-24T14:15:00","2","60","ALL_TICKETS_USED","AT_TICKET_DESTINATION"
"SYN001597","SYNTHETIC","ETM_STYLE","2026-09-24","16821","105","14452","Regular","2026-09-24_14452","afternoon","2026-09-24T14:30:00","6608","Vengaivasal Road Junction","32","6651","East Tambaram Convent","41","2026-09-24T14:30:00","2026-09-24T14:41:00","2","60","ALL_TICKETS_USED","AT_TICKET_DESTINATION"
"SYN001598","SYNTHETIC","ETM_STYLE","2026-09-24","16821","105","14452","Regular","2026-09-24_14452","afternoon","2026-09-24T14:07:00","6421","Arasankazhani","16","6570","Soumya Nagar","26","2026-09-24T14:07:00","2026-09-24T14:17:00","2","60","ALL_TICKETS_USED","AT_TICKET_DESTINATION"
"SYN001599","SYNTHETIC","ETM_STYLE","2026-09-24","16821","105","14456","Regular","2026-09-24_14456","evening","2026-09-24T19:33:00","6303","Thalambur","10","6656","Poondi Bazaar","42","2026-09-24T19:33:00","2026-09-24T20:17:00","1","60","ALL_TICKETS_USED","AT_TICKET_DESTINATION"
"SYN001600","SYNTHETIC","ETM_STYLE","2026-09-24","16821","105","14456","Regular","2026-09-24_14456","evening","2026-09-24T19:28:00","9976","Navalur","6","6659","Sembakkam","36","2026-09-24T19:28:00","2026-09-24T20:09:00","2","60","ALL_TICKETS_USED","AT_TICKET_DESTINATION"
"SYN001601","SYNTHETIC","ETM_STYLE","2026-09-24","16821","105","14456","Regular","2026-09-24_14456","evening","2026-09-24T19:41:00","6408","Ramakrishna Nagar","15","6643","Selaiyur","39","2026-09-24T19:41:00","2026-09-24T20:14:00","1","60","ALL_TICKETS_USED","AT_TICKET_DESTINATION"
"SYN001602","SYNTHETIC","ETM_STYLE","2026-09-24","16821","105","14456","Regular","2026-09-24_14456","evening","2026-09-24T19:22:00","6240","Tcs Gate 1","3","6659","Sembakkam","36","2026-09-24T19:22:00","2026-09-24T20:09:00","1","60","ALL_TICKETS_USED","AT_TICKET_DESTINATION"
"SYN001603","SYNTHETIC","ETM_STYLE","2026-09-24","16821","105","14456","Regular","2026-09-24_14456","evening","2026-09-24T19:21:00","6224","Sipcot Industrial Park","2","6658","Tambaram Railway Station East","43","2026-09-24T19:21:00","2026-09-24T20:18:00","2","60","ALL_TICKETS_USED","AT_TICKET_DESTINATION"
"SYN001604","SYNTHETIC","CHENNAI_ONE_STYLE","2026-09-24","16821","105","14456","Regular","2026-09-24_14456","evening","2026-09-24T19:17:00","6309","Thalambur Road Junction","9","6638","Prince College","35","2026-09-24T19:32:00","2026-09-24T20:08:00","3","60","ALL_TICKETS_USED","AT_TICKET_DESTINATION"
"SYN001605","SYNTHETIC","CHENNAI_ONE_STYLE","2026-09-24","16821","105","14456","Regular","2026-09-24_14456","evening","2026-09-24T19:23:00","6309","Thalambur Road Junction","9","6662","Tambaram East Bus Stop","44","2026-09-24T19:32:00","2026-09-24T20:19:00","1","60","ALL_TICKETS_USED","AT_TICKET_DESTINATION"
"SYN001606","SYNTHETIC","CHENNAI_ONE_STYLE","2026-09-24","16821","105","14456","Regular","2026-09-24_14456","evening","2026-09-24T19:16:00","9976","Navalur","6","10049","S.I.V.E.T","34","2026-09-24T19:28:00","2026-09-24T20:07:00","1","60","ALL_TICKETS_USED","AT_TICKET_DESTINATION"
"SYN001607","SYNTHETIC","CHENNAI_ONE_STYLE","2026-09-24","16821","105","14456","Regular","2026-09-24_14456","evening","2026-09-24T19:07:00","6240","Tcs Gate 1","3","6666","Kamarajapuram","37","2026-09-24T19:22:00","2026-09-24T20:10:00","1","60","ALL_TICKETS_USED","AT_TICKET_DESTINATION"
"SYN001608","SYNTHETIC","CHENNAI_ONE_STYLE","2026-09-24","16821","105","14456","Regular","2026-09-24_14456","evening","2026-09-24T19:23:00","9976","Navalur","6","10049","S.I.V.E.T","34","2026-09-24T19:28:00","2026-09-24T20:07:00","2","60","ALL_TICKETS_USED","AT_TICKET_DESTINATION"
"SYN001609","SYNTHETIC","ETM_STYLE","2026-09-24","16821","105","14456","Regular","2026-09-24_14456","evening","2026-09-24T19:33:00","6303","Thalambur","10","6638","Prince College","35","2026-09-24T19:33:00","2026-09-24T20:08:00","1","60","ALL_TICKETS_USED","AT_TICKET_DESTINATION"
"SYN001610","SYNTHETIC","ETM_STYLE","2026-09-24","16821","105","14456","Regular","2026-09-24_14456","evening","2026-09-24T19:32:00","6309","Thalambur Road Junction","9","6614","Vijaya Nagaram","31","2026-09-24T19:32:00","2026-09-24T20:04:00","1","60","ALL_TICKETS_USED","AT_TICKET_DESTINATION"
"SYN001611","SYNTHETIC","ETM_STYLE","2026-09-24","16821","105","14456","Regular","2026-09-24_14456","evening","2026-09-24T19:28:00","9976","Navalur","6","6638","Prince College","35","2026-09-24T19:28:00","2026-09-24T20:08:00","1","60","ALL_TICKETS_USED","AT_TICKET_DESTINATION"
"SYN001612","SYNTHETIC","ETM_STYLE","2026-09-24","16821","105","14456","Regular","2026-09-24_14456","evening","2026-09-24T19:40:00","6389","Tellus Avenue","14","6643","Selaiyur","39","2026-09-24T19:40:00","2026-09-24T20:14:00","1","60","ALL_TICKETS_USED","AT_TICKET_DESTINATION"
"SYN001613","SYNTHETIC","ETM_STYLE","2026-09-24","16821","105","14456","Regular","2026-09-24_14456","evening","2026-09-24T19:30:00","6307","Kakkan Nagar","7","6638","Prince College","35","2026-09-24T19:30:00","2026-09-24T20:08:00","1","60","ALL_TICKETS_USED","AT_TICKET_DESTINATION"
"SYN001614","SYNTHETIC","CHENNAI_ONE_STYLE","2026-09-24","16821","105","14456","Regular","2026-09-24_14456","evening","2026-09-24T19:21:00","9976","Navalur","6","6608","Vengaivasal Road Junction","32","2026-09-24T19:28:00","2026-09-24T20:05:00","1","60","ALL_TICKETS_USED","AT_TICKET_DESTINATION"
"SYN001615","SYNTHETIC","ETM_STYLE","2026-09-24","16821","105","14456","Regular","2026-09-24_14456","evening","2026-09-24T19:38:00","6363","Ottiyambakkam","13","6658","Tambaram Railway Station East","43","2026-09-24T19:38:00","2026-09-24T20:18:00","2","60","ALL_TICKETS_USED","AT_TICKET_DESTINATION"
"SYN001616","SYNTHETIC","ETM_STYLE","2026-09-24","16821","105","14456","Regular","2026-09-24_14456","evening","2026-09-24T19:25:00","6272","Egattur","5","6693","Tambaram West Bus Stand","45","2026-09-24T19:25:00","2026-09-24T20:21:00","1","60","ALL_TICKETS_USED","AT_TICKET_DESTINATION"
"SYN001617","SYNTHETIC","ETM_STYLE","2026-09-24","16821","105","14456","Regular","2026-09-24_14456","evening","2026-09-24T19:25:00","6272","Egattur","5","6625","Santhosapuram","33","2026-09-24T19:25:00","2026-09-24T20:06:00","3","60","ALL_TICKETS_USED","AT_TICKET_DESTINATION"
"SYN001618","SYNTHETIC","ETM_STYLE","2026-09-24","16821","105","14456","Regular","2026-09-24_14456","evening","2026-09-24T19:25:00","6272","Egattur","5","6643","Selaiyur","39","2026-09-24T19:25:00","2026-09-24T20:14:00","2","60","ALL_TICKETS_USED","AT_TICKET_DESTINATION"
"SYN001619","SYNTHETIC","ETM_STYLE","2026-09-24","16821","105","14456","Regular","2026-09-24_14456","evening","2026-09-24T19:36:00","6351","Karanai","12","6666","Kamarajapuram","37","2026-09-24T19:36:00","2026-09-24T20:10:00","2","60","ALL_TICKETS_USED","AT_TICKET_DESTINATION"
"SYN001620","SYNTHETIC","ETM_STYLE","2026-09-24","16821","105","14456","Regular","2026-09-24_14456","evening","2026-09-24T19:38:00","6363","Ottiyambakkam","13","6662","Tambaram East Bus Stop","44","2026-09-24T19:38:00","2026-09-24T20:19:00","2","60","ALL_TICKETS_USED","AT_TICKET_DESTINATION"
"SYN001621","SYNTHETIC","ETM_STYLE","2026-09-24","16821","105","14456","Regular","2026-09-24_14456","evening","2026-09-24T19:34:00","6332","Karanai Colony","11","6647","Aathi Nagar","40","2026-09-24T19:34:00","2026-09-24T20:15:00","1","60","ALL_TICKETS_USED","AT_TICKET_DESTINATION"
"SYN001622","SYNTHETIC","ETM_STYLE","2026-09-24","16821","105","14456","Regular","2026-09-24_14456","evening","2026-09-24T19:32:00","6309","Thalambur Road Junction","9","6643","Selaiyur","39","2026-09-24T19:32:00","2026-09-24T20:14:00","1","60","ALL_TICKETS_USED","AT_TICKET_DESTINATION"
"SYN001623","SYNTHETIC","CHENNAI_ONE_STYLE","2026-09-24","16821","105","14456","Regular","2026-09-24_14456","evening","2026-09-24T19:25:00","6363","Ottiyambakkam","13","6666","Kamarajapuram","37","2026-09-24T19:38:00","2026-09-24T20:10:00","1","60","ALL_TICKETS_USED","AT_TICKET_DESTINATION"
"SYN001624","SYNTHETIC","CHENNAI_ONE_STYLE","2026-09-24","16821","105","14456","Regular","2026-09-24_14456","evening","2026-09-24T19:17:00","6305","Trisakthi Kovil","8","6659","Sembakkam","36","2026-09-24T19:31:00","2026-09-24T20:09:00","1","60","ALL_TICKETS_USED","AT_TICKET_DESTINATION"
"SYN001625","SYNTHETIC","CHENNAI_ONE_STYLE","2026-09-24","16821","105","14456","Regular","2026-09-24_14456","evening","2026-09-24T19:07:00","9960","Siruseri It Park","1","10049","S.I.V.E.T","34","2026-09-24T19:20:00","2026-09-24T20:07:00","1","60","ALL_TICKETS_USED","AT_TICKET_DESTINATION"
"SYN001626","SYNTHETIC","ETM_STYLE","2026-09-24","16821","105","14456","Regular","2026-09-24_14456","evening","2026-09-24T19:22:00","6240","Tcs Gate 1","3","6658","Tambaram Railway Station East","43","2026-09-24T19:22:00","2026-09-24T20:18:00","2","60","ALL_TICKETS_USED","AT_TICKET_DESTINATION"
"SYN001627","SYNTHETIC","ETM_STYLE","2026-09-24","16821","105","14456","Regular","2026-09-24_14456","evening","2026-09-24T19:40:00","6389","Tellus Avenue","14","6659","Sembakkam","36","2026-09-24T19:40:00","2026-09-24T20:09:00","2","60","ALL_TICKETS_USED","AT_TICKET_DESTINATION"
"SYN001628","SYNTHETIC","ETM_STYLE","2026-09-24","16821","105","14456","Regular","2026-09-24_14456","evening","2026-09-24T19:20:00","9960","Siruseri It Park","1","6608","Vengaivasal Road Junction","32","2026-09-24T19:20:00","2026-09-24T20:05:00","3","60","ALL_TICKETS_USED","AT_TICKET_DESTINATION"
"SYN001629","SYNTHETIC","ETM_STYLE","2026-09-24","16821","105","14458","Regular","2026-09-24_14458","night","2026-09-24T22:07:00","6240","Tcs Gate 1","3","6408","Ramakrishna Nagar","15","2026-09-24T22:07:00","2026-09-24T22:26:00","1","60","ALL_TICKETS_USED","AT_TICKET_DESTINATION"
"SYN001630","SYNTHETIC","ETM_STYLE","2026-09-24","16821","105","14458","Regular","2026-09-24_14458","night","2026-09-24T22:38:00","6575","Babu Nagar Medavakkam","27","6693","Tambaram West Bus Stand","45","2026-09-24T22:38:00","2026-09-24T23:06:00","1","60","ALL_TICKETS_USED","AT_TICKET_DESTINATION"
"SYN001631","SYNTHETIC","CHENNAI_ONE_STYLE","2026-09-24","16821","105","14458","Regular","2026-09-24_14458","night","2026-09-24T22:15:00","6351","Karanai","12","6647","Aathi Nagar","40","2026-09-24T22:21:00","2026-09-24T23:00:00","1","60","ALL_TICKETS_USED","AT_TICKET_DESTINATION"
"SYN001632","SYNTHETIC","CHENNAI_ONE_STYLE","2026-09-24","16821","105","14458","Regular","2026-09-24_14458","night","2026-09-24T22:21:00","6511","Chitlapakkam Koot Road","22","6600","Medavakkam Junction","28","2026-09-24T22:33:00","2026-09-24T22:45:00","1","60","ALL_TICKETS_USED","AT_TICKET_DESTINATION"
"SYN001633","SYNTHETIC","CHENNAI_ONE_STYLE","2026-09-24","16821","105","14458","Regular","2026-09-24_14458","night","2026-09-24T22:40:00","6631","Medavakkam Koot Road","29","6608","Vengaivasal Road Junction","32","2026-09-24T22:47:00","2026-09-24T22:50:00","2","60","ALL_TICKETS_USED","AT_TICKET_DESTINATION"
"SYN001634","SYNTHETIC","ETM_STYLE","2026-09-24","16821","105","14458","Regular","2026-09-24_14458","night","2026-09-24T22:59:00","6643","Selaiyur","39","6656","Poondi Bazaar","42","2026-09-24T22:59:00","2026-09-24T23:02:00","1","60","ALL_TICKETS_USED","AT_TICKET_DESTINATION"
"SYN001635","SYNTHETIC","ETM_STYLE","2026-09-24","16821","105","14458","Regular","2026-09-24_14458","night","2026-09-24T23:01:00","6651","East Tambaram Convent","41","6656","Poondi Bazaar","42","2026-09-24T23:01:00","2026-09-24T23:02:00","1","60","ALL_TICKETS_USED","AT_TICKET_DESTINATION"
"SYN001636","SYNTHETIC","CHENNAI_ONE_STYLE","2026-09-24","16821","105","14458","Regular","2026-09-24_14458","night","2026-09-24T22:29:00","6523","Vengaivasal Road Chithalapakkam","23","6659","Sembakkam","36","2026-09-24T22:34:00","2026-09-24T22:54:00","1","60","ALL_TICKETS_USED","AT_TICKET_DESTINATION"
"SYN001637","SYNTHETIC","CHENNAI_ONE_STYLE","2026-09-24","16821","105","14458","Regular","2026-09-24_14458","night","2026-09-24T22:14:00","6309","Thalambur Road Junction","9","6450","Sithalapakkam Mani Kadai","17","2026-09-24T22:17:00","2026-09-24T22:28:00","1","60","ALL_TICKETS_USED","AT_TICKET_DESTINATION"
"SYN001638","SYNTHETIC","CHENNAI_ONE_STYLE","2026-09-24","16821","105","14458","Regular","2026-09-24_14458","night","2026-09-24T22:48:00","10049","S.I.V.E.T","34","6638","Prince College","35","2026-09-24T22:52:00","2026-09-24T22:53:00","1","60","ALL_TICKETS_USED","AT_TICKET_DESTINATION"
"SYN001639","SYNTHETIC","ETM_STYLE","2026-09-24","16821","105","14458","Regular","2026-09-24_14458","night","2026-09-24T22:05:00","9960","Siruseri It Park","1","6332","Karanai Colony","11","2026-09-24T22:05:00","2026-09-24T22:19:00","3","60","ALL_TICKETS_USED","AT_TICKET_DESTINATION"
"SYN001640","SYNTHETIC","ETM_STYLE","2026-09-24","16821","105","14458","Regular","2026-09-24_14458","night","2026-09-24T23:01:00","6651","East Tambaram Convent","41","6658","Tambaram Railway Station East","43","2026-09-24T23:01:00","2026-09-24T23:03:00","1","60","ALL_TICKETS_USED","AT_TICKET_DESTINATION"
"SYN001641","SYNTHETIC","CHENNAI_ONE_STYLE","2026-09-24","23600","109 R","102371","Regular","2026-09-24_102371","morning","2026-09-24T09:24:00","2601","Marina Beach","6","6287","Meera Nagar","39","2026-09-24T09:37:00","2026-09-24T10:37:00","2","60","ALL_TICKETS_USED","AT_TICKET_DESTINATION"
"SYN001642","SYNTHETIC","ETM_STYLE","2026-09-24","23600","109 R","102371","Regular","2026-09-24_102371","morning","2026-09-24T09:25:00","11159","Island ground Terminus","1","6160","Muttukadu Boat House","44","2026-09-24T09:25:00","2026-09-24T10:42:00","2","60","ALL_TICKETS_USED","AT_TICKET_DESTINATION"
"SYN001643","SYNTHETIC","CHENNAI_ONE_STYLE","2026-09-24","23600","109 R","102371","Regular","2026-09-24_102371","morning","2026-09-24T09:18:00","9783","Parrys Corner","2","6106","Kovalam","46","2026-09-24T09:32:00","2026-09-24T10:44:00","1","60","ALL_TICKETS_USED","AT_TICKET_DESTINATION"
"SYN001644","SYNTHETIC","ETM_STYLE","2026-09-24","23600","109 R","102371","Regular","2026-09-24_102371","morning","2026-09-24T09:51:00","9128","Mrc Nagar","13","6370","Anandbagh","36","2026-09-24T09:51:00","2026-09-24T10:34:00","2","60","ALL_TICKETS_USED","AT_TICKET_DESTINATION"
"SYN001645","SYNTHETIC","ETM_STYLE","2026-09-24","23600","109 R","102371","Regular","2026-09-24_102371","morning","2026-09-24T09:56:00","10814","Music College Annamalai Puram","14","6160","Muttukadu Boat House","44","2026-09-24T09:56:00","2026-09-24T10:42:00","3","60","ALL_TICKETS_USED","AT_TICKET_DESTINATION"
"SYN001646","SYNTHETIC","ETM_STYLE","2026-09-24","23600","109 R","102371","Regular","2026-09-24_102371","morning","2026-09-24T09:32:00","9783","Parrys Corner","2","6387","Uthandi","35","2026-09-24T09:32:00","2026-09-24T10:33:00","1","60","ALL_TICKETS_USED","AT_TICKET_DESTINATION"
"SYN001647","SYNTHETIC","ETM_STYLE","2026-09-24","23600","109 R","102371","Regular","2026-09-24_102371","morning","2026-09-24T09:49:00","5819","Foreshore Estate Bus Stop","12","6130","Kunnukadu Alamaram","45","2026-09-24T09:49:00","2026-09-24T10:43:00","1","60","ALL_TICKETS_USED","AT_TICKET_DESTINATION"
"SYN001648","SYNTHETIC","ETM_STYLE","2026-09-24","23600","109 R","102371","Regular","2026-09-24_102371","morning","2026-09-24T09:32:00","9783","Parrys Corner","2","9993","Nainar Kuppam Or Uthandi Colony","34","2026-09-24T09:32:00","2026-09-24T10:32:00","2","60","ALL_TICKETS_USED","AT_TICKET_DESTINATION"
"SYN001649","SYNTHETIC","ETM_STYLE","2026-09-24","23600","109 R","102371","Regular","2026-09-24_102371","morning","2026-09-24T10:00:00","5760","Adyar Signal","16","6387","Uthandi","35","2026-09-24T10:00:00","2026-09-24T10:33:00","1","60","ALL_TICKETS_USED","AT_TICKET_DESTINATION"
"SYN001650","SYNTHETIC","CHENNAI_ONE_STYLE","2026-09-24","23600","109 R","102371","Regular","2026-09-24_102371","morning","2026-09-24T09:24:00","11192","Annasquare","5","6370","Anandbagh","36","2026-09-24T09:36:00","2026-09-24T10:34:00","1","60","ALL_TICKETS_USED","AT_TICKET_DESTINATION"
"SYN001651","SYNTHETIC","ETM_STYLE","2026-09-24","23600","109 R","102371","Regular","2026-09-24_102371","morning","2026-09-24T09:32:00","9783","Parrys Corner","2","6102","Kovalam Bus Terminus","49","2026-09-24T09:32:00","2026-09-24T10:49:00","1","60","ALL_TICKETS_USED","AT_TICKET_DESTINATION"
"SYN001652","SYNTHETIC","ETM_STYLE","2026-09-24","23600","109 R","102371","Regular","2026-09-24_102371","morning","2026-09-24T09:49:00","5819","Foreshore Estate Bus Stop","12","6287","Meera Nagar","39","2026-09-24T09:49:00","2026-09-24T10:37:00","3","60","ALL_TICKETS_USED","AT_TICKET_DESTINATION"
"SYN001653","SYNTHETIC","ETM_STYLE","2026-09-24","23600","109 R","102371","Regular","2026-09-24_102371","morning","2026-09-24T09:34:00","5814","Secretariat","3","9962","Mary World Or Mgm","41","2026-09-24T09:34:00","2026-09-24T10:39:00","1","60","ALL_TICKETS_USED","AT_TICKET_DESTINATION"
"SYN001654","SYNTHETIC","CHENNAI_ONE_STYLE","2026-09-24","23600","109 R","102371","Regular","2026-09-24_102371","morning","2026-09-24T09:48:00","5760","Adyar Signal","16","6459","Panaiyur","33","2026-09-24T10:00:00","2026-09-24T10:31:00","2","60","ALL_TICKETS_USED","AT_TICKET_DESTINATION"
"SYN001655","SYNTHETIC","ETM_STYLE","2026-09-24","23600","109 R","102371","Regular","2026-09-24_102371","morning","2026-09-24T09:32:00","9783","Parrys Corner","2","6091","Kovalam Kelambakam Road Junction","47","2026-09-24T09:32:00","2026-09-24T10:45:00","2","60","ALL_TICKETS_USED","AT_TICKET_DESTINATION"
"SYN001656","SYNTHETIC","ETM_STYLE","2026-09-24","23600","109 R","102371","Regular","2026-09-24_102371","morning","2026-09-24T09:36:00","11192","Annasquare","5","6130","Kunnukadu Alamaram","45","2026-09-24T09:36:00","2026-09-24T10:43:00","1","60","ALL_TICKETS_USED","AT_TICKET_DESTINATION"
"SYN001657","SYNTHETIC","ETM_STYLE","2026-09-24","23600","109 R","102371","Regular","2026-09-24_102371","morning","2026-09-24T09:45:00","5917","Queen Marys College","9","6081","Kovalam Chamjarai","48","2026-09-24T09:45:00","2026-09-24T10:46:00","1","60","ALL_TICKETS_USED","AT_TICKET_DESTINATION"
"SYN001658","SYNTHETIC","ETM_STYLE","2026-09-24","23600","109 R","102371","Regular","2026-09-24_102371","morning","2026-09-24T09:35:00","5932","War Memorial","4","9957","Panjabur Or Yellow Board","42","2026-09-24T09:35:00","2026-09-24T10:40:00","3","60","ALL_TICKETS_USED","AT_TICKET_DESTINATION"
"SYN001659","SYNTHETIC","ETM_STYLE","2026-09-24","23600","109 R","102371","Regular","2026-09-24_102371","morning","2026-09-24T09:34:00","5814","Secretariat","3","6387","Uthandi","35","2026-09-24T09:34:00","2026-09-24T10:33:00","2","60","ALL_TICKETS_USED","AT_TICKET_DESTINATION"
"SYN001660","SYNTHETIC","ETM_STYLE","2026-09-24","23600","109 R","102371","Regular","2026-09-24_102371","morning","2026-09-24T09:47:00","5639","Santhome Church","11","6370","Anandbagh","36","2026-09-24T09:47:00","2026-09-24T10:34:00","1","60","ALL_TICKETS_USED","AT_TICKET_DESTINATION"
"SYN001661","SYNTHETIC","ETM_STYLE","2026-09-24","23600","109 R","102371","Regular","2026-09-24_102371","morning","2026-09-24T09:49:00","5819","Foreshore Estate Bus Stop","12","6387","Uthandi","35","2026-09-24T09:49:00","2026-09-24T10:33:00","2","60","ALL_TICKETS_USED","AT_TICKET_DESTINATION"
"SYN001662","SYNTHETIC","ETM_STYLE","2026-09-24","23600","109 R","102371","Regular","2026-09-24_102371","morning","2026-09-24T09:34:00","5814","Secretariat","3","6249","Muttukadu","40","2026-09-24T09:34:00","2026-09-24T10:38:00","1","60","ALL_TICKETS_USED","AT_TICKET_DESTINATION"
"SYN001663","SYNTHETIC","ETM_STYLE","2026-09-24","23600","109 R","102371","Regular","2026-09-24_102371","morning","2026-09-24T09:46:00","5638","All India Radio Light House","10","6102","Kovalam Bus Terminus","49","2026-09-24T09:46:00","2026-09-24T10:49:00","2","60","ALL_TICKETS_USED","AT_TICKET_DESTINATION"
"SYN001664","SYNTHETIC","CHENNAI_ONE_STYLE","2026-09-24","23600","109 R","102371","Regular","2026-09-24_102371","morning","2026-09-24T09:18:00","9783","Parrys Corner","2","9955","N.I.E.P.M.D","43","2026-09-24T09:32:00","2026-09-24T10:41:00","1","60","ALL_TICKETS_USED","AT_TICKET_DESTINATION"
"SYN001665","SYNTHETIC","CHENNAI_ONE_STYLE","2026-09-24","23600","109 R","102371","Regular","2026-09-24_102371","morning","2026-09-24T09:28:00","11192","Annasquare","5","6130","Kunnukadu Alamaram","45","2026-09-24T09:36:00","2026-09-24T10:43:00","1","60","ALL_TICKETS_USED","AT_TICKET_DESTINATION"
"SYN001666","SYNTHETIC","CHENNAI_ONE_STYLE","2026-09-24","23600","109 R","102371","Regular","2026-09-24_102371","morning","2026-09-24T09:29:00","5932","War Memorial","4","6130","Kunnukadu Alamaram","45","2026-09-24T09:35:00","2026-09-24T10:43:00","1","60","ALL_TICKETS_USED","AT_TICKET_DESTINATION"
"SYN001667","SYNTHETIC","ETM_STYLE","2026-09-24","23600","109 R","102371","Regular","2026-09-24_102371","morning","2026-09-24T09:49:00","5819","Foreshore Estate Bus Stop","12","6249","Muttukadu","40","2026-09-24T09:49:00","2026-09-24T10:38:00","1","60","ALL_TICKETS_USED","AT_TICKET_DESTINATION"
"SYN001668","SYNTHETIC","ETM_STYLE","2026-09-24","23600","109 R","102371","Regular","2026-09-24_102371","morning","2026-09-24T09:36:00","11192","Annasquare","5","6316","Kanathur","38","2026-09-24T09:36:00","2026-09-24T10:36:00","1","60","ALL_TICKETS_USED","AT_TICKET_DESTINATION"
"SYN001669","SYNTHETIC","ETM_STYLE","2026-09-24","23600","109 R","102371","Regular","2026-09-24_102371","morning","2026-09-24T09:58:00","5758","M.G.R Janaki College Or Sathya Studio","15","6081","Kovalam Chamjarai","48","2026-09-24T09:58:00","2026-09-24T10:46:00","1","60","ALL_TICKETS_USED","AT_TICKET_DESTINATION"
"SYN001670","SYNTHETIC","CHENNAI_ONE_STYLE","2026-09-24","23600","109 R","102371","Regular","2026-09-24_102371","morning","2026-09-24T09:54:00","10814","Music College Annamalai Puram","14","9962","Mary World Or Mgm","41","2026-09-24T09:56:00","2026-09-24T10:39:00","1","60","ALL_TICKETS_USED","AT_TICKET_DESTINATION"
"SYN001671","SYNTHETIC","ETM_STYLE","2026-09-24","23600","109 R","102373","Regular","2026-09-24_102373","afternoon","2026-09-24T14:44:00","6106","Kovalam","46","6091","Kovalam Kelambakam Road Junction","47","2026-09-24T14:44:00","2026-09-24T14:45:00","1","60","ALL_TICKETS_USED","AT_TICKET_DESTINATION"
"SYN001672","SYNTHETIC","ETM_STYLE","2026-09-24","23600","109 R","102373","Regular","2026-09-24_102373","afternoon","2026-09-24T13:36:00","11192","Annasquare","5","6081","Kovalam Chamjarai","48","2026-09-24T13:36:00","2026-09-24T14:46:00","1","60","ALL_TICKETS_USED","AT_TICKET_DESTINATION"
"SYN001673","SYNTHETIC","ETM_STYLE","2026-09-24","23600","109 R","102373","Regular","2026-09-24_102373","afternoon","2026-09-24T14:43:00","6130","Kunnukadu Alamaram","45","6102","Kovalam Bus Terminus","49","2026-09-24T14:43:00","2026-09-24T14:49:00","2","60","ALL_TICKETS_USED","AT_TICKET_DESTINATION"
"SYN001674","SYNTHETIC","ETM_STYLE","2026-09-24","23600","109 R","102373","Regular","2026-09-24_102373","afternoon","2026-09-24T14:29:00","10018","Akkarai Or Water Supply Head Work","32","6102","Kovalam Bus Terminus","49","2026-09-24T14:29:00","2026-09-24T14:49:00","2","60","ALL_TICKETS_USED","AT_TICKET_DESTINATION"
"SYN001675","SYNTHETIC","ETM_STYLE","2026-09-24","23600","109 R","102373","Regular","2026-09-24_102373","afternoon","2026-09-24T14:44:00","6106","Kovalam","46","6102","Kovalam Bus Terminus","49","2026-09-24T14:44:00","2026-09-24T14:49:00","1","60","ALL_TICKETS_USED","AT_TICKET_DESTINATION"
"SYN001676","SYNTHETIC","ETM_STYLE","2026-09-24","23600","109 R","102373","Regular","2026-09-24_102373","afternoon","2026-09-24T14:29:00","10018","Akkarai Or Water Supply Head Work","32","6459","Panaiyur","33","2026-09-24T14:29:00","2026-09-24T14:31:00","2","60","ALL_TICKETS_USED","AT_TICKET_DESTINATION"
"SYN001677","SYNTHETIC","CHENNAI_ONE_STYLE","2026-09-24","23600","109 R","102373","Regular","2026-09-24_102373","afternoon","2026-09-24T13:39:00","5819","Foreshore Estate Bus Stop","12","6672","Bethal Nagar","29","2026-09-24T13:49:00","2026-09-24T14:24:00","2","60","ALL_TICKETS_USED","AT_TICKET_DESTINATION"
"SYN001678","SYNTHETIC","ETM_STYLE","2026-09-24","23600","109 R","102373","Regular","2026-09-24_102373","afternoon","2026-09-24T14:17:00","8495","Palavakkam","22","9957","Panjabur Or Yellow Board","42","2026-09-24T14:17:00","2026-09-24T14:40:00","1","60","ALL_TICKETS_USED","AT_TICKET_DESTINATION"
"SYN001679","SYNTHETIC","ETM_STYLE","2026-09-24","23600","109 R","102373","Regular","2026-09-24_102373","afternoon","2026-09-24T14:35:00","9986","Uthandi Toll Gate Or Ragash College","37","6130","Kunnukadu Alamaram","45","2026-09-24T14:35:00","2026-09-24T14:43:00","3","60","ALL_TICKETS_USED","AT_TICKET_DESTINATION"
"SYN001680","SYNTHETIC","ETM_STYLE","2026-09-24","23600","109 R","102373","Regular","2026-09-24_102373","afternoon","2026-09-24T13:47:00","5639","Santhome Church","11","6130","Kunnukadu Alamaram","45","2026-09-24T13:47:00","2026-09-24T14:43:00","2","60","ALL_TICKETS_USED","AT_TICKET_DESTINATION"
"SYN001681","SYNTHETIC","ETM_STYLE","2026-09-24","23600","109 R","102373","Regular","2026-09-24_102373","afternoon","2026-09-24T14:21:00","8346","Bhuari Hotel","26","6091","Kovalam Kelambakam Road Junction","47","2026-09-24T14:21:00","2026-09-24T14:45:00","2","60","ALL_TICKETS_USED","AT_TICKET_DESTINATION"
"SYN001682","SYNTHETIC","CHENNAI_ONE_STYLE","2026-09-24","23600","109 R","102373","Regular","2026-09-24_102373","afternoon","2026-09-24T14:05:00","8588","Kottivakkam","21","9957","Panjabur Or Yellow Board","42","2026-09-24T14:15:00","2026-09-24T14:40:00","1","60","ALL_TICKETS_USED","AT_TICKET_DESTINATION"
"SYN001683","SYNTHETIC","ETM_STYLE","2026-09-24","23600","109 R","102373","Regular","2026-09-24_102373","afternoon","2026-09-24T14:46:00","6081","Kovalam Chamjarai","48","6102","Kovalam Bus Terminus","49","2026-09-24T14:46:00","2026-09-24T14:49:00","2","60","ALL_TICKETS_USED","AT_TICKET_DESTINATION"
"SYN001684","SYNTHETIC","CHENNAI_ONE_STYLE","2026-09-24","23600","109 R","102375","Regular","2026-09-24_102375","evening","2026-09-24T17:24:00","5918","Kannagi Statue Or Presidency College","7","9957","Panjabur Or Yellow Board","42","2026-09-24T17:34:00","2026-09-24T18:35:00","3","60","ALL_TICKETS_USED","AT_TICKET_DESTINATION"
"SYN001685","SYNTHETIC","ETM_STYLE","2026-09-24","23600","109 R","102375","Regular","2026-09-24_102375","evening","2026-09-24T17:42:00","5639","Santhome Church","11","6091","Kovalam Kelambakam Road Junction","47","2026-09-24T17:42:00","2026-09-24T18:40:00","2","60","ALL_TICKETS_USED","AT_TICKET_DESTINATION"
"SYN001686","SYNTHETIC","ETM_STYLE","2026-09-24","23600","109 R","102375","Regular","2026-09-24_102375","evening","2026-09-24T17:51:00","10814","Music College Annamalai Puram","14","6091","Kovalam Kelambakam Road Junction","47","2026-09-24T17:51:00","2026-09-24T18:40:00","1","60","ALL_TICKETS_USED","AT_TICKET_DESTINATION"
"SYN001687","SYNTHETIC","CHENNAI_ONE_STYLE","2026-09-24","23600","109 R","102375","Regular","2026-09-24_102375","evening","2026-09-24T17:51:00","5758","M.G.R Janaki College Or Sathya Studio","15","9962","Mary World Or Mgm","41","2026-09-24T17:53:00","2026-09-24T18:34:00","1","60","ALL_TICKETS_USED","AT_TICKET_DESTINATION"
"SYN001688","SYNTHETIC","CHENNAI_ONE_STYLE","2026-09-24","23600","109 R","102375","Regular","2026-09-24_102375","evening","2026-09-24T17:47:00","5760","Adyar Signal","16","6106","Kovalam","46","2026-09-24T17:55:00","2026-09-24T18:39:00","1","60","ALL_TICKETS_USED","AT_TICKET_DESTINATION"
"SYN001689","SYNTHETIC","ETM_STYLE","2026-09-24","23600","109 R","102375","Regular","2026-09-24_102375","evening","2026-09-24T17:40:00","5917","Queen Marys College","9","6249","Muttukadu","40","2026-09-24T17:40:00","2026-09-24T18:33:00","1","60","ALL_TICKETS_USED","AT_TICKET_DESTINATION"
"SYN001690","SYNTHETIC","ETM_STYLE","2026-09-24","23600","109 R","102375","Regular","2026-09-24_102375","evening","2026-09-24T17:39:00","5916","Vivekananda House","8","9962","Mary World Or Mgm","41","2026-09-24T17:39:00","2026-09-24T18:34:00","1","60","ALL_TICKETS_USED","AT_TICKET_DESTINATION"
"SYN001691","SYNTHETIC","ETM_STYLE","2026-09-24","23600","109 R","102375","Regular","2026-09-24_102375","evening","2026-09-24T17:53:00","5758","M.G.R Janaki College Or Sathya Studio","15","9955","N.I.E.P.M.D","43","2026-09-24T17:53:00","2026-09-24T18:36:00","1","60","ALL_TICKETS_USED","AT_TICKET_DESTINATION"
"SYN001692","SYNTHETIC","CHENNAI_ONE_STYLE","2026-09-24","23600","109 R","102375","Regular","2026-09-24_102375","evening","2026-09-24T17:42:00","5819","Foreshore Estate Bus Stop","12","6387","Uthandi","35","2026-09-24T17:44:00","2026-09-24T18:28:00","1","60","ALL_TICKETS_USED","AT_TICKET_DESTINATION"
"SYN001693","SYNTHETIC","CHENNAI_ONE_STYLE","2026-09-24","23600","109 R","102375","Regular","2026-09-24_102375","evening","2026-09-24T17:15:00","5932","War Memorial","4","6459","Panaiyur","33","2026-09-24T17:30:00","2026-09-24T18:26:00","3","60","ALL_TICKETS_USED","AT_TICKET_DESTINATION"
"SYN001694","SYNTHETIC","CHENNAI_ONE_STYLE","2026-09-24","23600","109 R","102375","Regular","2026-09-24_102375","evening","2026-09-24T17:30:00","5819","Foreshore Estate Bus Stop","12","6459","Panaiyur","33","2026-09-24T17:44:00","2026-09-24T18:26:00","1","60","ALL_TICKETS_USED","AT_TICKET_DESTINATION"
"SYN001695","SYNTHETIC","ETM_STYLE","2026-09-24","23600","109 R","102375","Regular","2026-09-24_102375","evening","2026-09-24T17:27:00","9783","Parrys Corner","2","6249","Muttukadu","40","2026-09-24T17:27:00","2026-09-24T18:33:00","3","60","ALL_TICKETS_USED","AT_TICKET_DESTINATION"
"SYN001696","SYNTHETIC","ETM_STYLE","2026-09-24","23600","109 R","102375","Regular","2026-09-24_102375","evening","2026-09-24T17:32:00","2601","Marina Beach","6","6106","Kovalam","46","2026-09-24T17:32:00","2026-09-24T18:39:00","1","60","ALL_TICKETS_USED","AT_TICKET_DESTINATION"
"SYN001697","SYNTHETIC","ETM_STYLE","2026-09-24","23600","109 R","102375","Regular","2026-09-24_102375","evening","2026-09-24T17:32:00","2601","Marina Beach","6","6102","Kovalam Bus Terminus","49","2026-09-24T17:32:00","2026-09-24T18:44:00","2","60","ALL_TICKETS_USED","AT_TICKET_DESTINATION"
"SYN001698","SYNTHETIC","ETM_STYLE","2026-09-24","23600","109 R","102375","Regular","2026-09-24_102375","evening","2026-09-24T17:42:00","5639","Santhome Church","11","6160","Muttukadu Boat House","44","2026-09-24T17:42:00","2026-09-24T18:37:00","1","60","ALL_TICKETS_USED","AT_TICKET_DESTINATION"
"SYN001699","SYNTHETIC","CHENNAI_ONE_STYLE","2026-09-24","23600","109 R","102375","Regular","2026-09-24_102375","evening","2026-09-24T17:39:00","9128","Mrc Nagar","13","6160","Muttukadu Boat House","44","2026-09-24T17:46:00","2026-09-24T18:37:00","1","60","ALL_TICKETS_USED","AT_TICKET_DESTINATION"
"SYN001700","SYNTHETIC","CHENNAI_ONE_STYLE","2026-09-24","23600","109 R","102375","Regular","2026-09-24_102375","evening","2026-09-24T17:32:00","5819","Foreshore Estate Bus Stop","12","9962","Mary World Or Mgm","41","2026-09-24T17:44:00","2026-09-24T18:34:00","1","60","ALL_TICKETS_USED","AT_TICKET_DESTINATION"
"SYN001701","SYNTHETIC","CHENNAI_ONE_STYLE","2026-09-24","23600","109 R","102375","Regular","2026-09-24_102375","evening","2026-09-24T17:41:00","5758","M.G.R Janaki College Or Sathya Studio","15","6106","Kovalam","46","2026-09-24T17:53:00","2026-09-24T18:39:00","1","60","ALL_TICKETS_USED","AT_TICKET_DESTINATION"
"SYN001702","SYNTHETIC","CHENNAI_ONE_STYLE","2026-09-24","23600","109 R","102375","Regular","2026-09-24_102375","evening","2026-09-24T17:19:00","9783","Parrys Corner","2","6316","Kanathur","38","2026-09-24T17:27:00","2026-09-24T18:31:00","1","60","ALL_TICKETS_USED","AT_TICKET_DESTINATION"
"SYN001703","SYNTHETIC","ETM_STYLE","2026-09-24","23600","109 R","102375","Regular","2026-09-24_102375","evening","2026-09-24T17:20:00","11159","Island ground Terminus","1","6287","Meera Nagar","39","2026-09-24T17:20:00","2026-09-24T18:32:00","2","60","ALL_TICKETS_USED","AT_TICKET_DESTINATION"
"SYN001704","SYNTHETIC","ETM_STYLE","2026-09-24","23600","109 R","102375","Regular","2026-09-24_102375","evening","2026-09-24T17:51:00","10814","Music College Annamalai Puram","14","9993","Nainar Kuppam Or Uthandi Colony","34","2026-09-24T17:51:00","2026-09-24T18:27:00","2","60","ALL_TICKETS_USED","AT_TICKET_DESTINATION"
"SYN001705","SYNTHETIC","ETM_STYLE","2026-09-24","23600","109 R","102375","Regular","2026-09-24_102375","evening","2026-09-24T17:32:00","2601","Marina Beach","6","6106","Kovalam","46","2026-09-24T17:32:00","2026-09-24T18:39:00","1","60","ALL_TICKETS_USED","AT_TICKET_DESTINATION"
"SYN001706","SYNTHETIC","CHENNAI_ONE_STYLE","2026-09-24","23600","109 R","102375","Regular","2026-09-24_102375","evening","2026-09-24T17:11:00","11159","Island ground Terminus","1","9955","N.I.E.P.M.D","43","2026-09-24T17:20:00","2026-09-24T18:36:00","1","60","ALL_TICKETS_USED","AT_TICKET_DESTINATION"
"SYN001707","SYNTHETIC","ETM_STYLE","2026-09-24","23600","109 R","102375","Regular","2026-09-24_102375","evening","2026-09-24T17:29:00","5814","Secretariat","3","6081","Kovalam Chamjarai","48","2026-09-24T17:29:00","2026-09-24T18:41:00","2","60","ALL_TICKETS_USED","AT_TICKET_DESTINATION"
"SYN001708","SYNTHETIC","ETM_STYLE","2026-09-24","23600","109 R","102375","Regular","2026-09-24_102375","evening","2026-09-24T17:55:00","5760","Adyar Signal","16","6249","Muttukadu","40","2026-09-24T17:55:00","2026-09-24T18:33:00","2","60","ALL_TICKETS_USED","AT_TICKET_DESTINATION"
"SYN001709","SYNTHETIC","CHENNAI_ONE_STYLE","2026-09-24","23600","109 R","102375","Regular","2026-09-24_102375","evening","2026-09-24T17:41:00","5819","Foreshore Estate Bus Stop","12","9957","Panjabur Or Yellow Board","42","2026-09-24T17:44:00","2026-09-24T18:35:00","1","60","ALL_TICKETS_USED","AT_TICKET_DESTINATION"
"SYN001710","SYNTHETIC","ETM_STYLE","2026-09-24","23600","109 R","102375","Regular","2026-09-24_102375","evening","2026-09-24T17:41:00","5638","All India Radio Light House","10","6287","Meera Nagar","39","2026-09-24T17:41:00","2026-09-24T18:32:00","1","60","ALL_TICKETS_USED","AT_TICKET_DESTINATION"
"SYN001711","SYNTHETIC","ETM_STYLE","2026-09-24","23600","109 R","102375","Regular","2026-09-24_102375","evening","2026-09-24T17:34:00","5918","Kannagi Statue Or Presidency College","7","6106","Kovalam","46","2026-09-24T17:34:00","2026-09-24T18:39:00","2","60","ALL_TICKETS_USED","AT_TICKET_DESTINATION"
"SYN001712","SYNTHETIC","ETM_STYLE","2026-09-24","23600","109 R","102375","Regular","2026-09-24_102375","evening","2026-09-24T17:32:00","2601","Marina Beach","6","6316","Kanathur","38","2026-09-24T17:32:00","2026-09-24T18:31:00","2","60","ALL_TICKETS_USED","AT_TICKET_DESTINATION"
"SYN001713","SYNTHETIC","CHENNAI_ONE_STYLE","2026-09-24","23600","109 R","102375","Regular","2026-09-24_102375","evening","2026-09-24T17:39:00","5638","All India Radio Light House","10","6091","Kovalam Kelambakam Road Junction","47","2026-09-24T17:41:00","2026-09-24T18:40:00","1","60","ALL_TICKETS_USED","AT_TICKET_DESTINATION"
"SYN001714","SYNTHETIC","ETM_STYLE","2026-09-24","23600","109 R","102998","Regular","2026-09-24_102998","night","2026-09-24T21:36:00","10814","Music College Annamalai Puram","14","8346","Bhuari Hotel","26","2026-09-24T21:36:00","2026-09-24T22:01:00","1","60","ALL_TICKETS_USED","AT_TICKET_DESTINATION"
"SYN001715","SYNTHETIC","ETM_STYLE","2026-09-24","23600","109 R","102998","Regular","2026-09-24_102998","night","2026-09-24T22:05:00","6616","Injambakkam","30","6160","Muttukadu Boat House","44","2026-09-24T22:05:00","2026-09-24T22:22:00","1","60","ALL_TICKETS_USED","AT_TICKET_DESTINATION"
"SYN001716","SYNTHETIC","ETM_STYLE","2026-09-24","23600","109 R","102998","Regular","2026-09-24_102998","night","2026-09-24T22:04:00","6672","Bethal Nagar","29","6316","Kanathur","38","2026-09-24T22:04:00","2026-09-24T22:16:00","2","60","ALL_TICKETS_USED","AT_TICKET_DESTINATION"
"SYN001717","SYNTHETIC","ETM_STYLE","2026-09-24","23600","109 R","102998","Regular","2026-09-24_102998","night","2026-09-24T21:42:00","5913","Adyar Depot","17","8311","Vettuvakeni","27","2026-09-24T21:42:00","2026-09-24T22:02:00","1","60","ALL_TICKETS_USED","AT_TICKET_DESTINATION"
"SYN001718","SYNTHETIC","CHENNAI_ONE_STYLE","2026-09-24","23600","109 R","102998","Regular","2026-09-24_102998","night","2026-09-24T22:14:00","6287","Meera Nagar","39","6081","Kovalam Chamjarai","48","2026-09-24T22:17:00","2026-09-24T22:26:00","2","60","ALL_TICKETS_USED","AT_TICKET_DESTINATION"
"SYN001719","SYNTHETIC","ETM_STYLE","2026-09-24","23600","109 R","102998","Regular","2026-09-24_102998","night","2026-09-24T21:31:00","9128","Mrc Nagar","13","5758","M.G.R Janaki College Or Sathya Studio","15","2026-09-24T21:31:00","2026-09-24T21:38:00","2","60","ALL_TICKETS_USED","AT_TICKET_DESTINATION"
"SYN001720","SYNTHETIC","CHENNAI_ONE_STYLE","2026-09-24","23600","109 R","102998","Regular","2026-09-24_102998","night","2026-09-24T22:14:00","6160","Muttukadu Boat House","44","6102","Kovalam Bus Terminus","49","2026-09-24T22:22:00","2026-09-24T22:29:00","1","60","ALL_TICKETS_USED","AT_TICKET_DESTINATION"
"SYN001721","SYNTHETIC","CHENNAI_ONE_STYLE","2026-09-24","23600","109 R","102998","Regular","2026-09-24_102998","night","2026-09-24T21:55:00","8436","Ice Factory","24","6616","Injambakkam","30","2026-09-24T21:59:00","2026-09-24T22:05:00","1","60","ALL_TICKETS_USED","AT_TICKET_DESTINATION"
"SYN001722","SYNTHETIC","ETM_STYLE","2026-09-24","23600","109 R","102998","Regular","2026-09-24_102998","night","2026-09-24T21:54:00","8666","Thiruvalluvar Nagar Rto","20","8311","Vettuvakeni","27","2026-09-24T21:54:00","2026-09-24T22:02:00","2","60","ALL_TICKETS_USED","AT_TICKET_DESTINATION"
"SYN001723","SYNTHETIC","CHENNAI_ONE_STYLE","2026-09-24","23600","109 R","102998","Regular","2026-09-24_102998","night","2026-09-24T21:37:00","5913","Adyar Depot","17","8436","Ice Factory","24","2026-09-24T21:42:00","2026-09-24T21:59:00","1","60","ALL_TICKETS_USED","AT_TICKET_DESTINATION"
"SYN001724","SYNTHETIC","ETM_STYLE","2026-09-24","23600","109 R","102998","Regular","2026-09-24_102998","night","2026-09-24T22:11:00","6459","Panaiyur","33","6130","Kunnukadu Alamaram","45","2026-09-24T22:11:00","2026-09-24T22:23:00","1","60","ALL_TICKETS_USED","AT_TICKET_DESTINATION"
"SYN001725","SYNTHETIC","ETM_STYLE","2026-09-24","23600","109 R","102998","Regular","2026-09-24_102998","night","2026-09-24T21:16:00","11192","Annasquare","5","5758","M.G.R Janaki College Or Sathya Studio","15","2026-09-24T21:16:00","2026-09-24T21:38:00","2","60","ALL_TICKETS_USED","AT_TICKET_DESTINATION"
"SYN001726","SYNTHETIC","ETM_STYLE","2026-09-25","23212","101 R","5022","Regular","2026-09-25_5022","morning","2026-09-25T07:35:00","9428","Kallarai","3","10539","Thiruvottiyur Ajax Bus Depot","58","2026-09-25T07:35:00","2026-09-25T09:06:00","1","60","ALL_TICKETS_USED","AT_TICKET_DESTINATION"
"SYN001727","SYNTHETIC","CHENNAI_ONE_STYLE","2026-09-25","23212","101 R","5022","Regular","2026-09-25_5022","morning","2026-09-25T08:05:00","9628","Rohini Theatre","18","10424","Kalaimagal Vidyalaya Or Esso","44","2026-09-25T08:06:00","2026-09-25T08:48:00","3","60","ALL_TICKETS_USED","AT_TICKET_DESTINATION"
"SYN001728","SYNTHETIC","CHENNAI_ONE_STYLE","2026-09-25","23212","101 R","5022","Regular","2026-09-25_5022","morning","2026-09-25T07:45:00","10269","Maduravoyal Erikarai","11","10539","Thiruvottiyur Ajax Bus Depot","58","2026-09-25T07:53:00","2026-09-25T09:06:00","2","60","ALL_TICKETS_USED","AT_TICKET_DESTINATION"
"SYN001729","SYNTHETIC","CHENNAI_ONE_STYLE","2026-09-25","23212","101 R","5022","Regular","2026-09-25_5022","morning","2026-09-25T08:06:00","9628","Rohini Theatre","18","7508","Thiruvottiyur Market","56","2026-09-25T08:06:00","2026-09-25T09:04:00","1","60","ALL_TICKETS_USED","AT_TICKET_DESTINATION"
"SYN001730","SYNTHETIC","ETM_STYLE","2026-09-25","23212","101 R","5022","Regular","2026-09-25_5022","morning","2026-09-25T07:58:00","9581","Vengaya Mandi","15","7487","Thiruvotriyur Temple","55","2026-09-25T07:58:00","2026-09-25T09:03:00","2","60","ALL_TICKETS_USED","AT_TICKET_DESTINATION"
"SYN001731","SYNTHETIC","CHENNAI_ONE_STYLE","2026-09-25","23212","101 R","5022","Regular","2026-09-25_5022","morning","2026-09-25T07:49:00","9525","Kumar Theatre","9","7508","Thiruvottiyur Market","56","2026-09-25T07:49:00","2026-09-25T09:04:00","2","60","ALL_TICKETS_USED","AT_TICKET_DESTINATION"
"SYN001732","SYNTHETIC","CHENNAI_ONE_STYLE","2026-09-25","23212","101 R","5022","Regular","2026-09-25_5022","morning","2026-09-25T07:27:00","10238","Poonamallee Municipality Or Kumananchavadi","5","5536","Thangal Tollgate","50","2026-09-25T07:38:00","2026-09-25T08:57:00","1","60","ALL_TICKETS_USED","AT_TICKET_DESTINATION"
"SYN001733","SYNTHETIC","ETM_STYLE","2026-09-25","23212","101 R","5022","Regular","2026-09-25_5022","morning","2026-09-25T08:05:00","9615","Mettukulam","17","10539","Thiruvottiyur Ajax Bus Depot","58","2026-09-25T08:05:00","2026-09-25T09:06:00","1","60","ALL_TICKETS_USED","AT_TICKET_DESTINATION"
"SYN001734","SYNTHETIC","ETM_STYLE","2026-09-25","23212","101 R","5022","Regular","2026-09-25_5022","morning","2026-09-25T07:37:00","9392","Karayanchavadi","4","6936","Kalmandapam Police Station","43","2026-09-25T07:37:00","2026-09-25T08:47:00","1","60","ALL_TICKETS_USED","AT_TICKET_DESTINATION"
"SYN001735","SYNTHETIC","ETM_STYLE","2026-09-25","23212","101 R","5022","Regular","2026-09-25_5022","morning","2026-09-25T07:56:00","9566","Maduravoyal Ration Shop","14","7480","Theradi","54","2026-09-25T07:56:00","2026-09-25T09:02:00","1","60","ALL_TICKETS_USED","AT_TICKET_DESTINATION"
"SYN001736","SYNTHETIC","CHENNAI_ONE_STYLE","2026-09-25","23212","101 R","5022","Regular","2026-09-25_5022","morning","2026-09-25T07:53:00","9566","Maduravoyal Ration Shop","14","7531","Vellayan Chettiyar School","57","2026-09-25T07:56:00","2026-09-25T09:05:00","2","60","ALL_TICKETS_USED","AT_TICKET_DESTINATION"
"SYN001737","SYNTHETIC","CHENNAI_ONE_STYLE","2026-09-25","23212","101 R","5022","Regular","2026-09-25_5022","morning","2026-09-25T08:02:00","10293","Arumbakkam P.H Road","19","6847","Royapuram Market","42","2026-09-25T08:07:00","2026-09-25T08:45:00","1","60","ALL_TICKETS_USED","AT_TICKET_DESTINATION"
"SYN001738","SYNTHETIC","CHENNAI_ONE_STYLE","2026-09-25","23212","101 R","5022","Regular","2026-09-25_5022","morning","2026-09-25T07:44:00","9513","Vaanagaram","10","11087","Surya Narayana Road","46","2026-09-25T07:51:00","2026-09-25T08:50:00","1","60","ALL_TICKETS_USED","AT_TICKET_DESTINATION"
"SYN001739","SYNTHETIC","ETM_STYLE","2026-09-25","23212","101 R","5022","Regular","2026-09-25_5022","morning","2026-09-25T07:37:00","9392","Karayanchavadi","4","7032","Kasimedu Police Station","45","2026-09-25T07:37:00","2026-09-25T08:49:00","1","60","ALL_TICKETS_USED","AT_TICKET_DESTINATION"
"SYN001740","SYNTHETIC","ETM_STYLE","2026-09-25","23212","101 R","5022","Regular","2026-09-25_5022","morning","2026-09-25T07:58:00","9581","Vengaya Mandi","15","10539","Thiruvottiyur Ajax Bus Depot","58","2026-09-25T07:58:00","2026-09-25T09:06:00","2","60","ALL_TICKETS_USED","AT_TICKET_DESTINATION"
"SYN001741","SYNTHETIC","ETM_STYLE","2026-09-25","23212","101 R","5022","Regular","2026-09-25_5022","morning","2026-09-25T07:37:00","9392","Karayanchavadi","4","7292","Anna Nagar","49","2026-09-25T07:37:00","2026-09-25T08:53:00","2","60","ALL_TICKETS_USED","AT_TICKET_DESTINATION"
"SYN001742","SYNTHETIC","CHENNAI_ONE_STYLE","2026-09-25","23212","101 R","5022","Regular","2026-09-25_5022","morning","2026-09-25T07:48:00","10269","Maduravoyal Erikarai","11","7480","Theradi","54","2026-09-25T07:53:00","2026-09-25T09:02:00","2","60","ALL_TICKETS_USED","AT_TICKET_DESTINATION"
"SYN001743","SYNTHETIC","CHENNAI_ONE_STYLE","2026-09-25","23212","101 R","5022","Regular","2026-09-25_5022","morning","2026-09-25T07:37:00","9457","Saveetha Hospital","6","7189","Nagara Thottam","48","2026-09-25T07:41:00","2026-09-25T08:52:00","1","60","ALL_TICKETS_USED","AT_TICKET_DESTINATION"
"SYN001744","SYNTHETIC","ETM_STYLE","2026-09-25","23212","101 R","5022","Regular","2026-09-25_5022","morning","2026-09-25T07:49:00","9525","Kumar Theatre","9","6847","Royapuram Market","42","2026-09-25T07:49:00","2026-09-25T08:45:00","2","60","ALL_TICKETS_USED","AT_TICKET_DESTINATION"
"SYN001745","SYNTHETIC","ETM_STYLE","2026-09-25","23212","101 R","5022","Regular","2026-09-25_5022","morning","2026-09-25T07:58:00","9581","Vengaya Mandi","15","7189","Nagara Thottam","48","2026-09-25T07:58:00","2026-09-25T08:52:00","3","60","ALL_TICKETS_USED","AT_TICKET_DESTINATION"
"SYN001746","SYNTHETIC","ETM_STYLE","2026-09-25","23212","101 R","5022","Regular","2026-09-25_5022","morning","2026-09-25T07:55:00","9542","Maduravoyal Post Office","13","7292","Anna Nagar","49","2026-09-25T07:55:00","2026-09-25T08:53:00","2","60","ALL_TICKETS_USED","AT_TICKET_DESTINATION"
"SYN001747","SYNTHETIC","CHENNAI_ONE_STYLE","2026-09-25","23212","101 R","5022","Regular","2026-09-25_5022","morning","2026-09-25T07:31:00","9428","Kallarai","3","7032","Kasimedu Police Station","45","2026-09-25T07:35:00","2026-09-25T08:49:00","1","60","ALL_TICKETS_USED","AT_TICKET_DESTINATION"
"SYN001748","SYNTHETIC","ETM_STYLE","2026-09-25","23212","101 R","5022","Regular","2026-09-25_5022","morning","2026-09-25T07:37:00","9392","Karayanchavadi","4","7378","Thangal","51","2026-09-25T07:37:00","2026-09-25T08:58:00","1","60","ALL_TICKETS_USED","AT_TICKET_DESTINATION"
"SYN001749","SYNTHETIC","CHENNAI_ONE_STYLE","2026-09-25","23212","101 R","5022","Regular","2026-09-25_5022","morning","2026-09-25T07:55:00","9594","Nerkundram","16","7032","Kasimedu Police Station","45","2026-09-25T08:03:00","2026-09-25T08:49:00","2","60","ALL_TICKETS_USED","AT_TICKET_DESTINATION"
"SYN001750","SYNTHETIC","ETM_STYLE","2026-09-25","23212","101 R","5022","Regular","2026-09-25_5022","morning","2026-09-25T07:55:00","9542","Maduravoyal Post Office","13","7577","Thiruvottriyur Bus Stand","59","2026-09-25T07:55:00","2026-09-25T09:07:00","2","60","ALL_TICKETS_USED","AT_TICKET_DESTINATION"
"SYN001751","SYNTHETIC","CHENNAI_ONE_STYLE","2026-09-25","23212","101 R","5022","Regular","2026-09-25_5022","morning","2026-09-25T07:53:00","10269","Maduravoyal Erikarai","11","7531","Vellayan Chettiyar School","57","2026-09-25T07:53:00","2026-09-25T09:05:00","1","60","ALL_TICKETS_USED","AT_TICKET_DESTINATION"
"SYN001752","SYNTHETIC","CHENNAI_ONE_STYLE","2026-09-25","23212","101 R","5022","Regular","2026-09-25_5022","morning","2026-09-25T07:25:00","9392","Karayanchavadi","4","7577","Thiruvottriyur Bus Stand","59","2026-09-25T07:37:00","2026-09-25T09:07:00","1","60","ALL_TICKETS_USED","AT_TICKET_DESTINATION"
"SYN001753","SYNTHETIC","ETM_STYLE","2026-09-25","23212","101 R","5022","Regular","2026-09-25_5022","morning","2026-09-25T07:58:00","9581","Vengaya Mandi","15","6758","Clive Battery","40","2026-09-25T07:58:00","2026-09-25T08:42:00","1","60","ALL_TICKETS_USED","AT_TICKET_DESTINATION"
"SYN001754","SYNTHETIC","ETM_STYLE","2026-09-25","23212","101 R","5022","Regular","2026-09-25_5022","morning","2026-09-25T07:43:00","9500","Acs Medical College","7","7292","Anna Nagar","49","2026-09-25T07:43:00","2026-09-25T08:53:00","1","60","ALL_TICKETS_USED","AT_TICKET_DESTINATION"
"SYN001755","SYNTHETIC","CHENNAI_ONE_STYLE","2026-09-25","23212","101 R","5022","Regular","2026-09-25_5022","morning","2026-09-25T07:56:00","9581","Vengaya Mandi","15","6758","Clive Battery","40","2026-09-25T07:58:00","2026-09-25T08:42:00","2","60","ALL_TICKETS_USED","AT_TICKET_DESTINATION"
"SYN001756","SYNTHETIC","ETM_STYLE","2026-09-25","23212","101 R","5013","Regular","2026-09-25_5013","afternoon","2026-09-25T12:57:00","9392","Karayanchavadi","4","7480","Theradi","54","2026-09-25T12:57:00","2026-09-25T14:22:00","1","60","ALL_TICKETS_USED","AT_TICKET_DESTINATION"
"SYN001757","SYNTHETIC","ETM_STYLE","2026-09-25","23212","101 R","5013","Regular","2026-09-25_5013","afternoon","2026-09-25T13:06:00","9519","Velappanchavadi","8","7480","Theradi","54","2026-09-25T13:06:00","2026-09-25T14:22:00","2","60","ALL_TICKETS_USED","AT_TICKET_DESTINATION"
"SYN001758","SYNTHETIC","CHENNAI_ONE_STYLE","2026-09-25","23212","101 R","5013","Regular","2026-09-25_5013","afternoon","2026-09-25T14:22:00","10539","Thiruvottiyur Ajax Bus Depot","58","7577","Thiruvottriyur Bus Stand","59","2026-09-25T14:26:00","2026-09-25T14:27:00","1","60","ALL_TICKETS_USED","AT_TICKET_DESTINATION"
"SYN001759","SYNTHETIC","ETM_STYLE","2026-09-25","23212","101 R","5013","Regular","2026-09-25_5013","afternoon","2026-09-25T12:53:00","9436","Poonamallee Government Hospital","2","6847","Royapuram Market","42","2026-09-25T12:53:00","2026-09-25T14:05:00","3","60","ALL_TICKETS_USED","AT_TICKET_DESTINATION"
"SYN001760","SYNTHETIC","ETM_STYLE","2026-09-25","23212","101 R","5013","Regular","2026-09-25_5013","afternoon","2026-09-25T14:23:00","7487","Thiruvotriyur Temple","55","7577","Thiruvottriyur Bus Stand","59","2026-09-25T14:23:00","2026-09-25T14:27:00","2","60","ALL_TICKETS_USED","AT_TICKET_DESTINATION"
"SYN001761","SYNTHETIC","ETM_STYLE","2026-09-25","23212","101 R","5013","Regular","2026-09-25_5013","afternoon","2026-09-25T13:27:00","10293","Arumbakkam P.H Road","19","9650","Arumbakkam Post Office","20","2026-09-25T13:27:00","2026-09-25T13:28:00","2","60","ALL_TICKETS_USED","AT_TICKET_DESTINATION"
"SYN001762","SYNTHETIC","ETM_STYLE","2026-09-25","23212","101 R","5013","Regular","2026-09-25_5013","afternoon","2026-09-25T14:03:00","6780","Thambu Chetty Street","41","7083","Kasimedu","47","2026-09-25T14:03:00","2026-09-25T14:11:00","2","60","ALL_TICKETS_USED","AT_TICKET_DESTINATION"
"SYN001763","SYNTHETIC","ETM_STYLE","2026-09-25","23212","101 R","5013","Regular","2026-09-25_5013","afternoon","2026-09-25T13:03:00","9500","Acs Medical College","7","5536","Thangal Tollgate","50","2026-09-25T13:03:00","2026-09-25T14:17:00","2","60","ALL_TICKETS_USED","AT_TICKET_DESTINATION"
"SYN001764","SYNTHETIC","ETM_STYLE","2026-09-25","23212","101 R","5013","Regular","2026-09-25_5013","afternoon","2026-09-25T13:47:00","101","Park Station","33","7487","Thiruvotriyur Temple","55","2026-09-25T13:47:00","2026-09-25T14:23:00","2","60","ALL_TICKETS_USED","AT_TICKET_DESTINATION"
"SYN001765","SYNTHETIC","ETM_STYLE","2026-09-25","23212","101 R","5013","Regular","2026-09-25_5013","afternoon","2026-09-25T13:06:00","9519","Velappanchavadi","8","11087","Surya Narayana Road","46","2026-09-25T13:06:00","2026-09-25T14:10:00","1","60","ALL_TICKETS_USED","AT_TICKET_DESTINATION"
"SYN001766","SYNTHETIC","CHENNAI_ONE_STYLE","2026-09-25","23212","101 R","5013","Regular","2026-09-25_5013","afternoon","2026-09-25T13:13:00","9536","Maduravoyal","12","5536","Thangal Tollgate","50","2026-09-25T13:14:00","2026-09-25T14:17:00","2","60","ALL_TICKETS_USED","AT_TICKET_DESTINATION"
"SYN001767","SYNTHETIC","CHENNAI_ONE_STYLE","2026-09-25","23212","101 R","5013","Regular","2026-09-25_5013","afternoon","2026-09-25T13:50:00","9805","Parrys Corner","37","7577","Thiruvottriyur Bus Stand","59","2026-09-25T13:59:00","2026-09-25T14:27:00","2","60","ALL_TICKETS_USED","AT_TICKET_DESTINATION"
"SYN001768","SYNTHETIC","CHENNAI_ONE_STYLE","2026-09-25","23212","101 R","5013","Regular","2026-09-25_5013","afternoon","2026-09-25T14:10:00","7487","Thiruvotriyur Temple","55","7508","Thiruvottiyur Market","56","2026-09-25T14:23:00","2026-09-25T14:24:00","1","60","ALL_TICKETS_USED","AT_TICKET_DESTINATION"
"SYN001769","SYNTHETIC","ETM_STYLE","2026-09-25","23212","101 R","5015","Regular","2026-09-25_5015","evening","2026-09-25T17:18:00","9500","Acs Medical College","7","10424","Kalaimagal Vidyalaya Or Esso","44","2026-09-25T17:18:00","2026-09-25T18:23:00","1","60","ALL_TICKETS_USED","AT_TICKET_DESTINATION"
"SYN001770","SYNTHETIC","ETM_STYLE","2026-09-25","23212","101 R","5015","Regular","2026-09-25_5015","evening","2026-09-25T17:21:00","9519","Velappanchavadi","8","7450","Ellaiamman Kovil","53","2026-09-25T17:21:00","2026-09-25T18:36:00","1","60","ALL_TICKETS_USED","AT_TICKET_DESTINATION"
"SYN001771","SYNTHETIC","ETM_STYLE","2026-09-25","23212","101 R","5015","Regular","2026-09-25_5015","evening","2026-09-25T17:18:00","9500","Acs Medical College","7","7403","Raja Kaladi","52","2026-09-25T17:18:00","2026-09-25T18:34:00","1","60","ALL_TICKETS_USED","AT_TICKET_DESTINATION"
"SYN001772","SYNTHETIC","CHENNAI_ONE_STYLE","2026-09-25","23212","101 R","5015","Regular","2026-09-25_5015","evening","2026-09-25T17:16:00","9566","Maduravoyal Ration Shop","14","10539","Thiruvottiyur Ajax Bus Depot","58","2026-09-25T17:31:00","2026-09-25T18:41:00","1","60","ALL_TICKETS_USED","AT_TICKET_DESTINATION"
"SYN001773","SYNTHETIC","CHENNAI_ONE_STYLE","2026-09-25","23212","101 R","5015","Regular","2026-09-25_5015","evening","2026-09-25T17:27:00","10293","Arumbakkam P.H Road","19","10539","Thiruvottiyur Ajax Bus Depot","58","2026-09-25T17:42:00","2026-09-25T18:41:00","2","60","ALL_TICKETS_USED","AT_TICKET_DESTINATION"
"SYN001774","SYNTHETIC","CHENNAI_ONE_STYLE","2026-09-25","23212","101 R","5015","Regular","2026-09-25_5015","evening","2026-09-25T17:15:00","9500","Acs Medical College","7","6758","Clive Battery","40","2026-09-25T17:18:00","2026-09-25T18:17:00","1","60","ALL_TICKETS_USED","AT_TICKET_DESTINATION"
"SYN001775","SYNTHETIC","ETM_STYLE","2026-09-25","23212","101 R","5015","Regular","2026-09-25_5015","evening","2026-09-25T17:26:00","9513","Vaanagaram","10","7032","Kasimedu Police Station","45","2026-09-25T17:26:00","2026-09-25T18:24:00","1","60","ALL_TICKETS_USED","AT_TICKET_DESTINATION"
"SYN001776","SYNTHETIC","ETM_STYLE","2026-09-25","23212","101 R","5015","Regular","2026-09-25_5015","evening","2026-09-25T17:28:00","10269","Maduravoyal Erikarai","11","7480","Theradi","54","2026-09-25T17:28:00","2026-09-25T18:37:00","1","60","ALL_TICKETS_USED","AT_TICKET_DESTINATION"
"SYN001777","SYNTHETIC","ETM_STYLE","2026-09-25","23212","101 R","5015","Regular","2026-09-25_5015","evening","2026-09-25T17:33:00","9581","Vengaya Mandi","15","7189","Nagara Thottam","48","2026-09-25T17:33:00","2026-09-25T18:27:00","2","60","ALL_TICKETS_USED","AT_TICKET_DESTINATION"
"SYN001778","SYNTHETIC","ETM_STYLE","2026-09-25","23212","101 R","5015","Regular","2026-09-25_5015","evening","2026-09-25T17:31:00","9566","Maduravoyal Ration Shop","14","7577","Thiruvottriyur Bus Stand","59","2026-09-25T17:31:00","2026-09-25T18:42:00","2","60","ALL_TICKETS_USED","AT_TICKET_DESTINATION"
"SYN001779","SYNTHETIC","ETM_STYLE","2026-09-25","23212","101 R","5015","Regular","2026-09-25_5015","evening","2026-09-25T17:18:00","9500","Acs Medical College","7","6936","Kalmandapam Police Station","43","2026-09-25T17:18:00","2026-09-25T18:22:00","2","60","ALL_TICKETS_USED","AT_TICKET_DESTINATION"
"SYN001780","SYNTHETIC","ETM_STYLE","2026-09-25","23212","101 R","5015","Regular","2026-09-25_5015","evening","2026-09-25T17:29:00","9536","Maduravoyal","12","7083","Kasimedu","47","2026-09-25T17:29:00","2026-09-25T18:26:00","2","60","ALL_TICKETS_USED","AT_TICKET_DESTINATION"
"SYN001781","SYNTHETIC","ETM_STYLE","2026-09-25","23212","101 R","5015","Regular","2026-09-25_5015","evening","2026-09-25T17:16:00","9457","Saveetha Hospital","6","7032","Kasimedu Police Station","45","2026-09-25T17:16:00","2026-09-25T18:24:00","2","60","ALL_TICKETS_USED","AT_TICKET_DESTINATION"
"SYN001782","SYNTHETIC","ETM_STYLE","2026-09-25","23212","101 R","5015","Regular","2026-09-25_5015","evening","2026-09-25T17:40:00","9615","Mettukulam","17","6936","Kalmandapam Police Station","43","2026-09-25T17:40:00","2026-09-25T18:22:00","1","60","ALL_TICKETS_USED","AT_TICKET_DESTINATION"
"SYN001783","SYNTHETIC","ETM_STYLE","2026-09-25","23212","101 R","5015","Regular","2026-09-25_5015","evening","2026-09-25T17:30:00","9542","Maduravoyal Post Office","13","10424","Kalaimagal Vidyalaya Or Esso","44","2026-09-25T17:30:00","2026-09-25T18:23:00","1","60","ALL_TICKETS_USED","AT_TICKET_DESTINATION"
"SYN001784","SYNTHETIC","CHENNAI_ONE_STYLE","2026-09-25","23212","101 R","5015","Regular","2026-09-25_5015","evening","2026-09-25T17:26:00","9542","Maduravoyal Post Office","13","10424","Kalaimagal Vidyalaya Or Esso","44","2026-09-25T17:30:00","2026-09-25T18:23:00","1","60","ALL_TICKETS_USED","AT_TICKET_DESTINATION"
"SYN001785","SYNTHETIC","CHENNAI_ONE_STYLE","2026-09-25","23212","101 R","5015","Regular","2026-09-25_5015","evening","2026-09-25T17:10:00","9519","Velappanchavadi","8","7487","Thiruvotriyur Temple","55","2026-09-25T17:21:00","2026-09-25T18:38:00","2","60","ALL_TICKETS_USED","AT_TICKET_DESTINATION"
"SYN001786","SYNTHETIC","ETM_STYLE","2026-09-25","23212","101 R","5015","Regular","2026-09-25_5015","evening","2026-09-25T17:26:00","9513","Vaanagaram","10","7450","Ellaiamman Kovil","53","2026-09-25T17:26:00","2026-09-25T18:36:00","1","60","ALL_TICKETS_USED","AT_TICKET_DESTINATION"
"SYN001787","SYNTHETIC","CHENNAI_ONE_STYLE","2026-09-25","23212","101 R","5015","Regular","2026-09-25_5015","evening","2026-09-25T17:19:00","9525","Kumar Theatre","9","7032","Kasimedu Police Station","45","2026-09-25T17:24:00","2026-09-25T18:24:00","1","60","ALL_TICKETS_USED","AT_TICKET_DESTINATION"
"SYN001788","SYNTHETIC","CHENNAI_ONE_STYLE","2026-09-25","23212","101 R","5015","Regular","2026-09-25_5015","evening","2026-09-25T17:25:00","9536","Maduravoyal","12","7508","Thiruvottiyur Market","56","2026-09-25T17:29:00","2026-09-25T18:39:00","1","60","ALL_TICKETS_USED","AT_TICKET_DESTINATION"
"SYN001789","SYNTHETIC","ETM_STYLE","2026-09-25","23212","101 R","5015","Regular","2026-09-25_5015","evening","2026-09-25T17:26:00","9513","Vaanagaram","10","6847","Royapuram Market","42","2026-09-25T17:26:00","2026-09-25T18:20:00","1","60","ALL_TICKETS_USED","AT_TICKET_DESTINATION"
"SYN001790","SYNTHETIC","CHENNAI_ONE_STYLE","2026-09-25","23212","101 R","5015","Regular","2026-09-25_5015","evening","2026-09-25T17:01:00","10238","Poonamallee Municipality Or Kumananchavadi","5","7480","Theradi","54","2026-09-25T17:13:00","2026-09-25T18:37:00","1","60","ALL_TICKETS_USED","AT_TICKET_DESTINATION"
"SYN001791","SYNTHETIC","CHENNAI_ONE_STYLE","2026-09-25","23212","101 R","5015","Regular","2026-09-25_5015","evening","2026-09-25T17:02:00","9440","Poonamallee","1","7032","Kasimedu Police Station","45","2026-09-25T17:05:00","2026-09-25T18:24:00","3","60","ALL_TICKETS_USED","AT_TICKET_DESTINATION"
"SYN001792","SYNTHETIC","ETM_STYLE","2026-09-25","23212","101 R","5015","Regular","2026-09-25_5015","evening","2026-09-25T17:40:00","9615","Mettukulam","17","6847","Royapuram Market","42","2026-09-25T17:40:00","2026-09-25T18:20:00","2","60","ALL_TICKETS_USED","AT_TICKET_DESTINATION"
"SYN001793","SYNTHETIC","ETM_STYLE","2026-09-25","23212","101 R","5015","Regular","2026-09-25_5015","evening","2026-09-25T17:33:00","9581","Vengaya Mandi","15","7189","Nagara Thottam","48","2026-09-25T17:33:00","2026-09-25T18:27:00","1","60","ALL_TICKETS_USED","AT_TICKET_DESTINATION"
"SYN001794","SYNTHETIC","ETM_STYLE","2026-09-25","23212","101 R","5015","Regular","2026-09-25_5015","evening","2026-09-25T17:05:00","9440","Poonamallee","1","7189","Nagara Thottam","48","2026-09-25T17:05:00","2026-09-25T18:27:00","2","60","ALL_TICKETS_USED","AT_TICKET_DESTINATION"
"SYN001795","SYNTHETIC","CHENNAI_ONE_STYLE","2026-09-25","23212","101 R","5015","Regular","2026-09-25_5015","evening","2026-09-25T17:24:00","10269","Maduravoyal Erikarai","11","7403","Raja Kaladi","52","2026-09-25T17:28:00","2026-09-25T18:34:00","1","60","ALL_TICKETS_USED","AT_TICKET_DESTINATION"
"SYN001796","SYNTHETIC","ETM_STYLE","2026-09-25","23212","101 R","5015","Regular","2026-09-25_5015","evening","2026-09-25T17:28:00","10269","Maduravoyal Erikarai","11","6936","Kalmandapam Police Station","43","2026-09-25T17:28:00","2026-09-25T18:22:00","2","60","ALL_TICKETS_USED","AT_TICKET_DESTINATION"
"SYN001797","SYNTHETIC","ETM_STYLE","2026-09-25","23212","101 R","5015","Regular","2026-09-25_5015","evening","2026-09-25T17:41:00","9628","Rohini Theatre","18","7403","Raja Kaladi","52","2026-09-25T17:41:00","2026-09-25T18:34:00","1","60","ALL_TICKETS_USED","AT_TICKET_DESTINATION"
"SYN001798","SYNTHETIC","ETM_STYLE","2026-09-25","23212","101 R","5015","Regular","2026-09-25_5015","evening","2026-09-25T17:10:00","9428","Kallarai","3","10539","Thiruvottiyur Ajax Bus Depot","58","2026-09-25T17:10:00","2026-09-25T18:41:00","1","60","ALL_TICKETS_USED","AT_TICKET_DESTINATION"
"SYN001799","SYNTHETIC","ETM_STYLE","2026-09-25","23212","101 R","71785","Regular","2026-09-25_71785","night","2026-09-25T23:00:00","9594","Nerkundram","16","7487","Thiruvotriyur Temple","55","2026-09-25T23:00:00","2026-09-26T00:00:00","1","60","ALL_TICKETS_USED","AT_TICKET_DESTINATION"
"SYN001800","SYNTHETIC","ETM_STYLE","2026-09-25","23212","101 R","71785","Regular","2026-09-25_71785","night","2026-09-25T23:42:00","6847","Royapuram Market","42","7083","Kasimedu","47","2026-09-25T23:42:00","2026-09-25T23:48:00","1","60","ALL_TICKETS_USED","AT_TICKET_DESTINATION"
"SYN001801","SYNTHETIC","ETM_STYLE","2026-09-25","23212","101 R","71785","Regular","2026-09-25_71785","night","2026-09-25T23:06:00","9638","Dg Vaishnava College","21","7378","Thangal","51","2026-09-25T23:06:00","2026-09-25T23:55:00","1","60","ALL_TICKETS_USED","AT_TICKET_DESTINATION"
"SYN001802","SYNTHETIC","ETM_STYLE","2026-09-25","23212","101 R","71785","Regular","2026-09-25_71785","night","2026-09-25T23:13:00","9636","Pachaiyappas College","25","54","Hotel Everest","32","2026-09-25T23:13:00","2026-09-25T23:23:00","1","60","ALL_TICKETS_USED","AT_TICKET_DESTINATION"
"SYN001803","SYNTHETIC","CHENNAI_ONE_STYLE","2026-09-25","23212","101 R","71785","Regular","2026-09-25_71785","night","2026-09-25T23:12:00","9671","Sangam Theatre","29","9782","High Court","36","2026-09-25T23:18:00","2026-09-25T23:34:00","3","60","ALL_TICKETS_USED","AT_TICKET_DESTINATION"
"SYN001804","SYNTHETIC","ETM_STYLE","2026-09-25","23212","101 R","71785","Regular","2026-09-25_71785","night","2026-09-25T23:44:00","6936","Kalmandapam Police Station","43","7531","Vellayan Chettiyar School","57","2026-09-25T23:44:00","2026-09-26T00:02:00","1","60","ALL_TICKETS_USED","AT_TICKET_DESTINATION"
"SYN001805","SYNTHETIC","CHENNAI_ONE_STYLE","2026-09-25","23212","101 R","71785","Regular","2026-09-25_71785","night","2026-09-25T23:15:00","9659","Kmc Hospital","27","6780","Thambu Chetty Street","41","2026-09-25T23:16:00","2026-09-25T23:40:00","3","60","ALL_TICKETS_USED","AT_TICKET_DESTINATION"
"SYN001806","SYNTHETIC","CHENNAI_ONE_STYLE","2026-09-25","23212","101 R","71785","Regular","2026-09-25_71785","night","2026-09-25T23:34:00","9843","Beach Station","38","10424","Kalaimagal Vidyalaya Or Esso","44","2026-09-25T23:37:00","2026-09-25T23:45:00","1","60","ALL_TICKETS_USED","AT_TICKET_DESTINATION"
"SYN001807","SYNTHETIC","ETM_STYLE","2026-09-25","23212","101 R","71785","Regular","2026-09-25_71785","night","2026-09-25T23:50:00","7292","Anna Nagar","49","5536","Thangal Tollgate","50","2026-09-25T23:50:00","2026-09-25T23:54:00","3","60","ALL_TICKETS_USED","AT_TICKET_DESTINATION"
"SYN001808","SYNTHETIC","ETM_STYLE","2026-09-25","23212","101 R","71785","Regular","2026-09-25_71785","night","2026-09-25T23:40:00","6780","Thambu Chetty Street","41","7083","Kasimedu","47","2026-09-25T23:40:00","2026-09-25T23:48:00","1","60","ALL_TICKETS_USED","AT_TICKET_DESTINATION"
"SYN001809","SYNTHETIC","CHENNAI_ONE_STYLE","2026-09-25","23212","101 R","71785","Regular","2026-09-25_71785","night","2026-09-25T23:54:00","7403","Raja Kaladi","52","10539","Thiruvottiyur Ajax Bus Depot","58","2026-09-25T23:56:00","2026-09-26T00:03:00","3","60","ALL_TICKETS_USED","AT_TICKET_DESTINATION"
"SYN001810","SYNTHETIC","ETM_STYLE","2026-09-25","23212","101 R","71785","Regular","2026-09-25_71785","night","2026-09-26T00:00:00","7487","Thiruvotriyur Temple","55","7577","Thiruvottriyur Bus Stand","59","2026-09-26T00:00:00","2026-09-26T00:04:00","1","60","ALL_TICKETS_USED","AT_TICKET_DESTINATION"
"SYN001811","SYNTHETIC","ETM_STYLE","2026-09-25","24079","102","108712","Regular","2026-09-25_108712","morning","2026-09-25T09:32:00","5932","War Memorial","5","9974","Navalur","41","2026-09-25T09:32:00","2026-09-25T10:33:00","2","60","ALL_TICKETS_USED","AT_TICKET_DESTINATION"
"SYN001812","SYNTHETIC","CHENNAI_ONE_STYLE","2026-09-25","24079","102","108712","Regular","2026-09-25_108712","morning","2026-09-25T09:28:00","11192","Annasquare","6","6420","Kumaran Nagar","37","2026-09-25T09:33:00","2026-09-25T10:26:00","1","60","ALL_TICKETS_USED","AT_TICKET_DESTINATION"
"SYN001813","SYNTHETIC","ETM_STYLE","2026-09-25","24079","102","108712","Regular","2026-09-25_108712","morning","2026-09-25T09:38:00","5916","Vivekananda House","9","6403","Satyabhama University","38","2026-09-25T09:38:00","2026-09-25T10:28:00","2","60","ALL_TICKETS_USED","AT_TICKET_DESTINATION"
"SYN001814","SYNTHETIC","ETM_STYLE","2026-09-25","24079","102","108712","Regular","2026-09-25_108712","morning","2026-09-25T09:38:00","5916","Vivekananda House","9","6454","Ponniamman Kovil","36","2026-09-25T09:38:00","2026-09-25T10:24:00","2","60","ALL_TICKETS_USED","AT_TICKET_DESTINATION"
"SYN001815","SYNTHETIC","ETM_STYLE","2026-09-25","24079","102","108712","Regular","2026-09-25_108712","morning","2026-09-25T09:45:00","9158","Foreshore Estate Bus Terminus","13","6358","Semmancheri","39","2026-09-25T09:45:00","2026-09-25T10:31:00","1","60","ALL_TICKETS_USED","AT_TICKET_DESTINATION"
"SYN001816","SYNTHETIC","ETM_STYLE","2026-09-25","24079","102","108712","Regular","2026-09-25_108712","morning","2026-09-25T09:31:00","5814","Secretariat","4","6420","Kumaran Nagar","37","2026-09-25T09:31:00","2026-09-25T10:26:00","1","60","ALL_TICKETS_USED","AT_TICKET_DESTINATION"
"SYN001817","SYNTHETIC","CHENNAI_ONE_STYLE","2026-09-25","24079","102","108712","Regular","2026-09-25_108712","morning","2026-09-25T09:34:00","9128","Mrc Nagar","14","6157","Padur","47","2026-09-25T09:47:00","2026-09-25T10:40:00","1","60","ALL_TICKETS_USED","AT_TICKET_DESTINATION"
"SYN001818","SYNTHETIC","CHENNAI_ONE_STYLE","2026-09-25","24079","102","108712","Regular","2026-09-25_108712","morning","2026-09-25T09:34:00","9262","Santhome Church","12","6403","Satyabhama University","38","2026-09-25T09:42:00","2026-09-25T10:28:00","1","60","ALL_TICKETS_USED","AT_TICKET_DESTINATION"
"SYN001819","SYNTHETIC","ETM_STYLE","2026-09-25","24079","102","108712","Regular","2026-09-25_108712","morning","2026-09-25T09:32:00","5932","War Memorial","5","6454","Ponniamman Kovil","36","2026-09-25T09:32:00","2026-09-25T10:24:00","2","60","ALL_TICKETS_USED","AT_TICKET_DESTINATION"
"SYN001820","SYNTHETIC","ETM_STYLE","2026-09-25","24079","102","108712","Regular","2026-09-25_108712","morning","2026-09-25T09:45:00","9158","Foreshore Estate Bus Terminus","13","6314","Ags Complex Navalur","40","2026-09-25T09:45:00","2026-09-25T10:32:00","2","60","ALL_TICKETS_USED","AT_TICKET_DESTINATION"
"SYN001821","SYNTHETIC","ETM_STYLE","2026-09-25","24079","102","108712","Regular","2026-09-25_108712","morning","2026-09-25T09:35:00","10941","Kannagi Statue Shelter 1","7","10012","Government School Shozhinganallur","35","2026-09-25T09:35:00","2026-09-25T10:23:00","2","60","ALL_TICKETS_USED","AT_TICKET_DESTINATION"
"SYN001822","SYNTHETIC","ETM_STYLE","2026-09-25","24079","102","108712","Regular","2026-09-25_108712","morning","2026-09-25T09:36:00","2601","Marina Beach","8","6157","Padur","47","2026-09-25T09:36:00","2026-09-25T10:40:00","1","60","ALL_TICKETS_USED","AT_TICKET_DESTINATION"
"SYN001823","SYNTHETIC","ETM_STYLE","2026-09-25","24079","102","108712","Regular","2026-09-25_108712","morning","2026-09-25T09:39:00","5917","Queen Marys College","10","6150","Hindustan College","48","2026-09-25T09:39:00","2026-09-25T10:41:00","2","60","ALL_TICKETS_USED","AT_TICKET_DESTINATION"
"SYN001824","SYNTHETIC","CHENNAI_ONE_STYLE","2026-09-25","24079","102","108712","Regular","2026-09-25_108712","morning","2026-09-25T09:39:00","5758","M.G.R Janaki College Or Sathya Studio","16","6179","Akshaya Padur","46","2026-09-25T09:49:00","2026-09-25T10:39:00","1","60","ALL_TICKETS_USED","AT_TICKET_DESTINATION"
"SYN001825","SYNTHETIC","ETM_STYLE","2026-09-25","24079","102","108712","Regular","2026-09-25_108712","morning","2026-09-25T09:29:00","9783","Parrys Corner","3","6099","Kelambakkam Bus Terminal","51","2026-09-25T09:29:00","2026-09-25T10:45:00","2","60","ALL_TICKETS_USED","AT_TICKET_DESTINATION"
"SYN001826","SYNTHETIC","ETM_STYLE","2026-09-25","24079","102","108712","Regular","2026-09-25_108712","morning","2026-09-25T09:27:00","9782","High Court","2","6132","Chettinad Hospital","49","2026-09-25T09:27:00","2026-09-25T10:42:00","1","60","ALL_TICKETS_USED","AT_TICKET_DESTINATION"
"SYN001827","SYNTHETIC","ETM_STYLE","2026-09-25","24079","102","108712","Regular","2026-09-25_108712","morning","2026-09-25T09:29:00","9783","Parrys Corner","3","6358","Semmancheri","39","2026-09-25T09:29:00","2026-09-25T10:31:00","2","60","ALL_TICKETS_USED","AT_TICKET_DESTINATION"
"SYN001828","SYNTHETIC","ETM_STYLE","2026-09-25","24079","102","108712","Regular","2026-09-25_108712","morning","2026-09-25T09:39:00","5917","Queen Marys College","10","6420","Kumaran Nagar","37","2026-09-25T09:39:00","2026-09-25T10:26:00","1","60","ALL_TICKETS_USED","AT_TICKET_DESTINATION"
"SYN001829","SYNTHETIC","ETM_STYLE","2026-09-25","24079","102","108712","Regular","2026-09-25_108712","morning","2026-09-25T09:42:00","9262","Santhome Church","12","6403","Satyabhama University","38","2026-09-25T09:42:00","2026-09-25T10:28:00","1","60","ALL_TICKETS_USED","AT_TICKET_DESTINATION"
"SYN001830","SYNTHETIC","ETM_STYLE","2026-09-25","24079","102","108712","Regular","2026-09-25_108712","morning","2026-09-25T09:27:00","9782","High Court","2","6198","Kazhipattur","45","2026-09-25T09:27:00","2026-09-25T10:38:00","1","60","ALL_TICKETS_USED","AT_TICKET_DESTINATION"
"SYN001831","SYNTHETIC","ETM_STYLE","2026-09-25","24079","102","108712","Regular","2026-09-25_108712","morning","2026-09-25T09:31:00","5814","Secretariat","4","6225","Vaniyanchavadi Padma Adarsh School","44","2026-09-25T09:31:00","2026-09-25T10:37:00","1","60","ALL_TICKETS_USED","AT_TICKET_DESTINATION"
"SYN001832","SYNTHETIC","ETM_STYLE","2026-09-25","24079","102","108712","Regular","2026-09-25_108712","morning","2026-09-25T09:47:00","9128","Mrc Nagar","14","6403","Satyabhama University","38","2026-09-25T09:47:00","2026-09-25T10:28:00","3","60","ALL_TICKETS_USED","AT_TICKET_DESTINATION"
"SYN001833","SYNTHETIC","ETM_STYLE","2026-09-25","24079","102","108712","Regular","2026-09-25_108712","morning","2026-09-25T09:45:00","9158","Foreshore Estate Bus Terminus","13","6454","Ponniamman Kovil","36","2026-09-25T09:45:00","2026-09-25T10:24:00","3","60","ALL_TICKETS_USED","AT_TICKET_DESTINATION"
"SYN001834","SYNTHETIC","ETM_STYLE","2026-09-25","24079","102","108712","Regular","2026-09-25_108712","morning","2026-09-25T09:45:00","9158","Foreshore Estate Bus Terminus","13","6132","Chettinad Hospital","49","2026-09-25T09:45:00","2026-09-25T10:42:00","1","60","ALL_TICKETS_USED","AT_TICKET_DESTINATION"
"SYN001835","SYNTHETIC","ETM_STYLE","2026-09-25","24079","102","108712","Regular","2026-09-25_108712","morning","2026-09-25T09:39:00","5917","Queen Marys College","10","6179","Akshaya Padur","46","2026-09-25T09:39:00","2026-09-25T10:39:00","1","60","ALL_TICKETS_USED","AT_TICKET_DESTINATION"
"SYN001836","SYNTHETIC","CHENNAI_ONE_STYLE","2026-09-25","24079","102","108712","Regular","2026-09-25_108712","morning","2026-09-25T09:09:00","11159","Island ground Terminus","1","6358","Semmancheri","39","2026-09-25T09:20:00","2026-09-25T10:31:00","1","60","ALL_TICKETS_USED","AT_TICKET_DESTINATION"
"SYN001837","SYNTHETIC","ETM_STYLE","2026-09-25","24079","102","108712","Regular","2026-09-25_108712","morning","2026-09-25T09:31:00","5814","Secretariat","4","6358","Semmancheri","39","2026-09-25T09:31:00","2026-09-25T10:31:00","3","60","ALL_TICKETS_USED","AT_TICKET_DESTINATION"
"SYN001838","SYNTHETIC","ETM_STYLE","2026-09-25","24079","102","108712","Regular","2026-09-25_108712","morning","2026-09-25T09:47:00","9128","Mrc Nagar","14","6099","Kelambakkam Bus Terminal","51","2026-09-25T09:47:00","2026-09-25T10:45:00","3","60","ALL_TICKETS_USED","AT_TICKET_DESTINATION"
"SYN001839","SYNTHETIC","ETM_STYLE","2026-09-25","24079","102","108712","Regular","2026-09-25_108712","morning","2026-09-25T09:31:00","5814","Secretariat","4","6132","Chettinad Hospital","49","2026-09-25T09:31:00","2026-09-25T10:42:00","1","60","ALL_TICKETS_USED","AT_TICKET_DESTINATION"
"SYN001840","SYNTHETIC","ETM_STYLE","2026-09-25","24079","102","108712","Regular","2026-09-25_108712","morning","2026-09-25T09:42:00","9262","Santhome Church","12","6454","Ponniamman Kovil","36","2026-09-25T09:42:00","2026-09-25T10:24:00","1","60","ALL_TICKETS_USED","AT_TICKET_DESTINATION"
"SYN001841","SYNTHETIC","ETM_STYLE","2026-09-25","24079","102","108714","Regular","2026-09-25_108714","afternoon","2026-09-25T14:40:00","8542","Kandanchavadi","24","6314","Ags Complex Navalur","40","2026-09-25T14:40:00","2026-09-25T15:07:00","2","60","ALL_TICKETS_USED","AT_TICKET_DESTINATION"
"SYN001842","SYNTHETIC","ETM_STYLE","2026-09-25","24079","102","108714","Regular","2026-09-25_108714","afternoon","2026-09-25T14:11:00","2601","Marina Beach","8","6099","Kelambakkam Bus Terminal","51","2026-09-25T14:11:00","2026-09-25T15:20:00","1","60","ALL_TICKETS_USED","AT_TICKET_DESTINATION"
"SYN001843","SYNTHETIC","ETM_STYLE","2026-09-25","24079","102","108714","Regular","2026-09-25_108714","afternoon","2026-09-25T14:53:00","6579","Karapakkam","32","6157","Padur","47","2026-09-25T14:53:00","2026-09-25T15:15:00","2","60","ALL_TICKETS_USED","AT_TICKET_DESTINATION"
"SYN001844","SYNTHETIC","ETM_STYLE","2026-09-25","24079","102","108714","Regular","2026-09-25_108714","afternoon","2026-09-25T14:26:00","5760","Adyar Signal","17","6132","Chettinad Hospital","49","2026-09-25T14:26:00","2026-09-25T15:17:00","3","60","ALL_TICKETS_USED","AT_TICKET_DESTINATION"
"SYN001845","SYNTHETIC","CHENNAI_ONE_STYLE","2026-09-25","24079","102","108714","Regular","2026-09-25_108714","afternoon","2026-09-25T15:06:00","6125","Kelambakkam V A O Office","50","6099","Kelambakkam Bus Terminal","51","2026-09-25T15:18:00","2026-09-25T15:20:00","2","60","ALL_TICKETS_USED","AT_TICKET_DESTINATION"
"SYN001846","SYNTHETIC","ETM_STYLE","2026-09-25","24079","102","108714","Regular","2026-09-25_108714","afternoon","2026-09-25T14:48:00","10066","Ptc Quarters Or Mootakaran Chavadi","29","9974","Navalur","41","2026-09-25T14:48:00","2026-09-25T15:08:00","1","60","ALL_TICKETS_USED","AT_TICKET_DESTINATION"
"SYN001847","SYNTHETIC","ETM_STYLE","2026-09-25","24079","102","108714","Regular","2026-09-25_108714","afternoon","2026-09-25T15:15:00","6157","Padur","47","6150","Hindustan College","48","2026-09-25T15:15:00","2026-09-25T15:16:00","1","60","ALL_TICKETS_USED","AT_TICKET_DESTINATION"
"SYN001848","SYNTHETIC","ETM_STYLE","2026-09-25","24079","102","108714","Regular","2026-09-25_108714","afternoon","2026-09-25T15:15:00","6157","Padur","47","6132","Chettinad Hospital","49","2026-09-25T15:15:00","2026-09-25T15:17:00","1","60","ALL_TICKETS_USED","AT_TICKET_DESTINATION"
"SYN001849","SYNTHETIC","ETM_STYLE","2026-09-25","24079","102","108714","Regular","2026-09-25_108714","afternoon","2026-09-25T14:48:00","10066","Ptc Quarters Or Mootakaran Chavadi","29","6454","Ponniamman Kovil","36","2026-09-25T14:48:00","2026-09-25T14:59:00","1","60","ALL_TICKETS_USED","AT_TICKET_DESTINATION"
"SYN001850","SYNTHETIC","ETM_STYLE","2026-09-25","24079","102","108714","Regular","2026-09-25_108714","afternoon","2026-09-25T15:12:00","6225","Vaniyanchavadi Padma Adarsh School","44","6099","Kelambakkam Bus Terminal","51","2026-09-25T15:12:00","2026-09-25T15:20:00","1","60","ALL_TICKETS_USED","AT_TICKET_DESTINATION"
"SYN001851","SYNTHETIC","CHENNAI_ONE_STYLE","2026-09-25","24079","102","108714","Regular","2026-09-25_108714","afternoon","2026-09-25T14:17:00","9128","Mrc Nagar","14","10814","Music College Annamalai Puram","15","2026-09-25T14:22:00","2026-09-25T14:23:00","2","60","ALL_TICKETS_USED","AT_TICKET_DESTINATION"
"SYN001852","SYNTHETIC","ETM_STYLE","2026-09-25","24079","102","108714","Regular","2026-09-25_108714","afternoon","2026-09-25T14:14:00","5917","Queen Marys College","10","6314","Ags Complex Navalur","40","2026-09-25T14:14:00","2026-09-25T15:07:00","1","60","ALL_TICKETS_USED","AT_TICKET_DESTINATION"
"SYN001853","SYNTHETIC","ETM_STYLE","2026-09-25","24079","102","108714","Regular","2026-09-25_108714","afternoon","2026-09-25T14:53:00","6579","Karapakkam","32","10012","Government School Shozhinganallur","35","2026-09-25T14:53:00","2026-09-25T14:58:00","2","60","ALL_TICKETS_USED","AT_TICKET_DESTINATION"
"SYN001854","SYNTHETIC","ETM_STYLE","2026-09-25","24079","102","108716","Regular","2026-09-25_108716","evening","2026-09-25T18:58:00","11192","Annasquare","6","6157","Padur","47","2026-09-25T18:58:00","2026-09-25T20:05:00","1","60","ALL_TICKETS_USED","AT_TICKET_DESTINATION"
"SYN001855","SYNTHETIC","ETM_STYLE","2026-09-25","24079","102","108716","Regular","2026-09-25_108716","evening","2026-09-25T18:57:00","5932","War Memorial","5","6314","Ags Complex Navalur","40","2026-09-25T18:57:00","2026-09-25T19:57:00","3","60","ALL_TICKETS_USED","AT_TICKET_DESTINATION"
"SYN001856","SYNTHETIC","CHENNAI_ONE_STYLE","2026-09-25","24079","102","108716","Regular","2026-09-25_108716","evening","2026-09-25T18:44:00","5932","War Memorial","5","6125","Kelambakkam V A O Office","50","2026-09-25T18:57:00","2026-09-25T20:08:00","2","60","ALL_TICKETS_USED","AT_TICKET_DESTINATION"
"SYN001857","SYNTHETIC","CHENNAI_ONE_STYLE","2026-09-25","24079","102","108716","Regular","2026-09-25_108716","evening","2026-09-25T18:35:00","11159","Island ground Terminus","1","6132","Chettinad Hospital","49","2026-09-25T18:45:00","2026-09-25T20:07:00","1","60","ALL_TICKETS_USED","AT_TICKET_DESTINATION"
"SYN001858","SYNTHETIC","ETM_STYLE","2026-09-25","24079","102","108716","Regular","2026-09-25_108716","evening","2026-09-25T18:58:00","11192","Annasquare","6","6358","Semmancheri","39","2026-09-25T18:58:00","2026-09-25T19:56:00","2","60","ALL_TICKETS_USED","AT_TICKET_DESTINATION"
"SYN001859","SYNTHETIC","ETM_STYLE","2026-09-25","24079","102","108716","Regular","2026-09-25_108716","evening","2026-09-25T19:07:00","9262","Santhome Church","12","9974","Navalur","41","2026-09-25T19:07:00","2026-09-25T19:58:00","1","60","ALL_TICKETS_USED","AT_TICKET_DESTINATION"
"SYN001860","SYNTHETIC","ETM_STYLE","2026-09-25","24079","102","108716","Regular","2026-09-25_108716","evening","2026-09-25T18:54:00","9783","Parrys Corner","3","6099","Kelambakkam Bus Terminal","51","2026-09-25T18:54:00","2026-09-25T20:10:00","1","60","ALL_TICKETS_USED","AT_TICKET_DESTINATION"
"SYN001861","SYNTHETIC","ETM_STYLE","2026-09-25","24079","102","108716","Regular","2026-09-25_108716","evening","2026-09-25T19:12:00","9128","Mrc Nagar","14","6269","Egattur","42","2026-09-25T19:12:00","2026-09-25T20:00:00","3","60","ALL_TICKETS_USED","AT_TICKET_DESTINATION"
"SYN001862","SYNTHETIC","ETM_STYLE","2026-09-25","24079","102","108716","Regular","2026-09-25_108716","evening","2026-09-25T19:10:00","9158","Foreshore Estate Bus Terminus","13","6225","Vaniyanchavadi Padma Adarsh School","44","2026-09-25T19:10:00","2026-09-25T20:02:00","2","60","ALL_TICKETS_USED","AT_TICKET_DESTINATION"
"SYN001863","SYNTHETIC","CHENNAI_ONE_STYLE","2026-09-25","24079","102","108716","Regular","2026-09-25_108716","evening","2026-09-25T19:11:00","9128","Mrc Nagar","14","6420","Kumaran Nagar","37","2026-09-25T19:12:00","2026-09-25T19:51:00","1","60","ALL_TICKETS_USED","AT_TICKET_DESTINATION"
"SYN001864","SYNTHETIC","ETM_STYLE","2026-09-25","24079","102","108716","Regular","2026-09-25_108716","evening","2026-09-25T19:13:00","10814","Music College Annamalai Puram","15","6157","Padur","47","2026-09-25T19:13:00","2026-09-25T20:05:00","1","60","ALL_TICKETS_USED","AT_TICKET_DESTINATION"
"SYN001865","SYNTHETIC","CHENNAI_ONE_STYLE","2026-09-25","24079","102","108716","Regular","2026-09-25_108716","evening","2026-09-25T19:07:00","9158","Foreshore Estate Bus Terminus","13","6420","Kumaran Nagar","37","2026-09-25T19:10:00","2026-09-25T19:51:00","1","60","ALL_TICKETS_USED","AT_TICKET_DESTINATION"
"SYN001866","SYNTHETIC","ETM_STYLE","2026-09-25","24079","102","108716","Regular","2026-09-25_108716","evening","2026-09-25T19:07:00","9262","Santhome Church","12","6179","Akshaya Padur","46","2026-09-25T19:07:00","2026-09-25T20:04:00","1","60","ALL_TICKETS_USED","AT_TICKET_DESTINATION"
"SYN001867","SYNTHETIC","CHENNAI_ONE_STYLE","2026-09-25","24079","102","108716","Regular","2026-09-25_108716","evening","2026-09-25T18:41:00","5814","Secretariat","4","6269","Egattur","42","2026-09-25T18:56:00","2026-09-25T20:00:00","1","60","ALL_TICKETS_USED","AT_TICKET_DESTINATION"
"SYN001868","SYNTHETIC","CHENNAI_ONE_STYLE","2026-09-25","24079","102","108716","Regular","2026-09-25_108716","evening","2026-09-25T18:41:00","9782","High Court","2","6179","Akshaya Padur","46","2026-09-25T18:52:00","2026-09-25T20:04:00","1","60","ALL_TICKETS_USED","AT_TICKET_DESTINATION"
"SYN001869","SYNTHETIC","CHENNAI_ONE_STYLE","2026-09-25","24079","102","108716","Regular","2026-09-25_108716","evening","2026-09-25T18:44:00","5814","Secretariat","4","6358","Semmancheri","39","2026-09-25T18:56:00","2026-09-25T19:56:00","1","60","ALL_TICKETS_USED","AT_TICKET_DESTINATION"
"SYN001870","SYNTHETIC","CHENNAI_ONE_STYLE","2026-09-25","24079","102","108716","Regular","2026-09-25_108716","evening","2026-09-25T19:00:00","2601","Marina Beach","8","6403","Satyabhama University","38","2026-09-25T19:01:00","2026-09-25T19:53:00","3","60","ALL_TICKETS_USED","AT_TICKET_DESTINATION"
"SYN001871","SYNTHETIC","CHENNAI_ONE_STYLE","2026-09-25","24079","102","108716","Regular","2026-09-25_108716","evening","2026-09-25T18:57:00","9318","Nochikuppam","11","6225","Vaniyanchavadi Padma Adarsh School","44","2026-09-25T19:06:00","2026-09-25T20:02:00","1","60","ALL_TICKETS_USED","AT_TICKET_DESTINATION"
"SYN001872","SYNTHETIC","ETM_STYLE","2026-09-25","24079","102","108716","Regular","2026-09-25_108716","evening","2026-09-25T19:12:00","9128","Mrc Nagar","14","6403","Satyabhama University","38","2026-09-25T19:12:00","2026-09-25T19:53:00","1","60","ALL_TICKETS_USED","AT_TICKET_DESTINATION"
"SYN001873","SYNTHETIC","CHENNAI_ONE_STYLE","2026-09-25","24079","102","108716","Regular","2026-09-25_108716","evening","2026-09-25T18:54:00","9783","Parrys Corner","3","6157","Padur","47","2026-09-25T18:54:00","2026-09-25T20:05:00","1","60","ALL_TICKETS_USED","AT_TICKET_DESTINATION"
"SYN001874","SYNTHETIC","CHENNAI_ONE_STYLE","2026-09-25","24079","102","108716","Regular","2026-09-25_108716","evening","2026-09-25T18:40:00","9783","Parrys Corner","3","6420","Kumaran Nagar","37","2026-09-25T18:54:00","2026-09-25T19:51:00","2","60","ALL_TICKETS_USED","AT_TICKET_DESTINATION"
"SYN001875","SYNTHETIC","ETM_STYLE","2026-09-25","24079","102","108716","Regular","2026-09-25_108716","evening","2026-09-25T19:07:00","9262","Santhome Church","12","9966","It Park Siruseri Or Muttukadu","43","2026-09-25T19:07:00","2026-09-25T20:01:00","2","60","ALL_TICKETS_USED","AT_TICKET_DESTINATION"
"SYN001876","SYNTHETIC","ETM_STYLE","2026-09-25","24079","102","108716","Regular","2026-09-25_108716","evening","2026-09-25T19:16:00","5760","Adyar Signal","17","6358","Semmancheri","39","2026-09-25T19:16:00","2026-09-25T19:56:00","1","60","ALL_TICKETS_USED","AT_TICKET_DESTINATION"
"SYN001877","SYNTHETIC","ETM_STYLE","2026-09-25","24079","102","108716","Regular","2026-09-25_108716","evening","2026-09-25T19:03:00","5916","Vivekananda House","9","6157","Padur","47","2026-09-25T19:03:00","2026-09-25T20:05:00","2","60","ALL_TICKETS_USED","AT_TICKET_DESTINATION"
"SYN001878","SYNTHETIC","ETM_STYLE","2026-09-25","24079","102","108716","Regular","2026-09-25_108716","evening","2026-09-25T19:14:00","5758","M.G.R Janaki College Or Sathya Studio","16","6125","Kelambakkam V A O Office","50","2026-09-25T19:14:00","2026-09-25T20:08:00","1","60","ALL_TICKETS_USED","AT_TICKET_DESTINATION"
"SYN001879","SYNTHETIC","ETM_STYLE","2026-09-25","24079","102","108716","Regular","2026-09-25_108716","evening","2026-09-25T18:58:00","11192","Annasquare","6","6314","Ags Complex Navalur","40","2026-09-25T18:58:00","2026-09-25T19:57:00","2","60","ALL_TICKETS_USED","AT_TICKET_DESTINATION"
"SYN001880","SYNTHETIC","ETM_STYLE","2026-09-25","24079","102","108716","Regular","2026-09-25_108716","evening","2026-09-25T18:52:00","9782","High Court","2","6150","Hindustan College","48","2026-09-25T18:52:00","2026-09-25T20:06:00","2","60","ALL_TICKETS_USED","AT_TICKET_DESTINATION"
"SYN001881","SYNTHETIC","ETM_STYLE","2026-09-25","24079","102","108716","Regular","2026-09-25_108716","evening","2026-09-25T19:12:00","9128","Mrc Nagar","14","9966","It Park Siruseri Or Muttukadu","43","2026-09-25T19:12:00","2026-09-25T20:01:00","1","60","ALL_TICKETS_USED","AT_TICKET_DESTINATION"
"SYN001882","SYNTHETIC","CHENNAI_ONE_STYLE","2026-09-25","24079","102","108716","Regular","2026-09-25_108716","evening","2026-09-25T18:58:00","10941","Kannagi Statue Shelter 1","7","6150","Hindustan College","48","2026-09-25T19:00:00","2026-09-25T20:06:00","2","60","ALL_TICKETS_USED","AT_TICKET_DESTINATION"
"SYN001883","SYNTHETIC","ETM_STYLE","2026-09-25","24079","102","108716","Regular","2026-09-25_108716","evening","2026-09-25T19:06:00","9318","Nochikuppam","11","6225","Vaniyanchavadi Padma Adarsh School","44","2026-09-25T19:06:00","2026-09-25T20:02:00","1","60","ALL_TICKETS_USED","AT_TICKET_DESTINATION"
"SYN001884","SYNTHETIC","ETM_STYLE","2026-09-25","24079","102","108761","Regular","2026-09-25_108761","night","2026-09-25T20:49:00","11149","Thiruvanmiyur Ration Shop","21","9966","It Park Siruseri Or Muttukadu","43","2026-09-25T20:49:00","2026-09-25T21:26:00","1","60","ALL_TICKETS_USED","AT_TICKET_DESTINATION"
"SYN001885","SYNTHETIC","ETM_STYLE","2026-09-25","24079","102","108761","Regular","2026-09-25_108761","night","2026-09-25T20:25:00","10941","Kannagi Statue Shelter 1","7","11149","Thiruvanmiyur Ration Shop","21","2026-09-25T20:25:00","2026-09-25T20:49:00","2","60","ALL_TICKETS_USED","AT_TICKET_DESTINATION"
"SYN001886","SYNTHETIC","ETM_STYLE","2026-09-25","24079","102","108761","Regular","2026-09-25_108761","night","2026-09-25T20:31:00","9318","Nochikuppam","11","8542","Kandanchavadi","24","2026-09-25T20:31:00","2026-09-25T20:55:00","2","60","ALL_TICKETS_USED","AT_TICKET_DESTINATION"
"SYN001887","SYNTHETIC","ETM_STYLE","2026-09-25","24079","102","108761","Regular","2026-09-25_108761","night","2026-09-25T20:43:00","5441","Kamarajar Avenue 2nd Street","18","6403","Satyabhama University","38","2026-09-25T20:43:00","2026-09-25T21:18:00","2","60","ALL_TICKETS_USED","AT_TICKET_DESTINATION"
"SYN001888","SYNTHETIC","CHENNAI_ONE_STYLE","2026-09-25","24079","102","108761","Regular","2026-09-25_108761","night","2026-09-25T20:55:00","8542","Kandanchavadi","24","6157","Padur","47","2026-09-25T20:55:00","2026-09-25T21:30:00","1","60","ALL_TICKETS_USED","AT_TICKET_DESTINATION"
"SYN001889","SYNTHETIC","ETM_STYLE","2026-09-25","24079","102","108761","Regular","2026-09-25_108761","night","2026-09-25T20:28:00","5916","Vivekananda House","9","6269","Egattur","42","2026-09-25T20:28:00","2026-09-25T21:25:00","1","60","ALL_TICKETS_USED","AT_TICKET_DESTINATION"
"SYN001890","SYNTHETIC","ETM_STYLE","2026-09-25","24079","102","108761","Regular","2026-09-25_108761","night","2026-09-25T20:17:00","9782","High Court","2","8379","D B Jain College","27","2026-09-25T20:17:00","2026-09-25T21:00:00","1","60","ALL_TICKETS_USED","AT_TICKET_DESTINATION"
"SYN001891","SYNTHETIC","CHENNAI_ONE_STYLE","2026-09-25","24079","102","108761","Regular","2026-09-25_108761","night","2026-09-25T20:53:00","8481","Perungudi","25","6099","Kelambakkam Bus Terminal","51","2026-09-25T20:56:00","2026-09-25T21:35:00","2","60","ALL_TICKETS_USED","AT_TICKET_DESTINATION"
"SYN001892","SYNTHETIC","CHENNAI_ONE_STYLE","2026-09-25","24079","102","108761","Regular","2026-09-25_108761","night","2026-09-25T21:29:00","6132","Chettinad Hospital","49","6125","Kelambakkam V A O Office","50","2026-09-25T21:32:00","2026-09-25T21:33:00","1","60","ALL_TICKETS_USED","AT_TICKET_DESTINATION"
"SYN001893","SYNTHETIC","ETM_STYLE","2026-09-25","24079","102","108761","Regular","2026-09-25_108761","night","2026-09-25T20:28:00","5916","Vivekananda House","9","6686","Okkiyampet","30","2026-09-25T20:28:00","2026-09-25T21:05:00","1","60","ALL_TICKETS_USED","AT_TICKET_DESTINATION"
"SYN001894","SYNTHETIC","ETM_STYLE","2026-09-25","24079","102","108761","Regular","2026-09-25_108761","night","2026-09-25T20:45:00","8924","Shasthri Nagar","19","6150","Hindustan College","48","2026-09-25T20:45:00","2026-09-25T21:31:00","3","60","ALL_TICKETS_USED","AT_TICKET_DESTINATION"
"SYN001895","SYNTHETIC","ETM_STYLE","2026-09-25","24079","102","108761","Regular","2026-09-25_108761","night","2026-09-25T20:45:00","8924","Shasthri Nagar","19","6314","Ags Complex Navalur","40","2026-09-25T20:45:00","2026-09-25T21:22:00","1","60","ALL_TICKETS_USED","AT_TICKET_DESTINATION"
"SYN001896","SYNTHETIC","CHENNAI_ONE_STYLE","2026-09-25","21083","104 R","19334","Regular","2026-09-25_19334","morning","2026-09-25T10:17:00","5730","Dunlop","7","7467","Screw Factory","23","2026-09-25T10:22:00","2026-09-25T10:43:00","2","60","ALL_TICKETS_USED","AT_TICKET_DESTINATION"
"SYN001897","SYNTHETIC","ETM_STYLE","2026-09-25","21083","104 R","19334","Regular","2026-09-25_19334","morning","2026-09-25T10:25:00","6932","Uzhavar Santhai","9","7467","Screw Factory","23","2026-09-25T10:25:00","2026-09-25T10:43:00","2","60","ALL_TICKETS_USED","AT_TICKET_DESTINATION"
"SYN001898","SYNTHETIC","ETM_STYLE","2026-09-25","21083","104 R","19334","Regular","2026-09-25_19334","morning","2026-09-25T10:22:00","5730","Dunlop","7","7585","Thandal Kazhani","26","2026-09-25T10:22:00","2026-09-25T10:47:00","3","60","ALL_TICKETS_USED","AT_TICKET_DESTINATION"
"SYN001899","SYNTHETIC","CHENNAI_ONE_STYLE","2026-09-25","21083","104 R","19334","Regular","2026-09-25_19334","morning","2026-09-25T10:15:00","10351","Ambattur I.T Park","4","7599","Sri Nallaghu Polytechnic College","27","2026-09-25T10:16:00","2026-09-25T10:48:00","2","60","ALL_TICKETS_USED","AT_TICKET_DESTINATION"
"SYN001900","SYNTHETIC","ETM_STYLE","2026-09-25","21083","104 R","19334","Regular","2026-09-25_19334","morning","2026-09-25T10:16:00","10351","Ambattur I.T Park","4","7547","Kavangarai","25","2026-09-25T10:16:00","2026-09-25T10:45:00","1","60","ALL_TICKETS_USED","AT_TICKET_DESTINATION"
"SYN001901","SYNTHETIC","ETM_STYLE","2026-09-25","21083","104 R","19334","Regular","2026-09-25_19334","morning","2026-09-25T09:40:00","6693","Tambaram West Bus Stand","1","7599","Sri Nallaghu Polytechnic College","27","2026-09-25T09:40:00","2026-09-25T10:48:00","1","60","ALL_TICKETS_USED","AT_TICKET_DESTINATION"
"SYN001902","SYNTHETIC","CHENNAI_ONE_STYLE","2026-09-25","21083","104 R","19334","Regular","2026-09-25_19334","morning","2026-09-25T10:06:00","10351","Ambattur I.T Park","4","7681","Redhills Market","29","2026-09-25T10:16:00","2026-09-25T10:51:00","1","60","ALL_TICKETS_USED","AT_TICKET_DESTINATION"
"SYN001903","SYNTHETIC","ETM_STYLE","2026-09-25","21083","104 R","19334","Regular","2026-09-25_19334","morning","2026-09-25T10:23:00","5731","Ambattur Canara Bank","8","7509","Puzhal Jail","24","2026-09-25T10:23:00","2026-09-25T10:44:00","1","60","ALL_TICKETS_USED","AT_TICKET_DESTINATION"
"SYN001904","SYNTHETIC","ETM_STYLE","2026-09-25","21083","104 R","19334","Regular","2026-09-25_19334","morning","2026-09-25T10:16:00","10351","Ambattur I.T Park","4","7427","Chocolate Company","21","2026-09-25T10:16:00","2026-09-25T10:41:00","1","60","ALL_TICKETS_USED","AT_TICKET_DESTINATION"
"SYN001905","SYNTHETIC","ETM_STYLE","2026-09-25","21083","104 R","19334","Regular","2026-09-25_19334","morning","2026-09-25T10:23:00","5731","Ambattur Canara Bank","8","7452","Omayal Achi College","22","2026-09-25T10:23:00","2026-09-25T10:42:00","1","60","ALL_TICKETS_USED","AT_TICKET_DESTINATION"
"SYN001906","SYNTHETIC","ETM_STYLE","2026-09-25","21083","104 R","19334","Regular","2026-09-25_19334","morning","2026-09-25T10:27:00","10429","Ambattur O.T Bus Stand","10","7599","Sri Nallaghu Polytechnic College","27","2026-09-25T10:27:00","2026-09-25T10:48:00","1","60","ALL_TICKETS_USED","AT_TICKET_DESTINATION"
"SYN001907","SYNTHETIC","CHENNAI_ONE_STYLE","2026-09-25","21083","104 R","19334","Regular","2026-09-25_19334","morning","2026-09-25T09:57:00","9374","Porur Toll Plaza","3","7599","Sri Nallaghu Polytechnic College","27","2026-09-25T10:04:00","2026-09-25T10:48:00","1","60","ALL_TICKETS_USED","AT_TICKET_DESTINATION"
"SYN001908","SYNTHETIC","ETM_STYLE","2026-09-25","21083","104 R","19334","Regular","2026-09-25_19334","morning","2026-09-25T10:22:00","5730","Dunlop","7","7427","Chocolate Company","21","2026-09-25T10:22:00","2026-09-25T10:41:00","1","60","ALL_TICKETS_USED","AT_TICKET_DESTINATION"
"SYN001909","SYNTHETIC","ETM_STYLE","2026-09-25","21083","104 R","19334","Regular","2026-09-25_19334","morning","2026-09-25T10:16:00","10351","Ambattur I.T Park","4","7651","Ayurveda Ashramam","28","2026-09-25T10:16:00","2026-09-25T10:50:00","2","60","ALL_TICKETS_USED","AT_TICKET_DESTINATION"
"SYN001910","SYNTHETIC","ETM_STYLE","2026-09-25","21083","104 R","19334","Regular","2026-09-25_19334","morning","2026-09-25T10:27:00","10429","Ambattur O.T Bus Stand","10","7585","Thandal Kazhani","26","2026-09-25T10:27:00","2026-09-25T10:47:00","1","60","ALL_TICKETS_USED","AT_TICKET_DESTINATION"
"SYN001911","SYNTHETIC","ETM_STYLE","2026-09-25","21083","104 R","19334","Regular","2026-09-25_19334","morning","2026-09-25T09:46:00","6594","Irumbuliyur","2","7509","Puzhal Jail","24","2026-09-25T09:46:00","2026-09-25T10:44:00","2","60","ALL_TICKETS_USED","AT_TICKET_DESTINATION"
"SYN001912","SYNTHETIC","ETM_STYLE","2026-09-25","21083","104 R","19334","Regular","2026-09-25_19334","morning","2026-09-25T10:22:00","5730","Dunlop","7","7452","Omayal Achi College","22","2026-09-25T10:22:00","2026-09-25T10:42:00","2","60","ALL_TICKETS_USED","AT_TICKET_DESTINATION"
"SYN001913","SYNTHETIC","CHENNAI_ONE_STYLE","2026-09-25","21083","104 R","19334","Regular","2026-09-25_19334","morning","2026-09-25T09:34:00","6693","Tambaram West Bus Stand","1","7651","Ayurveda Ashramam","28","2026-09-25T09:40:00","2026-09-25T10:50:00","2","60","ALL_TICKETS_USED","AT_TICKET_DESTINATION"
"SYN001914","SYNTHETIC","ETM_STYLE","2026-09-25","21083","104 R","19334","Regular","2026-09-25_19334","morning","2026-09-25T10:27:00","10429","Ambattur O.T Bus Stand","10","7585","Thandal Kazhani","26","2026-09-25T10:27:00","2026-09-25T10:47:00","2","60","ALL_TICKETS_USED","AT_TICKET_DESTINATION"
"SYN001915","SYNTHETIC","ETM_STYLE","2026-09-25","21083","104 R","19334","Regular","2026-09-25_19334","morning","2026-09-25T10:21:00","6794","Ti Miller","6","7467","Screw Factory","23","2026-09-25T10:21:00","2026-09-25T10:43:00","1","60","ALL_TICKETS_USED","AT_TICKET_DESTINATION"
"SYN001916","SYNTHETIC","ETM_STYLE","2026-09-25","21083","104 R","19334","Regular","2026-09-25_19334","morning","2026-09-25T10:04:00","9374","Porur Toll Plaza","3","7547","Kavangarai","25","2026-09-25T10:04:00","2026-09-25T10:45:00","1","60","ALL_TICKETS_USED","AT_TICKET_DESTINATION"
"SYN001917","SYNTHETIC","ETM_STYLE","2026-09-25","21083","104 R","19334","Regular","2026-09-25_19334","morning","2026-09-25T10:04:00","9374","Porur Toll Plaza","3","7427","Chocolate Company","21","2026-09-25T10:04:00","2026-09-25T10:41:00","1","60","ALL_TICKETS_USED","AT_TICKET_DESTINATION"
"SYN001918","SYNTHETIC","ETM_STYLE","2026-09-25","21083","104 R","19334","Regular","2026-09-25_19334","morning","2026-09-25T09:46:00","6594","Irumbuliyur","2","7509","Puzhal Jail","24","2026-09-25T09:46:00","2026-09-25T10:44:00","3","60","ALL_TICKETS_USED","AT_TICKET_DESTINATION"
"SYN001919","SYNTHETIC","ETM_STYLE","2026-09-25","21083","104 R","19334","Regular","2026-09-25_19334","morning","2026-09-25T10:17:00","9920","Ambattur Industrial Estate","5","5578","Redhills Bus Terminus","30","2026-09-25T10:17:00","2026-09-25T10:52:00","2","60","ALL_TICKETS_USED","AT_TICKET_DESTINATION"
"SYN001920","SYNTHETIC","CHENNAI_ONE_STYLE","2026-09-25","21083","104 R","19334","Regular","2026-09-25_19334","morning","2026-09-25T09:31:00","6693","Tambaram West Bus Stand","1","7452","Omayal Achi College","22","2026-09-25T09:40:00","2026-09-25T10:42:00","1","60","ALL_TICKETS_USED","AT_TICKET_DESTINATION"
"SYN001921","SYNTHETIC","CHENNAI_ONE_STYLE","2026-09-25","21083","104 R","19334","Regular","2026-09-25_19334","morning","2026-09-25T10:16:00","9920","Ambattur Industrial Estate","5","7547","Kavangarai","25","2026-09-25T10:17:00","2026-09-25T10:45:00","1","60","ALL_TICKETS_USED","AT_TICKET_DESTINATION"
"SYN001922","SYNTHETIC","ETM_STYLE","2026-09-25","21083","104 R","19334","Regular","2026-09-25_19334","morning","2026-09-25T10:25:00","6932","Uzhavar Santhai","9","7585","Thandal Kazhani","26","2026-09-25T10:25:00","2026-09-25T10:47:00","1","60","ALL_TICKETS_USED","AT_TICKET_DESTINATION"
"SYN001923","SYNTHETIC","ETM_STYLE","2026-09-25","21083","104 R","19334","Regular","2026-09-25_19334","morning","2026-09-25T10:22:00","5730","Dunlop","7","7452","Omayal Achi College","22","2026-09-25T10:22:00","2026-09-25T10:42:00","2","60","ALL_TICKETS_USED","AT_TICKET_DESTINATION"
"SYN001924","SYNTHETIC","ETM_STYLE","2026-09-25","21083","104 R","19334","Regular","2026-09-25_19334","morning","2026-09-25T10:04:00","9374","Porur Toll Plaza","3","7599","Sri Nallaghu Polytechnic College","27","2026-09-25T10:04:00","2026-09-25T10:48:00","2","60","ALL_TICKETS_USED","AT_TICKET_DESTINATION"
"SYN001925","SYNTHETIC","ETM_STYLE","2026-09-25","21083","104 R","19334","Regular","2026-09-25_19334","morning","2026-09-25T10:25:00","6932","Uzhavar Santhai","9","7467","Screw Factory","23","2026-09-25T10:25:00","2026-09-25T10:43:00","1","60","ALL_TICKETS_USED","AT_TICKET_DESTINATION"
"SYN001926","SYNTHETIC","ETM_STYLE","2026-09-25","21083","104 R","19336","Regular","2026-09-25_19336","afternoon","2026-09-25T14:55:00","7651","Ayurveda Ashramam","28","7681","Redhills Market","29","2026-09-25T14:55:00","2026-09-25T14:56:00","2","60","ALL_TICKETS_USED","AT_TICKET_DESTINATION"
"SYN001927","SYNTHETIC","CHENNAI_ONE_STYLE","2026-09-25","21083","104 R","19336","Regular","2026-09-25_19336","afternoon","2026-09-25T14:34:00","7200","Wireless Company","14","7345","Surapet","19","2026-09-25T14:38:00","2026-09-25T14:44:00","3","60","ALL_TICKETS_USED","AT_TICKET_DESTINATION"
"SYN001928","SYNTHETIC","CHENNAI_ONE_STYLE","2026-09-25","21083","104 R","19336","Regular","2026-09-25_19336","afternoon","2026-09-25T14:51:00","7599","Sri Nallaghu Polytechnic College","27","7681","Redhills Market","29","2026-09-25T14:53:00","2026-09-25T14:56:00","1","60","ALL_TICKETS_USED","AT_TICKET_DESTINATION"
"SYN001929","SYNTHETIC","CHENNAI_ONE_STYLE","2026-09-25","21083","104 R","19336","Regular","2026-09-25_19336","afternoon","2026-09-25T14:08:00","9920","Ambattur Industrial Estate","5","7427","Chocolate Company","21","2026-09-25T14:22:00","2026-09-25T14:46:00","2","60","ALL_TICKETS_USED","AT_TICKET_DESTINATION"
"SYN001930","SYNTHETIC","ETM_STYLE","2026-09-25","21083","104 R","19336","Regular","2026-09-25_19336","afternoon","2026-09-25T14:47:00","7452","Omayal Achi College","22","5578","Redhills Bus Terminus","30","2026-09-25T14:47:00","2026-09-25T14:57:00","1","60","ALL_TICKETS_USED","AT_TICKET_DESTINATION"
"SYN001931","SYNTHETIC","CHENNAI_ONE_STYLE","2026-09-25","21083","104 R","19336","Regular","2026-09-25_19336","afternoon","2026-09-25T14:24:00","5730","Dunlop","7","5731","Ambattur Canara Bank","8","2026-09-25T14:27:00","2026-09-25T14:28:00","1","60","ALL_TICKETS_USED","AT_TICKET_DESTINATION"
"SYN001932","SYNTHETIC","ETM_STYLE","2026-09-25","21083","104 R","19336","Regular","2026-09-25_19336","afternoon","2026-09-25T14:09:00","9374","Porur Toll Plaza","3","10429","Ambattur O.T Bus Stand","10","2026-09-25T14:09:00","2026-09-25T14:32:00","1","60","ALL_TICKETS_USED","AT_TICKET_DESTINATION"
"SYN001933","SYNTHETIC","ETM_STYLE","2026-09-25","21083","104 R","19336","Regular","2026-09-25_19336","afternoon","2026-09-25T14:28:00","5731","Ambattur Canara Bank","8","7585","Thandal Kazhani","26","2026-09-25T14:28:00","2026-09-25T14:52:00","1","60","ALL_TICKETS_USED","AT_TICKET_DESTINATION"
"SYN001934","SYNTHETIC","ETM_STYLE","2026-09-25","21083","104 R","19336","Regular","2026-09-25_19336","afternoon","2026-09-25T14:09:00","9374","Porur Toll Plaza","3","5731","Ambattur Canara Bank","8","2026-09-25T14:09:00","2026-09-25T14:28:00","2","60","ALL_TICKETS_USED","AT_TICKET_DESTINATION"
"SYN001935","SYNTHETIC","ETM_STYLE","2026-09-25","21083","104 R","19336","Regular","2026-09-25_19336","afternoon","2026-09-25T14:46:00","7427","Chocolate Company","21","5578","Redhills Bus Terminus","30","2026-09-25T14:46:00","2026-09-25T14:57:00","1","60","ALL_TICKETS_USED","AT_TICKET_DESTINATION"
"SYN001936","SYNTHETIC","ETM_STYLE","2026-09-25","21083","104 R","19336","Regular","2026-09-25_19336","afternoon","2026-09-25T13:45:00","6693","Tambaram West Bus Stand","1","7427","Chocolate Company","21","2026-09-25T13:45:00","2026-09-25T14:46:00","1","60","ALL_TICKETS_USED","AT_TICKET_DESTINATION"
"SYN001937","SYNTHETIC","ETM_STYLE","2026-09-25","21083","104 R","19336","Regular","2026-09-25_19336","afternoon","2026-09-25T13:51:00","6594","Irumbuliyur","2","7307","Shanmugapuram","17","2026-09-25T13:51:00","2026-09-25T14:42:00","2","60","ALL_TICKETS_USED","AT_TICKET_DESTINATION"
"SYN001938","SYNTHETIC","CHENNAI_ONE_STYLE","2026-09-25","21083","104 R","19336","Regular","2026-09-25_19336","afternoon","2026-09-25T14:24:00","5730","Dunlop","7","7681","Redhills Market","29","2026-09-25T14:27:00","2026-09-25T14:56:00","1","60","ALL_TICKETS_USED","AT_TICKET_DESTINATION"
"SYN001939","SYNTHETIC","CHENNAI_ONE_STYLE","2026-09-25","21083","104 R","19338","Regular","2026-09-25_19338","evening","2026-09-25T18:23:00","9920","Ambattur Industrial Estate","5","7681","Redhills Market","29","2026-09-25T18:32:00","2026-09-25T19:06:00","1","60","ALL_TICKETS_USED","AT_TICKET_DESTINATION"
"SYN001940","SYNTHETIC","CHENNAI_ONE_STYLE","2026-09-25","21083","104 R","19338","Regular","2026-09-25_19338","evening","2026-09-25T18:13:00","9374","Porur Toll Plaza","3","7452","Omayal Achi College","22","2026-09-25T18:19:00","2026-09-25T18:57:00","2","60","ALL_TICKETS_USED","AT_TICKET_DESTINATION"
"SYN001941","SYNTHETIC","CHENNAI_ONE_STYLE","2026-09-25","21083","104 R","19338","Regular","2026-09-25_19338","evening","2026-09-25T17:54:00","6693","Tambaram West Bus Stand","1","7509","Puzhal Jail","24","2026-09-25T17:55:00","2026-09-25T18:59:00","1","60","ALL_TICKETS_USED","AT_TICKET_DESTINATION"
"SYN001942","SYNTHETIC","ETM_STYLE","2026-09-25","21083","104 R","19338","Regular","2026-09-25_19338","evening","2026-09-25T18:36:00","6794","Ti Miller","6","7509","Puzhal Jail","24","2026-09-25T18:36:00","2026-09-25T18:59:00","2","60","ALL_TICKETS_USED","AT_TICKET_DESTINATION"
"SYN001943","SYNTHETIC","ETM_STYLE","2026-09-25","21083","104 R","19338","Regular","2026-09-25_19338","evening","2026-09-25T18:31:00","10351","Ambattur I.T Park","4","7467","Screw Factory","23","2026-09-25T18:31:00","2026-09-25T18:58:00","1","60","ALL_TICKETS_USED","AT_TICKET_DESTINATION"
"SYN001944","SYNTHETIC","CHENNAI_ONE_STYLE","2026-09-25","21083","104 R","19338","Regular","2026-09-25_19338","evening","2026-09-25T18:30:00","10351","Ambattur I.T Park","4","7452","Omayal Achi College","22","2026-09-25T18:31:00","2026-09-25T18:57:00","1","60","ALL_TICKETS_USED","AT_TICKET_DESTINATION"
"SYN001945","SYNTHETIC","ETM_STYLE","2026-09-25","21083","104 R","19338","Regular","2026-09-25_19338","evening","2026-09-25T18:32:00","9920","Ambattur Industrial Estate","5","7427","Chocolate Company","21","2026-09-25T18:32:00","2026-09-25T18:56:00","1","60","ALL_TICKETS_USED","AT_TICKET_DESTINATION"
"SYN001946","SYNTHETIC","CHENNAI_ONE_STYLE","2026-09-25","21083","104 R","19338","Regular","2026-09-25_19338","evening","2026-09-25T18:40:00","10429","Ambattur O.T Bus Stand","10","7585","Thandal Kazhani","26","2026-09-25T18:42:00","2026-09-25T19:02:00","1","60","ALL_TICKETS_USED","AT_TICKET_DESTINATION"
"SYN001947","SYNTHETIC","ETM_STYLE","2026-09-25","21083","104 R","19338","Regular","2026-09-25_19338","evening","2026-09-25T18:31:00","10351","Ambattur I.T Park","4","7585","Thandal Kazhani","26","2026-09-25T18:31:00","2026-09-25T19:02:00","1","60","ALL_TICKETS_USED","AT_TICKET_DESTINATION"
"SYN001948","SYNTHETIC","CHENNAI_ONE_STYLE","2026-09-25","21083","104 R","19338","Regular","2026-09-25_19338","evening","2026-09-25T18:30:00","5731","Ambattur Canara Bank","8","7452","Omayal Achi College","22","2026-09-25T18:38:00","2026-09-25T18:57:00","3","60","ALL_TICKETS_USED","AT_TICKET_DESTINATION"
"SYN001949","SYNTHETIC","ETM_STYLE","2026-09-25","21083","104 R","19338","Regular","2026-09-25_19338","evening","2026-09-25T18:01:00","6594","Irumbuliyur","2","7651","Ayurveda Ashramam","28","2026-09-25T18:01:00","2026-09-25T19:05:00","1","60","ALL_TICKETS_USED","AT_TICKET_DESTINATION"
"SYN001950","SYNTHETIC","ETM_STYLE","2026-09-25","21083","104 R","19338","Regular","2026-09-25_19338","evening","2026-09-25T18:32:00","9920","Ambattur Industrial Estate","5","7585","Thandal Kazhani","26","2026-09-25T18:32:00","2026-09-25T19:02:00","2","60","ALL_TICKETS_USED","AT_TICKET_DESTINATION"
"SYN001951","SYNTHETIC","ETM_STYLE","2026-09-25","21083","104 R","19338","Regular","2026-09-25_19338","evening","2026-09-25T18:40:00","6932","Uzhavar Santhai","9","7585","Thandal Kazhani","26","2026-09-25T18:40:00","2026-09-25T19:02:00","1","60","ALL_TICKETS_USED","AT_TICKET_DESTINATION"
"SYN001952","SYNTHETIC","ETM_STYLE","2026-09-25","21083","104 R","19338","Regular","2026-09-25_19338","evening","2026-09-25T18:37:00","5730","Dunlop","7","7599","Sri Nallaghu Polytechnic College","27","2026-09-25T18:37:00","2026-09-25T19:03:00","3","60","ALL_TICKETS_USED","AT_TICKET_DESTINATION"
"SYN001953","SYNTHETIC","CHENNAI_ONE_STYLE","2026-09-25","21083","104 R","19338","Regular","2026-09-25_19338","evening","2026-09-25T18:23:00","10351","Ambattur I.T Park","4","7427","Chocolate Company","21","2026-09-25T18:31:00","2026-09-25T18:56:00","1","60","ALL_TICKETS_USED","AT_TICKET_DESTINATION"
"SYN001954","SYNTHETIC","ETM_STYLE","2026-09-25","21083","104 R","19338","Regular","2026-09-25_19338","evening","2026-09-25T18:40:00","6932","Uzhavar Santhai","9","7651","Ayurveda Ashramam","28","2026-09-25T18:40:00","2026-09-25T19:05:00","2","60","ALL_TICKETS_USED","AT_TICKET_DESTINATION"
"SYN001955","SYNTHETIC","CHENNAI_ONE_STYLE","2026-09-25","21083","104 R","19338","Regular","2026-09-25_19338","evening","2026-09-25T18:34:00","5731","Ambattur Canara Bank","8","7651","Ayurveda Ashramam","28","2026-09-25T18:38:00","2026-09-25T19:05:00","2","60","ALL_TICKETS_USED","AT_TICKET_DESTINATION"
"SYN001956","SYNTHETIC","ETM_STYLE","2026-09-25","21083","104 R","19338","Regular","2026-09-25_19338","evening","2026-09-25T18:32:00","9920","Ambattur Industrial Estate","5","5578","Redhills Bus Terminus","30","2026-09-25T18:32:00","2026-09-25T19:07:00","2","60","ALL_TICKETS_USED","AT_TICKET_DESTINATION"
"SYN001957","SYNTHETIC","ETM_STYLE","2026-09-25","21083","104 R","19338","Regular","2026-09-25_19338","evening","2026-09-25T18:31:00","10351","Ambattur I.T Park","4","7467","Screw Factory","23","2026-09-25T18:31:00","2026-09-25T18:58:00","1","60","ALL_TICKETS_USED","AT_TICKET_DESTINATION"
"SYN001958","SYNTHETIC","CHENNAI_ONE_STYLE","2026-09-25","21083","104 R","19338","Regular","2026-09-25_19338","evening","2026-09-25T18:27:00","5730","Dunlop","7","5578","Redhills Bus Terminus","30","2026-09-25T18:37:00","2026-09-25T19:07:00","2","60","ALL_TICKETS_USED","AT_TICKET_DESTINATION"
"SYN001959","SYNTHETIC","CHENNAI_ONE_STYLE","2026-09-25","21083","104 R","19338","Regular","2026-09-25_19338","evening","2026-09-25T18:25:00","6932","Uzhavar Santhai","9","7599","Sri Nallaghu Polytechnic College","27","2026-09-25T18:40:00","2026-09-25T19:03:00","1","60","ALL_TICKETS_USED","AT_TICKET_DESTINATION"
"SYN001960","SYNTHETIC","CHENNAI_ONE_STYLE","2026-09-25","21083","104 R","19338","Regular","2026-09-25_19338","evening","2026-09-25T18:28:00","9920","Ambattur Industrial Estate","5","7452","Omayal Achi College","22","2026-09-25T18:32:00","2026-09-25T18:57:00","1","60","ALL_TICKETS_USED","AT_TICKET_DESTINATION"
"SYN001961","SYNTHETIC","ETM_STYLE","2026-09-25","21083","104 R","19338","Regular","2026-09-25_19338","evening","2026-09-25T18:37:00","5730","Dunlop","7","7547","Kavangarai","25","2026-09-25T18:37:00","2026-09-25T19:00:00","1","60","ALL_TICKETS_USED","AT_TICKET_DESTINATION"
"SYN001962","SYNTHETIC","ETM_STYLE","2026-09-25","21083","104 R","19338","Regular","2026-09-25_19338","evening","2026-09-25T18:32:00","9920","Ambattur Industrial Estate","5","7681","Redhills Market","29","2026-09-25T18:32:00","2026-09-25T19:06:00","1","60","ALL_TICKETS_USED","AT_TICKET_DESTINATION"
"SYN001963","SYNTHETIC","ETM_STYLE","2026-09-25","21083","104 R","19338","Regular","2026-09-25_19338","evening","2026-09-25T18:01:00","6594","Irumbuliyur","2","7651","Ayurveda Ashramam","28","2026-09-25T18:01:00","2026-09-25T19:05:00","1","60","ALL_TICKETS_USED","AT_TICKET_DESTINATION"
"SYN001964","SYNTHETIC","ETM_STYLE","2026-09-25","21083","104 R","19338","Regular","2026-09-25_19338","evening","2026-09-25T18:42:00","10429","Ambattur O.T Bus Stand","10","7599","Sri Nallaghu Polytechnic College","27","2026-09-25T18:42:00","2026-09-25T19:03:00","2","60","ALL_TICKETS_USED","AT_TICKET_DESTINATION"
"SYN001965","SYNTHETIC","ETM_STYLE","2026-09-25","21083","104 R","19338","Regular","2026-09-25_19338","evening","2026-09-25T18:40:00","6932","Uzhavar Santhai","9","7467","Screw Factory","23","2026-09-25T18:40:00","2026-09-25T18:58:00","2","60","ALL_TICKETS_USED","AT_TICKET_DESTINATION"
"SYN001966","SYNTHETIC","CHENNAI_ONE_STYLE","2026-09-25","21083","104 R","19338","Regular","2026-09-25_19338","evening","2026-09-25T18:26:00","5730","Dunlop","7","5578","Redhills Bus Terminus","30","2026-09-25T18:37:00","2026-09-25T19:07:00","1","60","ALL_TICKETS_USED","AT_TICKET_DESTINATION"
"SYN001967","SYNTHETIC","CHENNAI_ONE_STYLE","2026-09-25","21083","104 R","19338","Regular","2026-09-25_19338","evening","2026-09-25T17:41:00","6693","Tambaram West Bus Stand","1","7467","Screw Factory","23","2026-09-25T17:55:00","2026-09-25T18:58:00","2","60","ALL_TICKETS_USED","AT_TICKET_DESTINATION"
"SYN001968","SYNTHETIC","CHENNAI_ONE_STYLE","2026-09-25","21083","104 R","19338","Regular","2026-09-25_19338","evening","2026-09-25T18:36:00","5730","Dunlop","7","7547","Kavangarai","25","2026-09-25T18:37:00","2026-09-25T19:00:00","1","60","ALL_TICKETS_USED","AT_TICKET_DESTINATION"
"SYN001969","SYNTHETIC","CHENNAI_ONE_STYLE","2026-09-25","21083","104 R","22233","Regular","2026-09-25_22233","night","2026-09-25T20:20:00","9374","Porur Toll Plaza","3","7509","Puzhal Jail","24","2026-09-25T20:29:00","2026-09-25T21:09:00","1","60","ALL_TICKETS_USED","AT_TICKET_DESTINATION"
"SYN001970","SYNTHETIC","ETM_STYLE","2026-09-25","21083","104 R","22233","Regular","2026-09-25_22233","night","2026-09-25T21:03:00","7333","Sivaprakasam Nagar","18","7345","Surapet","19","2026-09-25T21:03:00","2026-09-25T21:04:00","1","60","ALL_TICKETS_USED","AT_TICKET_DESTINATION"
"SYN001971","SYNTHETIC","ETM_STYLE","2026-09-25","21083","104 R","22233","Regular","2026-09-25_22233","night","2026-09-25T21:05:00","7395","Velammal College","20","7599","Sri Nallaghu Polytechnic College","27","2026-09-25T21:05:00","2026-09-25T21:13:00","3","60","ALL_TICKETS_USED","AT_TICKET_DESTINATION"
"SYN001972","SYNTHETIC","ETM_STYLE","2026-09-25","21083","104 R","22233","Regular","2026-09-25_22233","night","2026-09-25T20:11:00","6594","Irumbuliyur","2","10351","Ambattur I.T Park","4","2026-09-25T20:11:00","2026-09-25T20:41:00","1","60","ALL_TICKETS_USED","AT_TICKET_DESTINATION"
"SYN001973","SYNTHETIC","CHENNAI_ONE_STYLE","2026-09-25","21083","104 R","22233","Regular","2026-09-25_22233","night","2026-09-25T19:54:00","6693","Tambaram West Bus Stand","1","6794","Ti Miller","6","2026-09-25T20:05:00","2026-09-25T20:46:00","2","60","ALL_TICKETS_USED","AT_TICKET_DESTINATION"
"SYN001974","SYNTHETIC","ETM_STYLE","2026-09-25","21083","104 R","22233","Regular","2026-09-25_22233","night","2026-09-25T21:03:00","7333","Sivaprakasam Nagar","18","7427","Chocolate Company","21","2026-09-25T21:03:00","2026-09-25T21:06:00","1","60","ALL_TICKETS_USED","AT_TICKET_DESTINATION"
"SYN001975","SYNTHETIC","ETM_STYLE","2026-09-25","21083","104 R","22233","Regular","2026-09-25_22233","night","2026-09-25T21:03:00","7333","Sivaprakasam Nagar","18","7681","Redhills Market","29","2026-09-25T21:03:00","2026-09-25T21:16:00","1","60","ALL_TICKETS_USED","AT_TICKET_DESTINATION"
"SYN001976","SYNTHETIC","CHENNAI_ONE_STYLE","2026-09-25","21083","104 R","22233","Regular","2026-09-25_22233","night","2026-09-25T20:47:00","7200","Wireless Company","14","10469","Kallikuppam Kovil","15","2026-09-25T20:58:00","2026-09-25T20:59:00","1","60","ALL_TICKETS_USED","AT_TICKET_DESTINATION"
"SYN001977","SYNTHETIC","ETM_STYLE","2026-09-25","21083","104 R","22233","Regular","2026-09-25_22233","night","2026-09-25T20:55:00","7129","Oragadam","12","10469","Kallikuppam Kovil","15","2026-09-25T20:55:00","2026-09-25T20:59:00","2","60","ALL_TICKETS_USED","AT_TICKET_DESTINATION"
"SYN001978","SYNTHETIC","ETM_STYLE","2026-09-25","21083","104 R","22233","Regular","2026-09-25_22233","night","2026-09-25T20:48:00","5731","Ambattur Canara Bank","8","7395","Velammal College","20","2026-09-25T20:48:00","2026-09-25T21:05:00","2","60","ALL_TICKETS_USED","AT_TICKET_DESTINATION"
"SYN001979","SYNTHETIC","ETM_STYLE","2026-09-25","21083","104 R","22233","Regular","2026-09-25_22233","night","2026-09-25T21:08:00","7467","Screw Factory","23","7585","Thandal Kazhani","26","2026-09-25T21:08:00","2026-09-25T21:12:00","2","60","ALL_TICKETS_USED","AT_TICKET_DESTINATION"
"SYN001980","SYNTHETIC","CHENNAI_ONE_STYLE","2026-09-25","21083","104 R","22233","Regular","2026-09-25_22233","night","2026-09-25T21:02:00","7427","Chocolate Company","21","7547","Kavangarai","25","2026-09-25T21:06:00","2026-09-25T21:10:00","1","60","ALL_TICKETS_USED","AT_TICKET_DESTINATION"
"SYN001981","SYNTHETIC","ETM_STYLE","2026-09-25","16821","105","14448","Regular","2026-09-25_14448","morning","2026-09-25T08:35:00","6389","Tellus Avenue","14","6614","Vijaya Nagaram","31","2026-09-25T08:35:00","2026-09-25T08:59:00","1","60","ALL_TICKETS_USED","AT_TICKET_DESTINATION"
"SYN001982","SYNTHETIC","ETM_STYLE","2026-09-25","16821","105","14448","Regular","2026-09-25_14448","morning","2026-09-25T08:33:00","6363","Ottiyambakkam","13","6658","Tambaram Railway Station East","43","2026-09-25T08:33:00","2026-09-25T09:13:00","1","60","ALL_TICKETS_USED","AT_TICKET_DESTINATION"
"SYN001983","SYNTHETIC","CHENNAI_ONE_STYLE","2026-09-25","16821","105","14448","Regular","2026-09-25_14448","morning","2026-09-25T08:19:00","6351","Karanai","12","6656","Poondi Bazaar","42","2026-09-25T08:31:00","2026-09-25T09:12:00","1","60","ALL_TICKETS_USED","AT_TICKET_DESTINATION"
"SYN001984","SYNTHETIC","ETM_STYLE","2026-09-25","16821","105","14448","Regular","2026-09-25_14448","morning","2026-09-25T08:33:00","6363","Ottiyambakkam","13","6666","Kamarajapuram","37","2026-09-25T08:33:00","2026-09-25T09:05:00","1","60","ALL_TICKETS_USED","AT_TICKET_DESTINATION"
"SYN001985","SYNTHETIC","ETM_STYLE","2026-09-25","16821","105","14448","Regular","2026-09-25_14448","morning","2026-09-25T08:16:00","6224","Sipcot Industrial Park","2","10049","S.I.V.E.T","34","2026-09-25T08:16:00","2026-09-25T09:02:00","2","60","ALL_TICKETS_USED","AT_TICKET_DESTINATION"
"SYN001986","SYNTHETIC","ETM_STYLE","2026-09-25","16821","105","14448","Regular","2026-09-25_14448","morning","2026-09-25T08:17:00","6240","Tcs Gate 1","3","6638","Prince College","35","2026-09-25T08:17:00","2026-09-25T09:03:00","2","60","ALL_TICKETS_USED","AT_TICKET_DESTINATION"
"SYN001987","SYNTHETIC","ETM_STYLE","2026-09-25","16821","105","14448","Regular","2026-09-25_14448","morning","2026-09-25T08:31:00","6351","Karanai","12","6666","Kamarajapuram","37","2026-09-25T08:31:00","2026-09-25T09:05:00","2","60","ALL_TICKETS_USED","AT_TICKET_DESTINATION"
"SYN001988","SYNTHETIC","ETM_STYLE","2026-09-25","16821","105","14448","Regular","2026-09-25_14448","morning","2026-09-25T08:19:00","9967","It Park Siruseri Or Muttukadu","4","6651","East Tambaram Convent","41","2026-09-25T08:19:00","2026-09-25T09:11:00","2","60","ALL_TICKETS_USED","AT_TICKET_DESTINATION"
"SYN001989","SYNTHETIC","CHENNAI_ONE_STYLE","2026-09-25","16821","105","14448","Regular","2026-09-25_14448","morning","2026-09-25T08:16:00","9976","Navalur","6","6659","Sembakkam","36","2026-09-25T08:23:00","2026-09-25T09:04:00","2","60","ALL_TICKETS_USED","AT_TICKET_DESTINATION"
"SYN001990","SYNTHETIC","CHENNAI_ONE_STYLE","2026-09-25","16821","105","14448","Regular","2026-09-25_14448","morning","2026-09-25T08:22:00","6309","Thalambur Road Junction","9","6693","Tambaram West Bus Stand","45","2026-09-25T08:27:00","2026-09-25T09:16:00","1","60","ALL_TICKETS_USED","AT_TICKET_DESTINATION"
"SYN001991","SYNTHETIC","ETM_STYLE","2026-09-25","16821","105","14448","Regular","2026-09-25_14448","morning","2026-09-25T08:23:00","9976","Navalur","6","6651","East Tambaram Convent","41","2026-09-25T08:23:00","2026-09-25T09:11:00","1","60","ALL_TICKETS_USED","AT_TICKET_DESTINATION"
"SYN001992","SYNTHETIC","ETM_STYLE","2026-09-25","16821","105","14448","Regular","2026-09-25_14448","morning","2026-09-25T08:25:00","6307","Kakkan Nagar","7","6614","Vijaya Nagaram","31","2026-09-25T08:25:00","2026-09-25T08:59:00","3","60","ALL_TICKETS_USED","AT_TICKET_DESTINATION"
"SYN001993","SYNTHETIC","CHENNAI_ONE_STYLE","2026-09-25","16821","105","14448","Regular","2026-09-25_14448","morning","2026-09-25T08:15:00","6305","Trisakthi Kovil","8","6608","Vengaivasal Road Junction","32","2026-09-25T08:26:00","2026-09-25T09:00:00","1","60","ALL_TICKETS_USED","AT_TICKET_DESTINATION"
"SYN001994","SYNTHETIC","ETM_STYLE","2026-09-25","16821","105","14448","Regular","2026-09-25_14448","morning","2026-09-25T08:20:00","6272","Egattur","5","6666","Kamarajapuram","37","2026-09-25T08:20:00","2026-09-25T09:05:00","1","60","ALL_TICKETS_USED","AT_TICKET_DESTINATION"
"SYN001995","SYNTHETIC","ETM_STYLE","2026-09-25","16821","105","14448","Regular","2026-09-25_14448","morning","2026-09-25T08:17:00","6240","Tcs Gate 1","3","6693","Tambaram West Bus Stand","45","2026-09-25T08:17:00","2026-09-25T09:16:00","1","60","ALL_TICKETS_USED","AT_TICKET_DESTINATION"
"SYN001996","SYNTHETIC","CHENNAI_ONE_STYLE","2026-09-25","16821","105","14448","Regular","2026-09-25_14448","morning","2026-09-25T08:15:00","9960","Siruseri It Park","1","6608","Vengaivasal Road Junction","32","2026-09-25T08:15:00","2026-09-25T09:00:00","2","60","ALL_TICKETS_USED","AT_TICKET_DESTINATION"
"SYN001997","SYNTHETIC","ETM_STYLE","2026-09-25","16821","105","14448","Regular","2026-09-25_14448","morning","2026-09-25T08:29:00","6332","Karanai Colony","11","6693","Tambaram West Bus Stand","45","2026-09-25T08:29:00","2026-09-25T09:16:00","2","60","ALL_TICKETS_USED","AT_TICKET_DESTINATION"
"SYN001998","SYNTHETIC","CHENNAI_ONE_STYLE","2026-09-25","16821","105","14448","Regular","2026-09-25_14448","morning","2026-09-25T08:06:00","6272","Egattur","5","6644","Mahalakshmi Nagar","38","2026-09-25T08:20:00","2026-09-25T09:07:00","1","60","ALL_TICKETS_USED","AT_TICKET_DESTINATION"
"SYN001999","SYNTHETIC","CHENNAI_ONE_STYLE","2026-09-25","16821","105","14448","Regular","2026-09-25_14448","morning","2026-09-25T08:12:00","6240","Tcs Gate 1","3","6643","Selaiyur","39","2026-09-25T08:17:00","2026-09-25T09:09:00","1","60","ALL_TICKETS_USED","AT_TICKET_DESTINATION"
"SYN002000","SYNTHETIC","ETM_STYLE","2026-09-25","16821","105","14448","Regular","2026-09-25_14448","morning","2026-09-25T08:20:00","6272","Egattur","5","6643","Selaiyur","39","2026-09-25T08:20:00","2026-09-25T09:09:00","1","60","ALL_TICKETS_USED","AT_TICKET_DESTINATION"
"SYN002001","SYNTHETIC","ETM_STYLE","2026-09-25","16821","105","14448","Regular","2026-09-25_14448","morning","2026-09-25T08:23:00","9976","Navalur","6","6659","Sembakkam","36","2026-09-25T08:23:00","2026-09-25T09:04:00","1","60","ALL_TICKETS_USED","AT_TICKET_DESTINATION"
"SYN002002","SYNTHETIC","CHENNAI_ONE_STYLE","2026-09-25","16821","105","14448","Regular","2026-09-25_14448","morning","2026-09-25T08:19:00","6305","Trisakthi Kovil","8","6638","Prince College","35","2026-09-25T08:26:00","2026-09-25T09:03:00","2","60","ALL_TICKETS_USED","AT_TICKET_DESTINATION"
"SYN002003","SYNTHETIC","ETM_STYLE","2026-09-25","16821","105","14448","Regular","2026-09-25_14448","morning","2026-09-25T08:16:00","6224","Sipcot Industrial Park","2","6647","Aathi Nagar","40","2026-09-25T08:16:00","2026-09-25T09:10:00","2","60","ALL_TICKETS_USED","AT_TICKET_DESTINATION"
"SYN002004","SYNTHETIC","CHENNAI_ONE_STYLE","2026-09-25","16821","105","14448","Regular","2026-09-25_14448","morning","2026-09-25T08:16:00","6307","Kakkan Nagar","7","6647","Aathi Nagar","40","2026-09-25T08:25:00","2026-09-25T09:10:00","2","60","ALL_TICKETS_USED","AT_TICKET_DESTINATION"
"SYN002005","SYNTHETIC","CHENNAI_ONE_STYLE","2026-09-25","16821","105","14448","Regular","2026-09-25_14448","morning","2026-09-25T08:05:00","6272","Egattur","5","6647","Aathi Nagar","40","2026-09-25T08:20:00","2026-09-25T09:10:00","1","60","ALL_TICKETS_USED","AT_TICKET_DESTINATION"
"SYN002006","SYNTHETIC","CHENNAI_ONE_STYLE","2026-09-25","16821","105","14448","Regular","2026-09-25_14448","morning","2026-09-25T08:00:00","9960","Siruseri It Park","1","6614","Vijaya Nagaram","31","2026-09-25T08:15:00","2026-09-25T08:59:00","1","60","ALL_TICKETS_USED","AT_TICKET_DESTINATION"
"SYN002007","SYNTHETIC","CHENNAI_ONE_STYLE","2026-09-25","16821","105","14448","Regular","2026-09-25_14448","morning","2026-09-25T08:23:00","9976","Navalur","6","6647","Aathi Nagar","40","2026-09-25T08:23:00","2026-09-25T09:10:00","2","60","ALL_TICKETS_USED","AT_TICKET_DESTINATION"
"SYN002008","SYNTHETIC","ETM_STYLE","2026-09-25","16821","105","14448","Regular","2026-09-25_14448","morning","2026-09-25T08:19:00","9967","It Park Siruseri Or Muttukadu","4","6625","Santhosapuram","33","2026-09-25T08:19:00","2026-09-25T09:01:00","2","60","ALL_TICKETS_USED","AT_TICKET_DESTINATION"
"SYN002009","SYNTHETIC","CHENNAI_ONE_STYLE","2026-09-25","16821","105","14448","Regular","2026-09-25_14448","morning","2026-09-25T08:34:00","6408","Ramakrishna Nagar","15","6643","Selaiyur","39","2026-09-25T08:36:00","2026-09-25T09:09:00","3","60","ALL_TICKETS_USED","AT_TICKET_DESTINATION"
"SYN002010","SYNTHETIC","ETM_STYLE","2026-09-25","16821","105","14448","Regular","2026-09-25_14448","morning","2026-09-25T08:15:00","9960","Siruseri It Park","1","6693","Tambaram West Bus Stand","45","2026-09-25T08:15:00","2026-09-25T09:16:00","1","60","ALL_TICKETS_USED","AT_TICKET_DESTINATION"
"SYN002011","SYNTHETIC","CHENNAI_ONE_STYLE","2026-09-25","16821","105","14452","Regular","2026-09-25_14452","afternoon","2026-09-25T14:32:00","6643","Selaiyur","39","6656","Poondi Bazaar","42","2026-09-25T14:39:00","2026-09-25T14:42:00","1","60","ALL_TICKETS_USED","AT_TICKET_DESTINATION"
"SYN002012","SYNTHETIC","ETM_STYLE","2026-09-25","16821","105","14452","Regular","2026-09-25_14452","afternoon","2026-09-25T14:42:00","6656","Poondi Bazaar","42","6662","Tambaram East Bus Stop","44","2026-09-25T14:42:00","2026-09-25T14:44:00","1","60","ALL_TICKETS_USED","AT_TICKET_DESTINATION"
"SYN002013","SYNTHETIC","ETM_STYLE","2026-09-25","16821","105","14452","Regular","2026-09-25_14452","afternoon","2026-09-25T14:18:00","6575","Babu Nagar Medavakkam","27","6600","Medavakkam Junction","28","2026-09-25T14:18:00","2026-09-25T14:25:00","1","60","ALL_TICKETS_USED","AT_TICKET_DESTINATION"
"SYN002014","SYNTHETIC","CHENNAI_ONE_STYLE","2026-09-25","16821","105","14452","Regular","2026-09-25_14452","afternoon","2026-09-25T14:00:00","6523","Vengaivasal Road Chithalapakkam","23","6651","East Tambaram Convent","41","2026-09-25T14:14:00","2026-09-25T14:41:00","1","60","ALL_TICKETS_USED","AT_TICKET_DESTINATION"
"SYN002015","SYNTHETIC","CHENNAI_ONE_STYLE","2026-09-25","16821","105","14452","Regular","2026-09-25_14452","afternoon","2026-09-25T14:18:00","6608","Vengaivasal Road Junction","32","6644","Mahalakshmi Nagar","38","2026-09-25T14:30:00","2026-09-25T14:37:00","3","60","ALL_TICKETS_USED","AT_TICKET_DESTINATION"
"SYN002016","SYNTHETIC","ETM_STYLE","2026-09-25","16821","105","14452","Regular","2026-09-25_14452","afternoon","2026-09-25T14:13:00","6511","Chitlapakkam Koot Road","22","6625","Santhosapuram","33","2026-09-25T14:13:00","2026-09-25T14:31:00","2","60","ALL_TICKETS_USED","AT_TICKET_DESTINATION"
"SYN002017","SYNTHETIC","CHENNAI_ONE_STYLE","2026-09-25","16821","105","14452","Regular","2026-09-25_14452","afternoon","2026-09-25T13:45:00","6307","Kakkan Nagar","7","6600","Medavakkam Junction","28","2026-09-25T13:55:00","2026-09-25T14:25:00","1","60","ALL_TICKETS_USED","AT_TICKET_DESTINATION"
"SYN002018","SYNTHETIC","CHENNAI_ONE_STYLE","2026-09-25","16821","105","14452","Regular","2026-09-25_14452","afternoon","2026-09-25T14:29:00","6658","Tambaram Railway Station East","43","6662","Tambaram East Bus Stop","44","2026-09-25T14:43:00","2026-09-25T14:44:00","1","60","ALL_TICKETS_USED","AT_TICKET_DESTINATION"
"SYN002019","SYNTHETIC","ETM_STYLE","2026-09-25","16821","105","14452","Regular","2026-09-25_14452","afternoon","2026-09-25T14:17:00","6570","Soumya Nagar","26","6651","East Tambaram Convent","41","2026-09-25T14:17:00","2026-09-25T14:41:00","2","60","ALL_TICKETS_USED","AT_TICKET_DESTINATION"
"SYN002020","SYNTHETIC","ETM_STYLE","2026-09-25","16821","105","14452","Regular","2026-09-25_14452","afternoon","2026-09-25T14:25:00","6600","Medavakkam Junction","28","6658","Tambaram Railway Station East","43","2026-09-25T14:25:00","2026-09-25T14:43:00","2","60","ALL_TICKETS_USED","AT_TICKET_DESTINATION"
"SYN002021","SYNTHETIC","ETM_STYLE","2026-09-25","16821","105","14452","Regular","2026-09-25_14452","afternoon","2026-09-25T14:14:00","6523","Vengaivasal Road Chithalapakkam","23","6656","Poondi Bazaar","42","2026-09-25T14:14:00","2026-09-25T14:42:00","1","60","ALL_TICKETS_USED","AT_TICKET_DESTINATION"
"SYN002022","SYNTHETIC","CHENNAI_ONE_STYLE","2026-09-25","16821","105","14452","Regular","2026-09-25_14452","afternoon","2026-09-25T13:50:00","6389","Tellus Avenue","14","6450","Sithalapakkam Mani Kadai","17","2026-09-25T14:05:00","2026-09-25T14:08:00","3","60","ALL_TICKETS_USED","AT_TICKET_DESTINATION"
"SYN002023","SYNTHETIC","CHENNAI_ONE_STYLE","2026-09-25","16821","105","14452","Regular","2026-09-25_14452","afternoon","2026-09-25T14:22:00","6638","Prince College","35","6659","Sembakkam","36","2026-09-25T14:33:00","2026-09-25T14:34:00","3","60","ALL_TICKETS_USED","AT_TICKET_DESTINATION"
"SYN002024","SYNTHETIC","ETM_STYLE","2026-09-25","16821","105","14456","Regular","2026-09-25_14456","evening","2026-09-25T19:31:00","6305","Trisakthi Kovil","8","6693","Tambaram West Bus Stand","45","2026-09-25T19:31:00","2026-09-25T20:21:00","2","60","ALL_TICKETS_USED","AT_TICKET_DESTINATION"
"SYN002025","SYNTHETIC","CHENNAI_ONE_STYLE","2026-09-25","16821","105","14456","Regular","2026-09-25_14456","evening","2026-09-25T19:23:00","9967","It Park Siruseri Or Muttukadu","4","6659","Sembakkam","36","2026-09-25T19:24:00","2026-09-25T20:09:00","1","60","ALL_TICKETS_USED","AT_TICKET_DESTINATION"
"SYN002026","SYNTHETIC","CHENNAI_ONE_STYLE","2026-09-25","16821","105","14456","Regular","2026-09-25_14456","evening","2026-09-25T19:41:00","6408","Ramakrishna Nagar","15","6651","East Tambaram Convent","41","2026-09-25T19:41:00","2026-09-25T20:16:00","1","60","ALL_TICKETS_USED","AT_TICKET_DESTINATION"
"SYN002027","SYNTHETIC","CHENNAI_ONE_STYLE","2026-09-25","16821","105","14456","Regular","2026-09-25_14456","evening","2026-09-25T19:19:00","9976","Navalur","6","6656","Poondi Bazaar","42","2026-09-25T19:28:00","2026-09-25T20:17:00","1","60","ALL_TICKETS_USED","AT_TICKET_DESTINATION"
"SYN002028","SYNTHETIC","ETM_STYLE","2026-09-25","16821","105","14456","Regular","2026-09-25_14456","evening","2026-09-25T19:24:00","9967","It Park Siruseri Or Muttukadu","4","6658","Tambaram Railway Station East","43","2026-09-25T19:24:00","2026-09-25T20:18:00","3","60","ALL_TICKETS_USED","AT_TICKET_DESTINATION"
"SYN002029","SYNTHETIC","ETM_STYLE","2026-09-25","16821","105","14456","Regular","2026-09-25_14456","evening","2026-09-25T19:24:00","9967","It Park Siruseri Or Muttukadu","4","6659","Sembakkam","36","2026-09-25T19:24:00","2026-09-25T20:09:00","1","60","ALL_TICKETS_USED","AT_TICKET_DESTINATION"
"SYN002030","SYNTHETIC","ETM_STYLE","2026-09-25","16821","105","14456","Regular","2026-09-25_14456","evening","2026-09-25T19:34:00","6332","Karanai Colony","11","6643","Selaiyur","39","2026-09-25T19:34:00","2026-09-25T20:14:00","2","60","ALL_TICKETS_USED","AT_TICKET_DESTINATION"
"SYN002031","SYNTHETIC","ETM_STYLE","2026-09-25","16821","105","14456","Regular","2026-09-25_14456","evening","2026-09-25T19:30:00","6307","Kakkan Nagar","7","6625","Santhosapuram","33","2026-09-25T19:30:00","2026-09-25T20:06:00","1","60","ALL_TICKETS_USED","AT_TICKET_DESTINATION"
"SYN002032","SYNTHETIC","ETM_STYLE","2026-09-25","16821","105","14456","Regular","2026-09-25_14456","evening","2026-09-25T19:20:00","9960","Siruseri It Park","1","6638","Prince College","35","2026-09-25T19:20:00","2026-09-25T20:08:00","1","60","ALL_TICKETS_USED","AT_TICKET_DESTINATION"
"SYN002033","SYNTHETIC","CHENNAI_ONE_STYLE","2026-09-25","16821","105","14456","Regular","2026-09-25_14456","evening","2026-09-25T19:24:00","6303","Thalambur","10","6656","Poondi Bazaar","42","2026-09-25T19:33:00","2026-09-25T20:17:00","2","60","ALL_TICKETS_USED","AT_TICKET_DESTINATION"
"SYN002034","SYNTHETIC","ETM_STYLE","2026-09-25","16821","105","14456","Regular","2026-09-25_14456","evening","2026-09-25T19:20:00","9960","Siruseri It Park","1","6608","Vengaivasal Road Junction","32","2026-09-25T19:20:00","2026-09-25T20:05:00","1","60","ALL_TICKETS_USED","AT_TICKET_DESTINATION"
"SYN002035","SYNTHETIC","ETM_STYLE","2026-09-25","16821","105","14456","Regular","2026-09-25_14456","evening","2026-09-25T19:20:00","9960","Siruseri It Park","1","6662","Tambaram East Bus Stop","44","2026-09-25T19:20:00","2026-09-25T20:19:00","2","60","ALL_TICKETS_USED","AT_TICKET_DESTINATION"
"SYN002036","SYNTHETIC","ETM_STYLE","2026-09-25","16821","105","14456","Regular","2026-09-25_14456","evening","2026-09-25T19:25:00","6272","Egattur","5","6662","Tambaram East Bus Stop","44","2026-09-25T19:25:00","2026-09-25T20:19:00","2","60","ALL_TICKETS_USED","AT_TICKET_DESTINATION"
"SYN002037","SYNTHETIC","ETM_STYLE","2026-09-25","16821","105","14456","Regular","2026-09-25_14456","evening","2026-09-25T19:34:00","6332","Karanai Colony","11","10049","S.I.V.E.T","34","2026-09-25T19:34:00","2026-09-25T20:07:00","1","60","ALL_TICKETS_USED","AT_TICKET_DESTINATION"
"SYN002038","SYNTHETIC","ETM_STYLE","2026-09-25","16821","105","14456","Regular","2026-09-25_14456","evening","2026-09-25T19:30:00","6307","Kakkan Nagar","7","6644","Mahalakshmi Nagar","38","2026-09-25T19:30:00","2026-09-25T20:12:00","1","60","ALL_TICKETS_USED","AT_TICKET_DESTINATION"
"SYN002039","SYNTHETIC","ETM_STYLE","2026-09-25","16821","105","14456","Regular","2026-09-25_14456","evening","2026-09-25T19:31:00","6305","Trisakthi Kovil","8","6644","Mahalakshmi Nagar","38","2026-09-25T19:31:00","2026-09-25T20:12:00","1","60","ALL_TICKETS_USED","AT_TICKET_DESTINATION"
"SYN002040","SYNTHETIC","ETM_STYLE","2026-09-25","16821","105","14456","Regular","2026-09-25_14456","evening","2026-09-25T19:33:00","6303","Thalambur","10","6644","Mahalakshmi Nagar","38","2026-09-25T19:33:00","2026-09-25T20:12:00","2","60","ALL_TICKETS_USED","AT_TICKET_DESTINATION"
"SYN002041","SYNTHETIC","ETM_STYLE","2026-09-25","16821","105","14456","Regular","2026-09-25_14456","evening","2026-09-25T19:30:00","6307","Kakkan Nagar","7","6638","Prince College","35","2026-09-25T19:30:00","2026-09-25T20:08:00","1","60","ALL_TICKETS_USED","AT_TICKET_DESTINATION"
"SYN002042","SYNTHETIC","CHENNAI_ONE_STYLE","2026-09-25","16821","105","14456","Regular","2026-09-25_14456","evening","2026-09-25T19:30:00","6363","Ottiyambakkam","13","6625","Santhosapuram","33","2026-09-25T19:38:00","2026-09-25T20:06:00","2","60","ALL_TICKETS_USED","AT_TICKET_DESTINATION"
"SYN002043","SYNTHETIC","ETM_STYLE","2026-09-25","16821","105","14456","Regular","2026-09-25_14456","evening","2026-09-25T19:38:00","6363","Ottiyambakkam","13","6662","Tambaram East Bus Stop","44","2026-09-25T19:38:00","2026-09-25T20:19:00","1","60","ALL_TICKETS_USED","AT_TICKET_DESTINATION"
"SYN002044","SYNTHETIC","CHENNAI_ONE_STYLE","2026-09-25","16821","105","14456","Regular","2026-09-25_14456","evening","2026-09-25T19:20:00","6272","Egattur","5","6656","Poondi Bazaar","42","2026-09-25T19:25:00","2026-09-25T20:17:00","3","60","ALL_TICKETS_USED","AT_TICKET_DESTINATION"
"SYN002045","SYNTHETIC","CHENNAI_ONE_STYLE","2026-09-25","16821","105","14456","Regular","2026-09-25_14456","evening","2026-09-25T19:17:00","9960","Siruseri It Park","1","6658","Tambaram Railway Station East","43","2026-09-25T19:20:00","2026-09-25T20:18:00","2","60","ALL_TICKETS_USED","AT_TICKET_DESTINATION"
"SYN002046","SYNTHETIC","ETM_STYLE","2026-09-25","16821","105","14456","Regular","2026-09-25_14456","evening","2026-09-25T19:41:00","6408","Ramakrishna Nagar","15","6644","Mahalakshmi Nagar","38","2026-09-25T19:41:00","2026-09-25T20:12:00","1","60","ALL_TICKETS_USED","AT_TICKET_DESTINATION"
"SYN002047","SYNTHETIC","ETM_STYLE","2026-09-25","16821","105","14456","Regular","2026-09-25_14456","evening","2026-09-25T19:40:00","6389","Tellus Avenue","14","6608","Vengaivasal Road Junction","32","2026-09-25T19:40:00","2026-09-25T20:05:00","2","60","ALL_TICKETS_USED","AT_TICKET_DESTINATION"
"SYN002048","SYNTHETIC","ETM_STYLE","2026-09-25","16821","105","14456","Regular","2026-09-25_14456","evening","2026-09-25T19:28:00","9976","Navalur","6","6614","Vijaya Nagaram","31","2026-09-25T19:28:00","2026-09-25T20:04:00","1","60","ALL_TICKETS_USED","AT_TICKET_DESTINATION"
"SYN002049","SYNTHETIC","ETM_STYLE","2026-09-25","16821","105","14456","Regular","2026-09-25_14456","evening","2026-09-25T19:41:00","6408","Ramakrishna Nagar","15","6608","Vengaivasal Road Junction","32","2026-09-25T19:41:00","2026-09-25T20:05:00","3","60","ALL_TICKETS_USED","AT_TICKET_DESTINATION"
"SYN002050","SYNTHETIC","CHENNAI_ONE_STYLE","2026-09-25","16821","105","14456","Regular","2026-09-25_14456","evening","2026-09-25T19:17:00","6307","Kakkan Nagar","7","6662","Tambaram East Bus Stop","44","2026-09-25T19:30:00","2026-09-25T20:19:00","2","60","ALL_TICKETS_USED","AT_TICKET_DESTINATION"
"SYN002051","SYNTHETIC","ETM_STYLE","2026-09-25","16821","105","14456","Regular","2026-09-25_14456","evening","2026-09-25T19:41:00","6408","Ramakrishna Nagar","15","6656","Poondi Bazaar","42","2026-09-25T19:41:00","2026-09-25T20:17:00","2","60","ALL_TICKETS_USED","AT_TICKET_DESTINATION"
"SYN002052","SYNTHETIC","ETM_STYLE","2026-09-25","16821","105","14456","Regular","2026-09-25_14456","evening","2026-09-25T19:28:00","9976","Navalur","6","6662","Tambaram East Bus Stop","44","2026-09-25T19:28:00","2026-09-25T20:19:00","2","60","ALL_TICKETS_USED","AT_TICKET_DESTINATION"
"SYN002053","SYNTHETIC","CHENNAI_ONE_STYLE","2026-09-25","16821","105","14456","Regular","2026-09-25_14456","evening","2026-09-25T19:40:00","6389","Tellus Avenue","14","6651","East Tambaram Convent","41","2026-09-25T19:40:00","2026-09-25T20:16:00","1","60","ALL_TICKETS_USED","AT_TICKET_DESTINATION"
"SYN002054","SYNTHETIC","ETM_STYLE","2026-09-25","16821","105","14458","Regular","2026-09-25_14458","night","2026-09-25T22:27:00","6421","Arasankazhani","16","6575","Babu Nagar Medavakkam","27","2026-09-25T22:27:00","2026-09-25T22:38:00","1","60","ALL_TICKETS_USED","AT_TICKET_DESTINATION"
"SYN002055","SYNTHETIC","ETM_STYLE","2026-09-25","16821","105","14458","Regular","2026-09-25_14458","night","2026-09-25T22:33:00","6511","Chitlapakkam Koot Road","22","6643","Selaiyur","39","2026-09-25T22:33:00","2026-09-25T22:59:00","3","60","ALL_TICKETS_USED","AT_TICKET_DESTINATION"
"SYN002056","SYNTHETIC","ETM_STYLE","2026-09-25","16821","105","14458","Regular","2026-09-25_14458","night","2026-09-25T22:32:00","6492","Valluvar Nagar Chithalapakkam","21","6647","Aathi Nagar","40","2026-09-25T22:32:00","2026-09-25T23:00:00","1","60","ALL_TICKETS_USED","AT_TICKET_DESTINATION"
"SYN002057","SYNTHETIC","ETM_STYLE","2026-09-25","16821","105","14458","Regular","2026-09-25_14458","night","2026-09-25T22:48:00","6623","Medavakkam","30","6656","Poondi Bazaar","42","2026-09-25T22:48:00","2026-09-25T23:02:00","2","60","ALL_TICKETS_USED","AT_TICKET_DESTINATION"
"SYN002058","SYNTHETIC","ETM_STYLE","2026-09-25","16821","105","14458","Regular","2026-09-25_14458","night","2026-09-25T22:23:00","6363","Ottiyambakkam","13","6651","East Tambaram Convent","41","2026-09-25T22:23:00","2026-09-25T23:01:00","1","60","ALL_TICKETS_USED","AT_TICKET_DESTINATION"
"SYN002059","SYNTHETIC","ETM_STYLE","2026-09-25","16821","105","14458","Regular","2026-09-25_14458","night","2026-09-25T22:21:00","6351","Karanai","12","10049","S.I.V.E.T","34","2026-09-25T22:21:00","2026-09-25T22:52:00","1","60","ALL_TICKETS_USED","AT_TICKET_DESTINATION"
"SYN002060","SYNTHETIC","CHENNAI_ONE_STYLE","2026-09-25","16821","105","14458","Regular","2026-09-25_14458","night","2026-09-25T22:43:00","6631","Medavakkam Koot Road","29","6658","Tambaram Railway Station East","43","2026-09-25T22:47:00","2026-09-25T23:03:00","1","60","ALL_TICKETS_USED","AT_TICKET_DESTINATION"
"SYN002061","SYNTHETIC","ETM_STYLE","2026-09-25","16821","105","14458","Regular","2026-09-25_14458","night","2026-09-25T22:59:00","6643","Selaiyur","39","6693","Tambaram West Bus Stand","45","2026-09-25T22:59:00","2026-09-25T23:06:00","1","60","ALL_TICKETS_USED","AT_TICKET_DESTINATION"
"SYN002062","SYNTHETIC","CHENNAI_ONE_STYLE","2026-09-25","16821","105","14458","Regular","2026-09-25_14458","night","2026-09-25T21:58:00","6224","Sipcot Industrial Park","2","6662","Tambaram East Bus Stop","44","2026-09-25T22:06:00","2026-09-25T23:04:00","1","60","ALL_TICKETS_USED","AT_TICKET_DESTINATION"
"SYN002063","SYNTHETIC","ETM_STYLE","2026-09-25","16821","105","14458","Regular","2026-09-25_14458","night","2026-09-25T22:09:00","9967","It Park Siruseri Or Muttukadu","4","6600","Medavakkam Junction","28","2026-09-25T22:09:00","2026-09-25T22:45:00","2","60","ALL_TICKETS_USED","AT_TICKET_DESTINATION"
"SYN002064","SYNTHETIC","CHENNAI_ONE_STYLE","2026-09-25","16821","105","14458","Regular","2026-09-25_14458","night","2026-09-25T22:47:00","6638","Prince College","35","6659","Sembakkam","36","2026-09-25T22:53:00","2026-09-25T22:54:00","2","60","ALL_TICKETS_USED","AT_TICKET_DESTINATION"
"SYN002065","SYNTHETIC","ETM_STYLE","2026-09-25","16821","105","14458","Regular","2026-09-25_14458","night","2026-09-25T22:15:00","6307","Kakkan Nagar","7","6421","Arasankazhani","16","2026-09-25T22:15:00","2026-09-25T22:27:00","2","60","ALL_TICKETS_USED","AT_TICKET_DESTINATION"
"SYN002066","SYNTHETIC","ETM_STYLE","2026-09-25","23600","109 R","102371","Regular","2026-09-25_102371","morning","2026-09-25T09:44:00","5916","Vivekananda House","8","6370","Anandbagh","36","2026-09-25T09:44:00","2026-09-25T10:34:00","1","60","ALL_TICKETS_USED","AT_TICKET_DESTINATION"
"SYN002067","SYNTHETIC","ETM_STYLE","2026-09-25","23600","109 R","102371","Regular","2026-09-25_102371","morning","2026-09-25T09:44:00","5916","Vivekananda House","8","6130","Kunnukadu Alamaram","45","2026-09-25T09:44:00","2026-09-25T10:43:00","2","60","ALL_TICKETS_USED","AT_TICKET_DESTINATION"
"SYN002068","SYNTHETIC","CHENNAI_ONE_STYLE","2026-09-25","23600","109 R","102371","Regular","2026-09-25_102371","morning","2026-09-25T09:36:00","5916","Vivekananda House","8","6387","Uthandi","35","2026-09-25T09:44:00","2026-09-25T10:33:00","1","60","ALL_TICKETS_USED","AT_TICKET_DESTINATION"
"SYN002069","SYNTHETIC","ETM_STYLE","2026-09-25","23600","109 R","102371","Regular","2026-09-25_102371","morning","2026-09-25T09:36:00","11192","Annasquare","5","6130","Kunnukadu Alamaram","45","2026-09-25T09:36:00","2026-09-25T10:43:00","1","60","ALL_TICKETS_USED","AT_TICKET_DESTINATION"
"SYN002070","SYNTHETIC","ETM_STYLE","2026-09-25","23600","109 R","102371","Regular","2026-09-25_102371","morning","2026-09-25T09:32:00","9783","Parrys Corner","2","6130","Kunnukadu Alamaram","45","2026-09-25T09:32:00","2026-09-25T10:43:00","2","60","ALL_TICKETS_USED","AT_TICKET_DESTINATION"
"SYN002071","SYNTHETIC","ETM_STYLE","2026-09-25","23600","109 R","102371","Regular","2026-09-25_102371","morning","2026-09-25T09:46:00","5638","All India Radio Light House","10","6130","Kunnukadu Alamaram","45","2026-09-25T09:46:00","2026-09-25T10:43:00","3","60","ALL_TICKETS_USED","AT_TICKET_DESTINATION"
"SYN002072","SYNTHETIC","ETM_STYLE","2026-09-25","23600","109 R","102371","Regular","2026-09-25_102371","morning","2026-09-25T09:32:00","9783","Parrys Corner","2","6459","Panaiyur","33","2026-09-25T09:32:00","2026-09-25T10:31:00","2","60","ALL_TICKETS_USED","AT_TICKET_DESTINATION"
"SYN002073","SYNTHETIC","ETM_STYLE","2026-09-25","23600","109 R","102371","Regular","2026-09-25_102371","morning","2026-09-25T09:56:00","10814","Music College Annamalai Puram","14","6106","Kovalam","46","2026-09-25T09:56:00","2026-09-25T10:44:00","1","60","ALL_TICKETS_USED","AT_TICKET_DESTINATION"
"SYN002074","SYNTHETIC","CHENNAI_ONE_STYLE","2026-09-25","23600","109 R","102371","Regular","2026-09-25_102371","morning","2026-09-25T09:50:00","5760","Adyar Signal","16","6459","Panaiyur","33","2026-09-25T10:00:00","2026-09-25T10:31:00","3","60","ALL_TICKETS_USED","AT_TICKET_DESTINATION"
"SYN002075","SYNTHETIC","CHENNAI_ONE_STYLE","2026-09-25","23600","109 R","102371","Regular","2026-09-25_102371","morning","2026-09-25T09:36:00","5819","Foreshore Estate Bus Stop","12","6081","Kovalam Chamjarai","48","2026-09-25T09:49:00","2026-09-25T10:46:00","1","60","ALL_TICKETS_USED","AT_TICKET_DESTINATION"
"SYN002076","SYNTHETIC","ETM_STYLE","2026-09-25","23600","109 R","102371","Regular","2026-09-25_102371","morning","2026-09-25T09:35:00","5932","War Memorial","4","6130","Kunnukadu Alamaram","45","2026-09-25T09:35:00","2026-09-25T10:43:00","1","60","ALL_TICKETS_USED","AT_TICKET_DESTINATION"
"SYN002077","SYNTHETIC","ETM_STYLE","2026-09-25","23600","109 R","102371","Regular","2026-09-25_102371","morning","2026-09-25T09:47:00","5639","Santhome Church","11","6102","Kovalam Bus Terminus","49","2026-09-25T09:47:00","2026-09-25T10:49:00","2","60","ALL_TICKETS_USED","AT_TICKET_DESTINATION"
"SYN002078","SYNTHETIC","ETM_STYLE","2026-09-25","23600","109 R","102371","Regular","2026-09-25_102371","morning","2026-09-25T09:35:00","5932","War Memorial","4","9955","N.I.E.P.M.D","43","2026-09-25T09:35:00","2026-09-25T10:41:00","1","60","ALL_TICKETS_USED","AT_TICKET_DESTINATION"
"SYN002079","SYNTHETIC","CHENNAI_ONE_STYLE","2026-09-25","23600","109 R","102371","Regular","2026-09-25_102371","morning","2026-09-25T09:33:00","5918","Kannagi Statue Or Presidency College","7","6160","Muttukadu Boat House","44","2026-09-25T09:39:00","2026-09-25T10:42:00","2","60","ALL_TICKETS_USED","AT_TICKET_DESTINATION"
"SYN002080","SYNTHETIC","ETM_STYLE","2026-09-25","23600","109 R","102371","Regular","2026-09-25_102371","morning","2026-09-25T09:32:00","9783","Parrys Corner","2","6287","Meera Nagar","39","2026-09-25T09:32:00","2026-09-25T10:37:00","1","60","ALL_TICKETS_USED","AT_TICKET_DESTINATION"
"SYN002081","SYNTHETIC","ETM_STYLE","2026-09-25","23600","109 R","102371","Regular","2026-09-25_102371","morning","2026-09-25T09:32:00","9783","Parrys Corner","2","6102","Kovalam Bus Terminus","49","2026-09-25T09:32:00","2026-09-25T10:49:00","2","60","ALL_TICKETS_USED","AT_TICKET_DESTINATION"
"SYN002082","SYNTHETIC","ETM_STYLE","2026-09-25","23600","109 R","102371","Regular","2026-09-25_102371","morning","2026-09-25T09:51:00","9128","Mrc Nagar","13","6249","Muttukadu","40","2026-09-25T09:51:00","2026-09-25T10:38:00","3","60","ALL_TICKETS_USED","AT_TICKET_DESTINATION"
"SYN002083","SYNTHETIC","ETM_STYLE","2026-09-25","23600","109 R","102371","Regular","2026-09-25_102371","morning","2026-09-25T09:46:00","5638","All India Radio Light House","10","6102","Kovalam Bus Terminus","49","2026-09-25T09:46:00","2026-09-25T10:49:00","1","60","ALL_TICKETS_USED","AT_TICKET_DESTINATION"
"SYN002084","SYNTHETIC","CHENNAI_ONE_STYLE","2026-09-25","23600","109 R","102371","Regular","2026-09-25_102371","morning","2026-09-25T09:46:00","5639","Santhome Church","11","6316","Kanathur","38","2026-09-25T09:47:00","2026-09-25T10:36:00","1","60","ALL_TICKETS_USED","AT_TICKET_DESTINATION"
"SYN002085","SYNTHETIC","ETM_STYLE","2026-09-25","23600","109 R","102371","Regular","2026-09-25_102371","morning","2026-09-25T09:56:00","10814","Music College Annamalai Puram","14","6160","Muttukadu Boat House","44","2026-09-25T09:56:00","2026-09-25T10:42:00","1","60","ALL_TICKETS_USED","AT_TICKET_DESTINATION"
"SYN002086","SYNTHETIC","CHENNAI_ONE_STYLE","2026-09-25","23600","109 R","102371","Regular","2026-09-25_102371","morning","2026-09-25T09:47:00","5758","M.G.R Janaki College Or Sathya Studio","15","6287","Meera Nagar","39","2026-09-25T09:58:00","2026-09-25T10:37:00","1","60","ALL_TICKETS_USED","AT_TICKET_DESTINATION"
"SYN002087","SYNTHETIC","ETM_STYLE","2026-09-25","23600","109 R","102371","Regular","2026-09-25_102371","morning","2026-09-25T09:36:00","11192","Annasquare","5","9993","Nainar Kuppam Or Uthandi Colony","34","2026-09-25T09:36:00","2026-09-25T10:32:00","1","60","ALL_TICKETS_USED","AT_TICKET_DESTINATION"
"SYN002088","SYNTHETIC","ETM_STYLE","2026-09-25","23600","109 R","102371","Regular","2026-09-25_102371","morning","2026-09-25T09:37:00","2601","Marina Beach","6","9986","Uthandi Toll Gate Or Ragash College","37","2026-09-25T09:37:00","2026-09-25T10:35:00","1","60","ALL_TICKETS_USED","AT_TICKET_DESTINATION"
"SYN002089","SYNTHETIC","CHENNAI_ONE_STYLE","2026-09-25","23600","109 R","102371","Regular","2026-09-25_102371","morning","2026-09-25T09:49:00","9128","Mrc Nagar","13","6130","Kunnukadu Alamaram","45","2026-09-25T09:51:00","2026-09-25T10:43:00","1","60","ALL_TICKETS_USED","AT_TICKET_DESTINATION"
"SYN002090","SYNTHETIC","ETM_STYLE","2026-09-25","23600","109 R","102371","Regular","2026-09-25_102371","morning","2026-09-25T09:34:00","5814","Secretariat","3","6249","Muttukadu","40","2026-09-25T09:34:00","2026-09-25T10:38:00","1","60","ALL_TICKETS_USED","AT_TICKET_DESTINATION"
"SYN002091","SYNTHETIC","ETM_STYLE","2026-09-25","23600","109 R","102371","Regular","2026-09-25_102371","morning","2026-09-25T09:58:00","5758","M.G.R Janaki College Or Sathya Studio","15","6160","Muttukadu Boat House","44","2026-09-25T09:58:00","2026-09-25T10:42:00","2","60","ALL_TICKETS_USED","AT_TICKET_DESTINATION"
"SYN002092","SYNTHETIC","CHENNAI_ONE_STYLE","2026-09-25","23600","109 R","102371","Regular","2026-09-25_102371","morning","2026-09-25T09:37:00","9128","Mrc Nagar","13","6459","Panaiyur","33","2026-09-25T09:51:00","2026-09-25T10:31:00","1","60","ALL_TICKETS_USED","AT_TICKET_DESTINATION"
"SYN002093","SYNTHETIC","ETM_STYLE","2026-09-25","23600","109 R","102371","Regular","2026-09-25_102371","morning","2026-09-25T09:36:00","11192","Annasquare","5","9986","Uthandi Toll Gate Or Ragash College","37","2026-09-25T09:36:00","2026-09-25T10:35:00","1","60","ALL_TICKETS_USED","AT_TICKET_DESTINATION"
"SYN002094","SYNTHETIC","ETM_STYLE","2026-09-25","23600","109 R","102371","Regular","2026-09-25_102371","morning","2026-09-25T09:58:00","5758","M.G.R Janaki College Or Sathya Studio","15","6370","Anandbagh","36","2026-09-25T09:58:00","2026-09-25T10:34:00","2","60","ALL_TICKETS_USED","AT_TICKET_DESTINATION"
"SYN002095","SYNTHETIC","ETM_STYLE","2026-09-25","23600","109 R","102371","Regular","2026-09-25_102371","morning","2026-09-25T09:51:00","9128","Mrc Nagar","13","6370","Anandbagh","36","2026-09-25T09:51:00","2026-09-25T10:34:00","1","60","ALL_TICKETS_USED","AT_TICKET_DESTINATION"
"SYN002096","SYNTHETIC","ETM_STYLE","2026-09-25","23600","109 R","102373","Regular","2026-09-25_102373","afternoon","2026-09-25T13:58:00","5758","M.G.R Janaki College Or Sathya Studio","15","6091","Kovalam Kelambakam Road Junction","47","2026-09-25T13:58:00","2026-09-25T14:45:00","1","60","ALL_TICKETS_USED","AT_TICKET_DESTINATION"
"SYN002097","SYNTHETIC","ETM_STYLE","2026-09-25","23600","109 R","102373","Regular","2026-09-25_102373","afternoon","2026-09-25T14:40:00","9957","Panjabur Or Yellow Board","42","6091","Kovalam Kelambakam Road Junction","47","2026-09-25T14:40:00","2026-09-25T14:45:00","1","60","ALL_TICKETS_USED","AT_TICKET_DESTINATION"
"SYN002098","SYNTHETIC","ETM_STYLE","2026-09-25","23600","109 R","102373","Regular","2026-09-25_102373","afternoon","2026-09-25T14:37:00","6287","Meera Nagar","39","6081","Kovalam Chamjarai","48","2026-09-25T14:37:00","2026-09-25T14:46:00","1","60","ALL_TICKETS_USED","AT_TICKET_DESTINATION"
"SYN002099","SYNTHETIC","ETM_STYLE","2026-09-25","23600","109 R","102373","Regular","2026-09-25_102373","afternoon","2026-09-25T14:29:00","10018","Akkarai Or Water Supply Head Work","32","6081","Kovalam Chamjarai","48","2026-09-25T14:29:00","2026-09-25T14:46:00","2","60","ALL_TICKETS_USED","AT_TICKET_DESTINATION"
"SYN002100","SYNTHETIC","ETM_STYLE","2026-09-25","23600","109 R","102373","Regular","2026-09-25_102373","afternoon","2026-09-25T13:51:00","9128","Mrc Nagar","13","8436","Ice Factory","24","2026-09-25T13:51:00","2026-09-25T14:19:00","2","60","ALL_TICKETS_USED","AT_TICKET_DESTINATION"
"SYN002101","SYNTHETIC","CHENNAI_ONE_STYLE","2026-09-25","23600","109 R","102373","Regular","2026-09-25_102373","afternoon","2026-09-25T14:08:00","8495","Palavakkam","22","9957","Panjabur Or Yellow Board","42","2026-09-25T14:17:00","2026-09-25T14:40:00","1","60","ALL_TICKETS_USED","AT_TICKET_DESTINATION"
"SYN002102","SYNTHETIC","CHENNAI_ONE_STYLE","2026-09-25","23600","109 R","102373","Regular","2026-09-25_102373","afternoon","2026-09-25T13:18:00","9783","Parrys Corner","2","5758","M.G.R Janaki College Or Sathya Studio","15","2026-09-25T13:32:00","2026-09-25T13:58:00","2","60","ALL_TICKETS_USED","AT_TICKET_DESTINATION"
"SYN002103","SYNTHETIC","ETM_STYLE","2026-09-25","23600","109 R","102373","Regular","2026-09-25_102373","afternoon","2026-09-25T14:38:00","6249","Muttukadu","40","9955","N.I.E.P.M.D","43","2026-09-25T14:38:00","2026-09-25T14:41:00","1","60","ALL_TICKETS_USED","AT_TICKET_DESTINATION"
"SYN002104","SYNTHETIC","ETM_STYLE","2026-09-25","23600","109 R","102373","Regular","2026-09-25_102373","afternoon","2026-09-25T14:37:00","6287","Meera Nagar","39","6130","Kunnukadu Alamaram","45","2026-09-25T14:37:00","2026-09-25T14:43:00","1","60","ALL_TICKETS_USED","AT_TICKET_DESTINATION"
"SYN002105","SYNTHETIC","CHENNAI_ONE_STYLE","2026-09-25","23600","109 R","102373","Regular","2026-09-25_102373","afternoon","2026-09-25T13:59:00","8666","Thiruvalluvar Nagar Rto","20","8495","Palavakkam","22","2026-09-25T14:14:00","2026-09-25T14:17:00","3","60","ALL_TICKETS_USED","AT_TICKET_DESTINATION"
"SYN002106","SYNTHETIC","ETM_STYLE","2026-09-25","23600","109 R","102373","Regular","2026-09-25_102373","afternoon","2026-09-25T13:45:00","5917","Queen Marys College","9","5760","Adyar Signal","16","2026-09-25T13:45:00","2026-09-25T14:00:00","3","60","ALL_TICKETS_USED","AT_TICKET_DESTINATION"
"SYN002107","SYNTHETIC","ETM_STYLE","2026-09-25","23600","109 R","102373","Regular","2026-09-25_102373","afternoon","2026-09-25T14:29:00","10018","Akkarai Or Water Supply Head Work","32","6081","Kovalam Chamjarai","48","2026-09-25T14:29:00","2026-09-25T14:46:00","2","60","ALL_TICKETS_USED","AT_TICKET_DESTINATION"
"SYN002108","SYNTHETIC","CHENNAI_ONE_STYLE","2026-09-25","23600","109 R","102373","Regular","2026-09-25_102373","afternoon","2026-09-25T14:34:00","9957","Panjabur Or Yellow Board","42","6102","Kovalam Bus Terminus","49","2026-09-25T14:40:00","2026-09-25T14:49:00","1","60","ALL_TICKETS_USED","AT_TICKET_DESTINATION"
"SYN002109","SYNTHETIC","ETM_STYLE","2026-09-25","23600","109 R","102375","Regular","2026-09-25_102375","evening","2026-09-25T17:40:00","5917","Queen Marys College","9","6287","Meera Nagar","39","2026-09-25T17:40:00","2026-09-25T18:32:00","1","60","ALL_TICKETS_USED","AT_TICKET_DESTINATION"
"SYN002110","SYNTHETIC","CHENNAI_ONE_STYLE","2026-09-25","23600","109 R","102375","Regular","2026-09-25_102375","evening","2026-09-25T17:18:00","5814","Secretariat","3","9962","Mary World Or Mgm","41","2026-09-25T17:29:00","2026-09-25T18:34:00","2","60","ALL_TICKETS_USED","AT_TICKET_DESTINATION"
"SYN002111","SYNTHETIC","ETM_STYLE","2026-09-25","23600","109 R","102375","Regular","2026-09-25_102375","evening","2026-09-25T17:41:00","5638","All India Radio Light House","10","6160","Muttukadu Boat House","44","2026-09-25T17:41:00","2026-09-25T18:37:00","2","60","ALL_TICKETS_USED","AT_TICKET_DESTINATION"
"SYN002112","SYNTHETIC","ETM_STYLE","2026-09-25","23600","109 R","102375","Regular","2026-09-25_102375","evening","2026-09-25T17:39:00","5916","Vivekananda House","8","6160","Muttukadu Boat House","44","2026-09-25T17:39:00","2026-09-25T18:37:00","2","60","ALL_TICKETS_USED","AT_TICKET_DESTINATION"
"SYN002113","SYNTHETIC","CHENNAI_ONE_STYLE","2026-09-25","23600","109 R","102375","Regular","2026-09-25_102375","evening","2026-09-25T17:21:00","5932","War Memorial","4","6459","Panaiyur","33","2026-09-25T17:30:00","2026-09-25T18:26:00","1","60","ALL_TICKETS_USED","AT_TICKET_DESTINATION"
"SYN002114","SYNTHETIC","ETM_STYLE","2026-09-25","23600","109 R","102375","Regular","2026-09-25_102375","evening","2026-09-25T17:51:00","10814","Music College Annamalai Puram","14","9957","Panjabur Or Yellow Board","42","2026-09-25T17:51:00","2026-09-25T18:35:00","1","60","ALL_TICKETS_USED","AT_TICKET_DESTINATION"
"SYN002115","SYNTHETIC","ETM_STYLE","2026-09-25","23600","109 R","102375","Regular","2026-09-25_102375","evening","2026-09-25T17:30:00","5932","War Memorial","4","9955","N.I.E.P.M.D","43","2026-09-25T17:30:00","2026-09-25T18:36:00","2","60","ALL_TICKETS_USED","AT_TICKET_DESTINATION"
"SYN002116","SYNTHETIC","CHENNAI_ONE_STYLE","2026-09-25","23600","109 R","102375","Regular","2026-09-25_102375","evening","2026-09-25T17:38:00","5758","M.G.R Janaki College Or Sathya Studio","15","6370","Anandbagh","36","2026-09-25T17:53:00","2026-09-25T18:29:00","1","60","ALL_TICKETS_USED","AT_TICKET_DESTINATION"
"SYN002117","SYNTHETIC","CHENNAI_ONE_STYLE","2026-09-25","23600","109 R","102375","Regular","2026-09-25_102375","evening","2026-09-25T17:29:00","5932","War Memorial","4","9993","Nainar Kuppam Or Uthandi Colony","34","2026-09-25T17:30:00","2026-09-25T18:27:00","2","60","ALL_TICKETS_USED","AT_TICKET_DESTINATION"
"SYN002118","SYNTHETIC","ETM_STYLE","2026-09-25","23600","109 R","102375","Regular","2026-09-25_102375","evening","2026-09-25T17:34:00","5918","Kannagi Statue Or Presidency College","7","9957","Panjabur Or Yellow Board","42","2026-09-25T17:34:00","2026-09-25T18:35:00","3","60","ALL_TICKETS_USED","AT_TICKET_DESTINATION"
"SYN002119","SYNTHETIC","CHENNAI_ONE_STYLE","2026-09-25","23600","109 R","102375","Regular","2026-09-25_102375","evening","2026-09-25T17:33:00","5916","Vivekananda House","8","9955","N.I.E.P.M.D","43","2026-09-25T17:39:00","2026-09-25T18:36:00","2","60","ALL_TICKETS_USED","AT_TICKET_DESTINATION"
"SYN002120","SYNTHETIC","CHENNAI_ONE_STYLE","2026-09-25","23600","109 R","102375","Regular","2026-09-25_102375","evening","2026-09-25T17:30:00","11192","Annasquare","5","6370","Anandbagh","36","2026-09-25T17:31:00","2026-09-25T18:29:00","1","60","ALL_TICKETS_USED","AT_TICKET_DESTINATION"
"SYN002121","SYNTHETIC","ETM_STYLE","2026-09-25","23600","109 R","102375","Regular","2026-09-25_102375","evening","2026-09-25T17:39:00","5916","Vivekananda House","8","6081","Kovalam Chamjarai","48","2026-09-25T17:39:00","2026-09-25T18:41:00","1","60","ALL_TICKETS_USED","AT_TICKET_DESTINATION"
"SYN002122","SYNTHETIC","CHENNAI_ONE_STYLE","2026-09-25","23600","109 R","102375","Regular","2026-09-25_102375","evening","2026-09-25T17:24:00","5814","Secretariat","3","6160","Muttukadu Boat House","44","2026-09-25T17:29:00","2026-09-25T18:37:00","3","60","ALL_TICKETS_USED","AT_TICKET_DESTINATION"
"SYN002123","SYNTHETIC","ETM_STYLE","2026-09-25","23600","109 R","102375","Regular","2026-09-25_102375","evening","2026-09-25T17:30:00","5932","War Memorial","4","6387","Uthandi","35","2026-09-25T17:30:00","2026-09-25T18:28:00","2","60","ALL_TICKETS_USED","AT_TICKET_DESTINATION"
"SYN002124","SYNTHETIC","ETM_STYLE","2026-09-25","23600","109 R","102375","Regular","2026-09-25_102375","evening","2026-09-25T17:39:00","5916","Vivekananda House","8","6316","Kanathur","38","2026-09-25T17:39:00","2026-09-25T18:31:00","1","60","ALL_TICKETS_USED","AT_TICKET_DESTINATION"
"SYN002125","SYNTHETIC","ETM_STYLE","2026-09-25","23600","109 R","102375","Regular","2026-09-25_102375","evening","2026-09-25T17:51:00","10814","Music College Annamalai Puram","14","6387","Uthandi","35","2026-09-25T17:51:00","2026-09-25T18:28:00","2","60","ALL_TICKETS_USED","AT_TICKET_DESTINATION"
"SYN002126","SYNTHETIC","CHENNAI_ONE_STYLE","2026-09-25","23600","109 R","102375","Regular","2026-09-25_102375","evening","2026-09-25T17:39:00","10814","Music College Annamalai Puram","14","6387","Uthandi","35","2026-09-25T17:51:00","2026-09-25T18:28:00","1","60","ALL_TICKETS_USED","AT_TICKET_DESTINATION"
"SYN002127","SYNTHETIC","CHENNAI_ONE_STYLE","2026-09-25","23600","109 R","102375","Regular","2026-09-25_102375","evening","2026-09-25T17:19:00","5932","War Memorial","4","6081","Kovalam Chamjarai","48","2026-09-25T17:30:00","2026-09-25T18:41:00","1","60","ALL_TICKETS_USED","AT_TICKET_DESTINATION"
"SYN002128","SYNTHETIC","ETM_STYLE","2026-09-25","23600","109 R","102375","Regular","2026-09-25_102375","evening","2026-09-25T17:51:00","10814","Music College Annamalai Puram","14","6091","Kovalam Kelambakam Road Junction","47","2026-09-25T17:51:00","2026-09-25T18:40:00","1","60","ALL_TICKETS_USED","AT_TICKET_DESTINATION"
"SYN002129","SYNTHETIC","CHENNAI_ONE_STYLE","2026-09-25","23600","109 R","102375","Regular","2026-09-25_102375","evening","2026-09-25T17:39:00","5917","Queen Marys College","9","9957","Panjabur Or Yellow Board","42","2026-09-25T17:40:00","2026-09-25T18:35:00","1","60","ALL_TICKETS_USED","AT_TICKET_DESTINATION"
"SYN002130","SYNTHETIC","ETM_STYLE","2026-09-25","23600","109 R","102375","Regular","2026-09-25_102375","evening","2026-09-25T17:29:00","5814","Secretariat","3","6102","Kovalam Bus Terminus","49","2026-09-25T17:29:00","2026-09-25T18:44:00","1","60","ALL_TICKETS_USED","AT_TICKET_DESTINATION"
"SYN002131","SYNTHETIC","CHENNAI_ONE_STYLE","2026-09-25","23600","109 R","102375","Regular","2026-09-25_102375","evening","2026-09-25T17:43:00","5760","Adyar Signal","16","6316","Kanathur","38","2026-09-25T17:55:00","2026-09-25T18:31:00","2","60","ALL_TICKETS_USED","AT_TICKET_DESTINATION"
"SYN002132","SYNTHETIC","ETM_STYLE","2026-09-25","23600","109 R","102375","Regular","2026-09-25_102375","evening","2026-09-25T17:39:00","5916","Vivekananda House","8","9993","Nainar Kuppam Or Uthandi Colony","34","2026-09-25T17:39:00","2026-09-25T18:27:00","1","60","ALL_TICKETS_USED","AT_TICKET_DESTINATION"
"SYN002133","SYNTHETIC","CHENNAI_ONE_STYLE","2026-09-25","23600","109 R","102375","Regular","2026-09-25_102375","evening","2026-09-25T17:34:00","5918","Kannagi Statue Or Presidency College","7","6287","Meera Nagar","39","2026-09-25T17:34:00","2026-09-25T18:32:00","1","60","ALL_TICKETS_USED","AT_TICKET_DESTINATION"
"SYN002134","SYNTHETIC","CHENNAI_ONE_STYLE","2026-09-25","23600","109 R","102375","Regular","2026-09-25_102375","evening","2026-09-25T17:44:00","5758","M.G.R Janaki College Or Sathya Studio","15","6459","Panaiyur","33","2026-09-25T17:53:00","2026-09-25T18:26:00","1","60","ALL_TICKETS_USED","AT_TICKET_DESTINATION"
"SYN002135","SYNTHETIC","CHENNAI_ONE_STYLE","2026-09-25","23600","109 R","102375","Regular","2026-09-25_102375","evening","2026-09-25T17:33:00","5918","Kannagi Statue Or Presidency College","7","9986","Uthandi Toll Gate Or Ragash College","37","2026-09-25T17:34:00","2026-09-25T18:30:00","1","60","ALL_TICKETS_USED","AT_TICKET_DESTINATION"
"SYN002136","SYNTHETIC","CHENNAI_ONE_STYLE","2026-09-25","23600","109 R","102375","Regular","2026-09-25_102375","evening","2026-09-25T17:37:00","9128","Mrc Nagar","13","9955","N.I.E.P.M.D","43","2026-09-25T17:46:00","2026-09-25T18:36:00","1","60","ALL_TICKETS_USED","AT_TICKET_DESTINATION"
"SYN002137","SYNTHETIC","CHENNAI_ONE_STYLE","2026-09-25","23600","109 R","102375","Regular","2026-09-25_102375","evening","2026-09-25T17:42:00","10814","Music College Annamalai Puram","14","6091","Kovalam Kelambakam Road Junction","47","2026-09-25T17:51:00","2026-09-25T18:40:00","2","60","ALL_TICKETS_USED","AT_TICKET_DESTINATION"
"SYN002138","SYNTHETIC","ETM_STYLE","2026-09-25","23600","109 R","102375","Regular","2026-09-25_102375","evening","2026-09-25T17:46:00","9128","Mrc Nagar","13","6459","Panaiyur","33","2026-09-25T17:46:00","2026-09-25T18:26:00","1","60","ALL_TICKETS_USED","AT_TICKET_DESTINATION"
"SYN002139","SYNTHETIC","ETM_STYLE","2026-09-25","23600","109 R","102998","Regular","2026-09-25_102998","night","2026-09-25T22:12:00","9993","Nainar Kuppam Or Uthandi Colony","34","6249","Muttukadu","40","2026-09-25T22:12:00","2026-09-25T22:18:00","2","60","ALL_TICKETS_USED","AT_TICKET_DESTINATION"
"SYN002140","SYNTHETIC","ETM_STYLE","2026-09-25","23600","109 R","102998","Regular","2026-09-25_102998","night","2026-09-25T22:05:00","6616","Injambakkam","30","9993","Nainar Kuppam Or Uthandi Colony","34","2026-09-25T22:05:00","2026-09-25T22:12:00","1","60","ALL_TICKETS_USED","AT_TICKET_DESTINATION"
"SYN002141","SYNTHETIC","CHENNAI_ONE_STYLE","2026-09-25","23600","109 R","102998","Regular","2026-09-25_102998","night","2026-09-25T22:13:00","9986","Uthandi Toll Gate Or Ragash College","37","6287","Meera Nagar","39","2026-09-25T22:15:00","2026-09-25T22:17:00","1","60","ALL_TICKETS_USED","AT_TICKET_DESTINATION"
"SYN002142","SYNTHETIC","CHENNAI_ONE_STYLE","2026-09-25","23600","109 R","102998","Regular","2026-09-25_102998","night","2026-09-25T21:22:00","10814","Music College Annamalai Puram","14","6581","Vgp Golden Beach","31","2026-09-25T21:36:00","2026-09-25T22:06:00","1","60","ALL_TICKETS_USED","AT_TICKET_DESTINATION"
"SYN002143","SYNTHETIC","ETM_STYLE","2026-09-25","23600","109 R","102998","Regular","2026-09-25_102998","night","2026-09-25T22:12:00","9993","Nainar Kuppam Or Uthandi Colony","34","6160","Muttukadu Boat House","44","2026-09-25T22:12:00","2026-09-25T22:22:00","2","60","ALL_TICKETS_USED","AT_TICKET_DESTINATION"
"SYN002144","SYNTHETIC","CHENNAI_ONE_STYLE","2026-09-25","23600","109 R","102998","Regular","2026-09-25_102998","night","2026-09-25T21:16:00","5917","Queen Marys College","9","10103","Saint Anthony Church Or Palavakkam","23","2026-09-25T21:25:00","2026-09-25T21:58:00","1","60","ALL_TICKETS_USED","AT_TICKET_DESTINATION"
"SYN002145","SYNTHETIC","ETM_STYLE","2026-09-25","23600","109 R","102998","Regular","2026-09-25_102998","night","2026-09-25T22:17:00","6287","Meera Nagar","39","6081","Kovalam Chamjarai","48","2026-09-25T22:17:00","2026-09-25T22:26:00","3","60","ALL_TICKETS_USED","AT_TICKET_DESTINATION"
"SYN002146","SYNTHETIC","CHENNAI_ONE_STYLE","2026-09-25","23600","109 R","102998","Regular","2026-09-25_102998","night","2026-09-25T21:11:00","5917","Queen Marys College","9","6387","Uthandi","35","2026-09-25T21:25:00","2026-09-25T22:13:00","1","60","ALL_TICKETS_USED","AT_TICKET_DESTINATION"
"SYN002147","SYNTHETIC","ETM_STYLE","2026-09-25","23600","109 R","102998","Regular","2026-09-25_102998","night","2026-09-25T22:15:00","9986","Uthandi Toll Gate Or Ragash College","37","6249","Muttukadu","40","2026-09-25T22:15:00","2026-09-25T22:18:00","1","60","ALL_TICKETS_USED","AT_TICKET_DESTINATION"
"SYN002148","SYNTHETIC","ETM_STYLE","2026-09-25","23600","109 R","102998","Regular","2026-09-25_102998","night","2026-09-25T22:22:00","6160","Muttukadu Boat House","44","6091","Kovalam Kelambakam Road Junction","47","2026-09-25T22:22:00","2026-09-25T22:25:00","2","60","ALL_TICKETS_USED","AT_TICKET_DESTINATION"
"SYN002149","SYNTHETIC","ETM_STYLE","2026-09-25","23600","109 R","102998","Regular","2026-09-25_102998","night","2026-09-25T21:15:00","5932","War Memorial","4","8346","Bhuari Hotel","26","2026-09-25T21:15:00","2026-09-25T22:01:00","1","60","ALL_TICKETS_USED","AT_TICKET_DESTINATION"
"SYN002150","SYNTHETIC","CHENNAI_ONE_STYLE","2026-09-25","23600","109 R","102998","Regular","2026-09-25_102998","night","2026-09-25T21:14:00","5814","Secretariat","3","6370","Anandbagh","36","2026-09-25T21:14:00","2026-09-25T22:14:00","2","60","ALL_TICKETS_USED","AT_TICKET_DESTINATION"
"SYN002151","SYNTHETIC","CHENNAI_ONE_STYLE","2026-09-26","23212","101 R","5022","Regular","2026-09-26_5022","morning","2026-09-26T07:15:00","9440","Poonamallee","1","6847","Royapuram Market","42","2026-09-26T07:30:00","2026-09-26T08:45:00","1","60","ALL_TICKETS_USED","AT_TICKET_DESTINATION"
"SYN002152","SYNTHETIC","ETM_STYLE","2026-09-26","23212","101 R","5022","Regular","2026-09-26_5022","morning","2026-09-26T07:56:00","9566","Maduravoyal Ration Shop","14","7508","Thiruvottiyur Market","56","2026-09-26T07:56:00","2026-09-26T09:04:00","2","60","ALL_TICKETS_USED","AT_TICKET_DESTINATION"
"SYN002153","SYNTHETIC","CHENNAI_ONE_STYLE","2026-09-26","23212","101 R","5022","Regular","2026-09-26_5022","morning","2026-09-26T08:01:00","9615","Mettukulam","17","11087","Surya Narayana Road","46","2026-09-26T08:05:00","2026-09-26T08:50:00","1","60","ALL_TICKETS_USED","AT_TICKET_DESTINATION"
"SYN002154","SYNTHETIC","ETM_STYLE","2026-09-26","23212","101 R","5022","Regular","2026-09-26_5022","morning","2026-09-26T08:07:00","10293","Arumbakkam P.H Road","19","5536","Thangal Tollgate","50","2026-09-26T08:07:00","2026-09-26T08:57:00","2","60","ALL_TICKETS_USED","AT_TICKET_DESTINATION"
"SYN002155","SYNTHETIC","ETM_STYLE","2026-09-26","23212","101 R","5022","Regular","2026-09-26_5022","morning","2026-09-26T07:35:00","9428","Kallarai","3","5536","Thangal Tollgate","50","2026-09-26T07:35:00","2026-09-26T08:57:00","1","60","ALL_TICKETS_USED","AT_TICKET_DESTINATION"
"SYN002156","SYNTHETIC","CHENNAI_ONE_STYLE","2026-09-26","23212","101 R","5022","Regular","2026-09-26_5022","morning","2026-09-26T08:01:00","9594","Nerkundram","16","7403","Raja Kaladi","52","2026-09-26T08:03:00","2026-09-26T08:59:00","1","60","ALL_TICKETS_USED","AT_TICKET_DESTINATION"
"SYN002157","SYNTHETIC","ETM_STYLE","2026-09-26","23212","101 R","5022","Regular","2026-09-26_5022","morning","2026-09-26T08:05:00","9615","Mettukulam","17","6758","Clive Battery","40","2026-09-26T08:05:00","2026-09-26T08:42:00","1","60","ALL_TICKETS_USED","AT_TICKET_DESTINATION"
"SYN002158","SYNTHETIC","CHENNAI_ONE_STYLE","2026-09-26","23212","101 R","5022","Regular","2026-09-26_5022","morning","2026-09-26T07:43:00","9566","Maduravoyal Ration Shop","14","5536","Thangal Tollgate","50","2026-09-26T07:56:00","2026-09-26T08:57:00","1","60","ALL_TICKETS_USED","AT_TICKET_DESTINATION"
"SYN002159","SYNTHETIC","CHENNAI_ONE_STYLE","2026-09-26","23212","101 R","5022","Regular","2026-09-26_5022","morning","2026-09-26T07:42:00","9566","Maduravoyal Ration Shop","14","6847","Royapuram Market","42","2026-09-26T07:56:00","2026-09-26T08:45:00","2","60","ALL_TICKETS_USED","AT_TICKET_DESTINATION"
"SYN002160","SYNTHETIC","ETM_STYLE","2026-09-26","23212","101 R","5022","Regular","2026-09-26_5022","morning","2026-09-26T07:41:00","9457","Saveetha Hospital","6","7480","Theradi","54","2026-09-26T07:41:00","2026-09-26T09:02:00","1","60","ALL_TICKETS_USED","AT_TICKET_DESTINATION"
"SYN002161","SYNTHETIC","ETM_STYLE","2026-09-26","23212","101 R","5022","Regular","2026-09-26_5022","morning","2026-09-26T08:03:00","9594","Nerkundram","16","7450","Ellaiamman Kovil","53","2026-09-26T08:03:00","2026-09-26T09:01:00","1","60","ALL_TICKETS_USED","AT_TICKET_DESTINATION"
"SYN002162","SYNTHETIC","CHENNAI_ONE_STYLE","2026-09-26","23212","101 R","5022","Regular","2026-09-26_5022","morning","2026-09-26T07:49:00","10269","Maduravoyal Erikarai","11","7487","Thiruvotriyur Temple","55","2026-09-26T07:53:00","2026-09-26T09:03:00","1","60","ALL_TICKETS_USED","AT_TICKET_DESTINATION"
"SYN002163","SYNTHETIC","ETM_STYLE","2026-09-26","23212","101 R","5022","Regular","2026-09-26_5022","morning","2026-09-26T07:58:00","9581","Vengaya Mandi","15","7378","Thangal","51","2026-09-26T07:58:00","2026-09-26T08:58:00","1","60","ALL_TICKETS_USED","AT_TICKET_DESTINATION"
"SYN002164","SYNTHETIC","ETM_STYLE","2026-09-26","23212","101 R","5022","Regular","2026-09-26_5022","morning","2026-09-26T07:38:00","10238","Poonamallee Municipality Or Kumananchavadi","5","7292","Anna Nagar","49","2026-09-26T07:38:00","2026-09-26T08:53:00","1","60","ALL_TICKETS_USED","AT_TICKET_DESTINATION"
"SYN002165","SYNTHETIC","ETM_STYLE","2026-09-26","23212","101 R","5022","Regular","2026-09-26_5022","morning","2026-09-26T07:53:00","10269","Maduravoyal Erikarai","11","7577","Thiruvottriyur Bus Stand","59","2026-09-26T07:53:00","2026-09-26T09:07:00","1","60","ALL_TICKETS_USED","AT_TICKET_DESTINATION"
"SYN002166","SYNTHETIC","CHENNAI_ONE_STYLE","2026-09-26","23212","101 R","5022","Regular","2026-09-26_5022","morning","2026-09-26T07:55:00","9581","Vengaya Mandi","15","6758","Clive Battery","40","2026-09-26T07:58:00","2026-09-26T08:42:00","2","60","ALL_TICKETS_USED","AT_TICKET_DESTINATION"
"SYN002167","SYNTHETIC","ETM_STYLE","2026-09-26","23212","101 R","5022","Regular","2026-09-26_5022","morning","2026-09-26T07:53:00","10269","Maduravoyal Erikarai","11","7480","Theradi","54","2026-09-26T07:53:00","2026-09-26T09:02:00","3","60","ALL_TICKETS_USED","AT_TICKET_DESTINATION"
"SYN002168","SYNTHETIC","ETM_STYLE","2026-09-26","23212","101 R","5022","Regular","2026-09-26_5022","morning","2026-09-26T07:35:00","9428","Kallarai","3","5536","Thangal Tollgate","50","2026-09-26T07:35:00","2026-09-26T08:57:00","1","60","ALL_TICKETS_USED","AT_TICKET_DESTINATION"
"SYN002169","SYNTHETIC","ETM_STYLE","2026-09-26","23212","101 R","5022","Regular","2026-09-26_5022","morning","2026-09-26T07:54:00","9536","Maduravoyal","12","10424","Kalaimagal Vidyalaya Or Esso","44","2026-09-26T07:54:00","2026-09-26T08:48:00","1","60","ALL_TICKETS_USED","AT_TICKET_DESTINATION"
"SYN002170","SYNTHETIC","ETM_STYLE","2026-09-26","23212","101 R","5022","Regular","2026-09-26_5022","morning","2026-09-26T07:43:00","9500","Acs Medical College","7","6780","Thambu Chetty Street","41","2026-09-26T07:43:00","2026-09-26T08:43:00","1","60","ALL_TICKETS_USED","AT_TICKET_DESTINATION"
"SYN002171","SYNTHETIC","ETM_STYLE","2026-09-26","23212","101 R","5022","Regular","2026-09-26_5022","morning","2026-09-26T07:53:00","10269","Maduravoyal Erikarai","11","6780","Thambu Chetty Street","41","2026-09-26T07:53:00","2026-09-26T08:43:00","1","60","ALL_TICKETS_USED","AT_TICKET_DESTINATION"
"SYN002172","SYNTHETIC","CHENNAI_ONE_STYLE","2026-09-26","23212","101 R","5022","Regular","2026-09-26_5022","morning","2026-09-26T07:37:00","9513","Vaanagaram","10","7508","Thiruvottiyur Market","56","2026-09-26T07:51:00","2026-09-26T09:04:00","1","60","ALL_TICKETS_USED","AT_TICKET_DESTINATION"
"SYN002173","SYNTHETIC","ETM_STYLE","2026-09-26","23212","101 R","5022","Regular","2026-09-26_5022","morning","2026-09-26T08:03:00","9594","Nerkundram","16","5536","Thangal Tollgate","50","2026-09-26T08:03:00","2026-09-26T08:57:00","1","60","ALL_TICKETS_USED","AT_TICKET_DESTINATION"
"SYN002174","SYNTHETIC","CHENNAI_ONE_STYLE","2026-09-26","23212","101 R","5022","Regular","2026-09-26_5022","morning","2026-09-26T07:43:00","9525","Kumar Theatre","9","7032","Kasimedu Police Station","45","2026-09-26T07:49:00","2026-09-26T08:49:00","2","60","ALL_TICKETS_USED","AT_TICKET_DESTINATION"
"SYN002175","SYNTHETIC","CHENNAI_ONE_STYLE","2026-09-26","23212","101 R","5022","Regular","2026-09-26_5022","morning","2026-09-26T07:56:00","9581","Vengaya Mandi","15","7577","Thiruvottriyur Bus Stand","59","2026-09-26T07:58:00","2026-09-26T09:07:00","1","60","ALL_TICKETS_USED","AT_TICKET_DESTINATION"
"SYN002176","SYNTHETIC","ETM_STYLE","2026-09-26","23212","101 R","5022","Regular","2026-09-26_5022","morning","2026-09-26T07:55:00","9542","Maduravoyal Post Office","13","7403","Raja Kaladi","52","2026-09-26T07:55:00","2026-09-26T08:59:00","1","60","ALL_TICKETS_USED","AT_TICKET_DESTINATION"
"SYN002177","SYNTHETIC","CHENNAI_ONE_STYLE","2026-09-26","23212","101 R","5022","Regular","2026-09-26_5022","morning","2026-09-26T07:28:00","9440","Poonamallee","1","10424","Kalaimagal Vidyalaya Or Esso","44","2026-09-26T07:30:00","2026-09-26T08:48:00","3","60","ALL_TICKETS_USED","AT_TICKET_DESTINATION"
"SYN002178","SYNTHETIC","ETM_STYLE","2026-09-26","23212","101 R","5022","Regular","2026-09-26_5022","morning","2026-09-26T07:58:00","9581","Vengaya Mandi","15","7487","Thiruvotriyur Temple","55","2026-09-26T07:58:00","2026-09-26T09:03:00","1","60","ALL_TICKETS_USED","AT_TICKET_DESTINATION"
"SYN002179","SYNTHETIC","CHENNAI_ONE_STYLE","2026-09-26","23212","101 R","5022","Regular","2026-09-26_5022","morning","2026-09-26T07:34:00","9457","Saveetha Hospital","6","11087","Surya Narayana Road","46","2026-09-26T07:41:00","2026-09-26T08:50:00","1","60","ALL_TICKETS_USED","AT_TICKET_DESTINATION"
"SYN002180","SYNTHETIC","ETM_STYLE","2026-09-26","23212","101 R","5022","Regular","2026-09-26_5022","morning","2026-09-26T07:43:00","9500","Acs Medical College","7","6847","Royapuram Market","42","2026-09-26T07:43:00","2026-09-26T08:45:00","2","60","ALL_TICKETS_USED","AT_TICKET_DESTINATION"
"SYN002181","SYNTHETIC","CHENNAI_ONE_STYLE","2026-09-26","23212","101 R","5013","Regular","2026-09-26_5013","afternoon","2026-09-26T13:57:00","7189","Nagara Thottam","48","7577","Thiruvottriyur Bus Stand","59","2026-09-26T14:12:00","2026-09-26T14:27:00","1","60","ALL_TICKETS_USED","AT_TICKET_DESTINATION"
"SYN002182","SYNTHETIC","CHENNAI_ONE_STYLE","2026-09-26","23212","101 R","5013","Regular","2026-09-26_5013","afternoon","2026-09-26T13:13:00","10293","Arumbakkam P.H Road","19","9638","Dg Vaishnava College","21","2026-09-26T13:27:00","2026-09-26T13:29:00","1","60","ALL_TICKETS_USED","AT_TICKET_DESTINATION"
"SYN002183","SYNTHETIC","ETM_STYLE","2026-09-26","23212","101 R","5013","Regular","2026-09-26_5013","afternoon","2026-09-26T13:35:00","9626","Aminjikarai Market","24","7531","Vellayan Chettiyar School","57","2026-09-26T13:35:00","2026-09-26T14:25:00","1","60","ALL_TICKETS_USED","AT_TICKET_DESTINATION"
"SYN002184","SYNTHETIC","CHENNAI_ONE_STYLE","2026-09-26","23212","101 R","5013","Regular","2026-09-26_5013","afternoon","2026-09-26T13:50:00","9776","Flower Bazzar","35","6780","Thambu Chetty Street","41","2026-09-26T13:54:00","2026-09-26T14:03:00","3","60","ALL_TICKETS_USED","AT_TICKET_DESTINATION"
"SYN002185","SYNTHETIC","ETM_STYLE","2026-09-26","23212","101 R","5013","Regular","2026-09-26_5013","afternoon","2026-09-26T14:11:00","7083","Kasimedu","47","7292","Anna Nagar","49","2026-09-26T14:11:00","2026-09-26T14:13:00","1","60","ALL_TICKETS_USED","AT_TICKET_DESTINATION"
"SYN002186","SYNTHETIC","ETM_STYLE","2026-09-26","23212","101 R","5013","Regular","2026-09-26_5013","afternoon","2026-09-26T14:01:00","9863","Collector Office","39","7508","Thiruvottiyur Market","56","2026-09-26T14:01:00","2026-09-26T14:24:00","2","60","ALL_TICKETS_USED","AT_TICKET_DESTINATION"
"SYN002187","SYNTHETIC","ETM_STYLE","2026-09-26","23212","101 R","5013","Regular","2026-09-26_5013","afternoon","2026-09-26T14:24:00","7508","Thiruvottiyur Market","56","7577","Thiruvottriyur Bus Stand","59","2026-09-26T14:24:00","2026-09-26T14:27:00","1","60","ALL_TICKETS_USED","AT_TICKET_DESTINATION"
"SYN002188","SYNTHETIC","CHENNAI_ONE_STYLE","2026-09-26","23212","101 R","5013","Regular","2026-09-26_5013","afternoon","2026-09-26T12:57:00","9513","Vaanagaram","10","6847","Royapuram Market","42","2026-09-26T13:11:00","2026-09-26T14:05:00","2","60","ALL_TICKETS_USED","AT_TICKET_DESTINATION"
"SYN002189","SYNTHETIC","CHENNAI_ONE_STYLE","2026-09-26","23212","101 R","5013","Regular","2026-09-26_5013","afternoon","2026-09-26T13:53:00","10316","Payaigada Evening Bazar Road","34","10539","Thiruvottiyur Ajax Bus Depot","58","2026-09-26T13:53:00","2026-09-26T14:26:00","1","60","ALL_TICKETS_USED","AT_TICKET_DESTINATION"
"SYN002190","SYNTHETIC","CHENNAI_ONE_STYLE","2026-09-26","23212","101 R","5013","Regular","2026-09-26_5013","afternoon","2026-09-26T14:13:00","7292","Anna Nagar","49","7487","Thiruvotriyur Temple","55","2026-09-26T14:13:00","2026-09-26T14:23:00","1","60","ALL_TICKETS_USED","AT_TICKET_DESTINATION"
"SYN002191","SYNTHETIC","ETM_STYLE","2026-09-26","23212","101 R","5013","Regular","2026-09-26_5013","afternoon","2026-09-26T14:01:00","9863","Collector Office","39","6758","Clive Battery","40","2026-09-26T14:01:00","2026-09-26T14:02:00","2","60","ALL_TICKETS_USED","AT_TICKET_DESTINATION"
"SYN002192","SYNTHETIC","ETM_STYLE","2026-09-26","23212","101 R","5013","Regular","2026-09-26_5013","afternoon","2026-09-26T13:45:00","9686","Thinathanthi","31","6847","Royapuram Market","42","2026-09-26T13:45:00","2026-09-26T14:05:00","1","60","ALL_TICKETS_USED","AT_TICKET_DESTINATION"
"SYN002193","SYNTHETIC","ETM_STYLE","2026-09-26","23212","101 R","5013","Regular","2026-09-26_5013","afternoon","2026-09-26T13:40:00","9665","Neyveli House","28","7189","Nagara Thottam","48","2026-09-26T13:40:00","2026-09-26T14:12:00","1","60","ALL_TICKETS_USED","AT_TICKET_DESTINATION"
"SYN002194","SYNTHETIC","CHENNAI_ONE_STYLE","2026-09-26","23212","101 R","5015","Regular","2026-09-26_5015","evening","2026-09-26T17:29:00","9615","Mettukulam","17","7403","Raja Kaladi","52","2026-09-26T17:40:00","2026-09-26T18:34:00","1","60","ALL_TICKETS_USED","AT_TICKET_DESTINATION"
"SYN002195","SYNTHETIC","CHENNAI_ONE_STYLE","2026-09-26","23212","101 R","5015","Regular","2026-09-26_5015","evening","2026-09-26T17:31:00","9566","Maduravoyal Ration Shop","14","7292","Anna Nagar","49","2026-09-26T17:31:00","2026-09-26T18:28:00","2","60","ALL_TICKETS_USED","AT_TICKET_DESTINATION"
"SYN002196","SYNTHETIC","CHENNAI_ONE_STYLE","2026-09-26","23212","101 R","5015","Regular","2026-09-26_5015","evening","2026-09-26T17:28:00","10293","Arumbakkam P.H Road","19","7189","Nagara Thottam","48","2026-09-26T17:42:00","2026-09-26T18:27:00","1","60","ALL_TICKETS_USED","AT_TICKET_DESTINATION"
"SYN002197","SYNTHETIC","CHENNAI_ONE_STYLE","2026-09-26","23212","101 R","5015","Regular","2026-09-26_5015","evening","2026-09-26T17:35:00","9594","Nerkundram","16","5536","Thangal Tollgate","50","2026-09-26T17:38:00","2026-09-26T18:32:00","1","60","ALL_TICKETS_USED","AT_TICKET_DESTINATION"
"SYN002198","SYNTHETIC","CHENNAI_ONE_STYLE","2026-09-26","23212","101 R","5015","Regular","2026-09-26_5015","evening","2026-09-26T17:18:00","9525","Kumar Theatre","9","7508","Thiruvottiyur Market","56","2026-09-26T17:24:00","2026-09-26T18:39:00","2","60","ALL_TICKETS_USED","AT_TICKET_DESTINATION"
"SYN002199","SYNTHETIC","ETM_STYLE","2026-09-26","23212","101 R","5015","Regular","2026-09-26_5015","evening","2026-09-26T17:41:00","9628","Rohini Theatre","18","7403","Raja Kaladi","52","2026-09-26T17:41:00","2026-09-26T18:34:00","1","60","ALL_TICKETS_USED","AT_TICKET_DESTINATION"
"SYN002200","SYNTHETIC","ETM_STYLE","2026-09-26","23212","101 R","5015","Regular","2026-09-26_5015","evening","2026-09-26T17:33:00","9581","Vengaya Mandi","15","7378","Thangal","51","2026-09-26T17:33:00","2026-09-26T18:33:00","1","60","ALL_TICKETS_USED","AT_TICKET_DESTINATION"
"SYN002201","SYNTHETIC","ETM_STYLE","2026-09-26","23212","101 R","5015","Regular","2026-09-26_5015","evening","2026-09-26T17:10:00","9428","Kallarai","3","11087","Surya Narayana Road","46","2026-09-26T17:10:00","2026-09-26T18:25:00","1","60","ALL_TICKETS_USED","AT_TICKET_DESTINATION"
"SYN002202","SYNTHETIC","CHENNAI_ONE_STYLE","2026-09-26","23212","101 R","5015","Regular","2026-09-26_5015","evening","2026-09-26T17:05:00","9457","Saveetha Hospital","6","6780","Thambu Chetty Street","41","2026-09-26T17:16:00","2026-09-26T18:18:00","1","60","ALL_TICKETS_USED","AT_TICKET_DESTINATION"
"SYN002203","SYNTHETIC","CHENNAI_ONE_STYLE","2026-09-26","23212","101 R","5015","Regular","2026-09-26_5015","evening","2026-09-26T16:58:00","10238","Poonamallee Municipality Or Kumananchavadi","5","6936","Kalmandapam Police Station","43","2026-09-26T17:13:00","2026-09-26T18:22:00","2","60","ALL_TICKETS_USED","AT_TICKET_DESTINATION"
"SYN002204","SYNTHETIC","ETM_STYLE","2026-09-26","23212","101 R","5015","Regular","2026-09-26_5015","evening","2026-09-26T17:18:00","9500","Acs Medical College","7","7487","Thiruvotriyur Temple","55","2026-09-26T17:18:00","2026-09-26T18:38:00","1","60","ALL_TICKETS_USED","AT_TICKET_DESTINATION"
"SYN002205","SYNTHETIC","ETM_STYLE","2026-09-26","23212","101 R","5015","Regular","2026-09-26_5015","evening","2026-09-26T17:05:00","9440","Poonamallee","1","7480","Theradi","54","2026-09-26T17:05:00","2026-09-26T18:37:00","2","60","ALL_TICKETS_USED","AT_TICKET_DESTINATION"
"SYN002206","SYNTHETIC","ETM_STYLE","2026-09-26","23212","101 R","5015","Regular","2026-09-26_5015","evening","2026-09-26T17:10:00","9428","Kallarai","3","6780","Thambu Chetty Street","41","2026-09-26T17:10:00","2026-09-26T18:18:00","1","60","ALL_TICKETS_USED","AT_TICKET_DESTINATION"
"SYN002207","SYNTHETIC","ETM_STYLE","2026-09-26","23212","101 R","5015","Regular","2026-09-26_5015","evening","2026-09-26T17:28:00","10269","Maduravoyal Erikarai","11","7032","Kasimedu Police Station","45","2026-09-26T17:28:00","2026-09-26T18:24:00","1","60","ALL_TICKETS_USED","AT_TICKET_DESTINATION"
"SYN002208","SYNTHETIC","ETM_STYLE","2026-09-26","23212","101 R","5015","Regular","2026-09-26_5015","evening","2026-09-26T17:21:00","9519","Velappanchavadi","8","7378","Thangal","51","2026-09-26T17:21:00","2026-09-26T18:33:00","2","60","ALL_TICKETS_USED","AT_TICKET_DESTINATION"
"SYN002209","SYNTHETIC","ETM_STYLE","2026-09-26","23212","101 R","5015","Regular","2026-09-26_5015","evening","2026-09-26T17:26:00","9513","Vaanagaram","10","6758","Clive Battery","40","2026-09-26T17:26:00","2026-09-26T18:17:00","2","60","ALL_TICKETS_USED","AT_TICKET_DESTINATION"
"SYN002210","SYNTHETIC","CHENNAI_ONE_STYLE","2026-09-26","23212","101 R","5015","Regular","2026-09-26_5015","evening","2026-09-26T17:13:00","9519","Velappanchavadi","8","7577","Thiruvottriyur Bus Stand","59","2026-09-26T17:21:00","2026-09-26T18:42:00","2","60","ALL_TICKETS_USED","AT_TICKET_DESTINATION"
"SYN002211","SYNTHETIC","ETM_STYLE","2026-09-26","23212","101 R","5015","Regular","2026-09-26_5015","evening","2026-09-26T17:33:00","9581","Vengaya Mandi","15","7378","Thangal","51","2026-09-26T17:33:00","2026-09-26T18:33:00","1","60","ALL_TICKETS_USED","AT_TICKET_DESTINATION"
"SYN002212","SYNTHETIC","ETM_STYLE","2026-09-26","23212","101 R","5015","Regular","2026-09-26_5015","evening","2026-09-26T17:41:00","9628","Rohini Theatre","18","7292","Anna Nagar","49","2026-09-26T17:41:00","2026-09-26T18:28:00","2","60","ALL_TICKETS_USED","AT_TICKET_DESTINATION"
"SYN002213","SYNTHETIC","CHENNAI_ONE_STYLE","2026-09-26","23212","101 R","5015","Regular","2026-09-26_5015","evening","2026-09-26T17:22:00","9536","Maduravoyal","12","7508","Thiruvottiyur Market","56","2026-09-26T17:29:00","2026-09-26T18:39:00","1","60","ALL_TICKETS_USED","AT_TICKET_DESTINATION"
"SYN002214","SYNTHETIC","CHENNAI_ONE_STYLE","2026-09-26","23212","101 R","5015","Regular","2026-09-26_5015","evening","2026-09-26T17:07:00","9457","Saveetha Hospital","6","6847","Royapuram Market","42","2026-09-26T17:16:00","2026-09-26T18:20:00","1","60","ALL_TICKETS_USED","AT_TICKET_DESTINATION"
"SYN002215","SYNTHETIC","CHENNAI_ONE_STYLE","2026-09-26","23212","101 R","5015","Regular","2026-09-26_5015","evening","2026-09-26T16:55:00","9436","Poonamallee Government Hospital","2","7531","Vellayan Chettiyar School","57","2026-09-26T17:08:00","2026-09-26T18:40:00","2","60","ALL_TICKETS_USED","AT_TICKET_DESTINATION"
"SYN002216","SYNTHETIC","CHENNAI_ONE_STYLE","2026-09-26","23212","101 R","5015","Regular","2026-09-26_5015","evening","2026-09-26T17:24:00","9513","Vaanagaram","10","6847","Royapuram Market","42","2026-09-26T17:26:00","2026-09-26T18:20:00","1","60","ALL_TICKETS_USED","AT_TICKET_DESTINATION"
"SYN002217","SYNTHETIC","CHENNAI_ONE_STYLE","2026-09-26","23212","101 R","5015","Regular","2026-09-26_5015","evening","2026-09-26T17:01:00","10238","Poonamallee Municipality Or Kumananchavadi","5","10424","Kalaimagal Vidyalaya Or Esso","44","2026-09-26T17:13:00","2026-09-26T18:23:00","1","60","ALL_TICKETS_USED","AT_TICKET_DESTINATION"
"SYN002218","SYNTHETIC","CHENNAI_ONE_STYLE","2026-09-26","23212","101 R","5015","Regular","2026-09-26_5015","evening","2026-09-26T17:14:00","9457","Saveetha Hospital","6","6758","Clive Battery","40","2026-09-26T17:16:00","2026-09-26T18:17:00","2","60","ALL_TICKETS_USED","AT_TICKET_DESTINATION"
"SYN002219","SYNTHETIC","ETM_STYLE","2026-09-26","23212","101 R","5015","Regular","2026-09-26_5015","evening","2026-09-26T17:33:00","9581","Vengaya Mandi","15","11087","Surya Narayana Road","46","2026-09-26T17:33:00","2026-09-26T18:25:00","3","60","ALL_TICKETS_USED","AT_TICKET_DESTINATION"
"SYN002220","SYNTHETIC","ETM_STYLE","2026-09-26","23212","101 R","5015","Regular","2026-09-26_5015","evening","2026-09-26T17:18:00","9500","Acs Medical College","7","7032","Kasimedu Police Station","45","2026-09-26T17:18:00","2026-09-26T18:24:00","3","60","ALL_TICKETS_USED","AT_TICKET_DESTINATION"
"SYN002221","SYNTHETIC","ETM_STYLE","2026-09-26","23212","101 R","5015","Regular","2026-09-26_5015","evening","2026-09-26T17:30:00","9542","Maduravoyal Post Office","13","10424","Kalaimagal Vidyalaya Or Esso","44","2026-09-26T17:30:00","2026-09-26T18:23:00","1","60","ALL_TICKETS_USED","AT_TICKET_DESTINATION"
"SYN002222","SYNTHETIC","ETM_STYLE","2026-09-26","23212","101 R","5015","Regular","2026-09-26_5015","evening","2026-09-26T17:13:00","10238","Poonamallee Municipality Or Kumananchavadi","5","6758","Clive Battery","40","2026-09-26T17:13:00","2026-09-26T18:17:00","1","60","ALL_TICKETS_USED","AT_TICKET_DESTINATION"
"SYN002223","SYNTHETIC","ETM_STYLE","2026-09-26","23212","101 R","5015","Regular","2026-09-26_5015","evening","2026-09-26T17:29:00","9536","Maduravoyal","12","7487","Thiruvotriyur Temple","55","2026-09-26T17:29:00","2026-09-26T18:38:00","2","60","ALL_TICKETS_USED","AT_TICKET_DESTINATION"
"SYN002224","SYNTHETIC","ETM_STYLE","2026-09-26","23212","101 R","71785","Regular","2026-09-26_71785","night","2026-09-26T23:37:00","9843","Beach Station","38","7450","Ellaiamman Kovil","53","2026-09-26T23:37:00","2026-09-26T23:58:00","2","60","ALL_TICKETS_USED","AT_TICKET_DESTINATION"
"SYN002225","SYNTHETIC","ETM_STYLE","2026-09-26","23212","101 R","71785","Regular","2026-09-26_71785","night","2026-09-26T23:07:00","10290","N.S.K Nagar Arumbakkam","22","10424","Kalaimagal Vidyalaya Or Esso","44","2026-09-26T23:07:00","2026-09-26T23:45:00","2","60","ALL_TICKETS_USED","AT_TICKET_DESTINATION"
"SYN002226","SYNTHETIC","ETM_STYLE","2026-09-26","23212","101 R","71785","Regular","2026-09-26_71785","night","2026-09-26T22:35:00","10238","Poonamallee Municipality Or Kumananchavadi","5","9863","Collector Office","39","2026-09-26T22:35:00","2026-09-26T23:38:00","2","60","ALL_TICKETS_USED","AT_TICKET_DESTINATION"
"SYN002227","SYNTHETIC","ETM_STYLE","2026-09-26","23212","101 R","71785","Regular","2026-09-26_71785","night","2026-09-26T23:24:00","101","Park Station","33","9782","High Court","36","2026-09-26T23:24:00","2026-09-26T23:34:00","1","60","ALL_TICKETS_USED","AT_TICKET_DESTINATION"
"SYN002228","SYNTHETIC","CHENNAI_ONE_STYLE","2026-09-26","23212","101 R","71785","Regular","2026-09-26_71785","night","2026-09-26T22:34:00","10238","Poonamallee Municipality Or Kumananchavadi","5","5792","Aminjikarai","23","2026-09-26T22:35:00","2026-09-26T23:11:00","2","60","ALL_TICKETS_USED","AT_TICKET_DESTINATION"
"SYN002229","SYNTHETIC","ETM_STYLE","2026-09-26","23212","101 R","71785","Regular","2026-09-26_71785","night","2026-09-26T23:48:00","7083","Kasimedu","47","7378","Thangal","51","2026-09-26T23:48:00","2026-09-26T23:55:00","2","60","ALL_TICKETS_USED","AT_TICKET_DESTINATION"
"SYN002230","SYNTHETIC","ETM_STYLE","2026-09-26","23212","101 R","71785","Regular","2026-09-26_71785","night","2026-09-26T23:55:00","7378","Thangal","51","7487","Thiruvotriyur Temple","55","2026-09-26T23:55:00","2026-09-27T00:00:00","1","60","ALL_TICKETS_USED","AT_TICKET_DESTINATION"
"SYN002231","SYNTHETIC","CHENNAI_ONE_STYLE","2026-09-26","23212","101 R","71785","Regular","2026-09-26_71785","night","2026-09-26T23:02:00","5792","Aminjikarai","23","7032","Kasimedu Police Station","45","2026-09-26T23:11:00","2026-09-26T23:46:00","1","60","ALL_TICKETS_USED","AT_TICKET_DESTINATION"
"SYN002232","SYNTHETIC","ETM_STYLE","2026-09-26","23212","101 R","71785","Regular","2026-09-26_71785","night","2026-09-26T23:07:00","10290","N.S.K Nagar Arumbakkam","22","7531","Vellayan Chettiyar School","57","2026-09-26T23:07:00","2026-09-27T00:02:00","2","60","ALL_TICKETS_USED","AT_TICKET_DESTINATION"
"SYN002233","SYNTHETIC","ETM_STYLE","2026-09-26","23212","101 R","71785","Regular","2026-09-26_71785","night","2026-09-26T23:12:00","9626","Aminjikarai Market","24","7032","Kasimedu Police Station","45","2026-09-26T23:12:00","2026-09-26T23:46:00","1","60","ALL_TICKETS_USED","AT_TICKET_DESTINATION"
"SYN002234","SYNTHETIC","CHENNAI_ONE_STYLE","2026-09-26","23212","101 R","71785","Regular","2026-09-26_71785","night","2026-09-26T23:32:00","7032","Kasimedu Police Station","45","7189","Nagara Thottam","48","2026-09-26T23:46:00","2026-09-26T23:49:00","1","60","ALL_TICKETS_USED","AT_TICKET_DESTINATION"
"SYN002235","SYNTHETIC","ETM_STYLE","2026-09-26","23212","101 R","71785","Regular","2026-09-26_71785","night","2026-09-26T23:13:00","9636","Pachaiyappas College","25","6780","Thambu Chetty Street","41","2026-09-26T23:13:00","2026-09-26T23:40:00","3","60","ALL_TICKETS_USED","AT_TICKET_DESTINATION"
"SYN002236","SYNTHETIC","ETM_STYLE","2026-09-26","24079","102","108712","Regular","2026-09-26_108712","morning","2026-09-26T09:48:00","10814","Music College Annamalai Puram","15","9966","It Park Siruseri Or Muttukadu","43","2026-09-26T09:48:00","2026-09-26T10:36:00","1","60","ALL_TICKETS_USED","AT_TICKET_DESTINATION"
"SYN002237","SYNTHETIC","CHENNAI_ONE_STYLE","2026-09-26","24079","102","108712","Regular","2026-09-26_108712","morning","2026-09-26T09:32:00","5917","Queen Marys College","10","6269","Egattur","42","2026-09-26T09:39:00","2026-09-26T10:35:00","2","60","ALL_TICKETS_USED","AT_TICKET_DESTINATION"
"SYN002238","SYNTHETIC","ETM_STYLE","2026-09-26","24079","102","108712","Regular","2026-09-26_108712","morning","2026-09-26T09:33:00","11192","Annasquare","6","6314","Ags Complex Navalur","40","2026-09-26T09:33:00","2026-09-26T10:32:00","1","60","ALL_TICKETS_USED","AT_TICKET_DESTINATION"
"SYN002239","SYNTHETIC","CHENNAI_ONE_STYLE","2026-09-26","24079","102","108712","Regular","2026-09-26_108712","morning","2026-09-26T09:10:00","11159","Island ground Terminus","1","6198","Kazhipattur","45","2026-09-26T09:20:00","2026-09-26T10:38:00","1","60","ALL_TICKETS_USED","AT_TICKET_DESTINATION"
"SYN002240","SYNTHETIC","ETM_STYLE","2026-09-26","24079","102","108712","Regular","2026-09-26_108712","morning","2026-09-26T09:41:00","9318","Nochikuppam","11","9974","Navalur","41","2026-09-26T09:41:00","2026-09-26T10:33:00","2","60","ALL_TICKETS_USED","AT_TICKET_DESTINATION"
"SYN002241","SYNTHETIC","ETM_STYLE","2026-09-26","24079","102","108712","Regular","2026-09-26_108712","morning","2026-09-26T09:36:00","2601","Marina Beach","8","9966","It Park Siruseri Or Muttukadu","43","2026-09-26T09:36:00","2026-09-26T10:36:00","2","60","ALL_TICKETS_USED","AT_TICKET_DESTINATION"
"SYN002242","SYNTHETIC","CHENNAI_ONE_STYLE","2026-09-26","24079","102","108712","Regular","2026-09-26_108712","morning","2026-09-26T09:34:00","5758","M.G.R Janaki College Or Sathya Studio","16","6420","Kumaran Nagar","37","2026-09-26T09:49:00","2026-09-26T10:26:00","2","60","ALL_TICKETS_USED","AT_TICKET_DESTINATION"
"SYN002243","SYNTHETIC","CHENNAI_ONE_STYLE","2026-09-26","24079","102","108712","Regular","2026-09-26_108712","morning","2026-09-26T09:11:00","11159","Island ground Terminus","1","9974","Navalur","41","2026-09-26T09:20:00","2026-09-26T10:33:00","1","60","ALL_TICKETS_USED","AT_TICKET_DESTINATION"
"SYN002244","SYNTHETIC","ETM_STYLE","2026-09-26","24079","102","108712","Regular","2026-09-26_108712","morning","2026-09-26T09:48:00","10814","Music College Annamalai Puram","15","6132","Chettinad Hospital","49","2026-09-26T09:48:00","2026-09-26T10:42:00","1","60","ALL_TICKETS_USED","AT_TICKET_DESTINATION"
"SYN002245","SYNTHETIC","ETM_STYLE","2026-09-26","24079","102","108712","Regular","2026-09-26_108712","morning","2026-09-26T09:35:00","10941","Kannagi Statue Shelter 1","7","6225","Vaniyanchavadi Padma Adarsh School","44","2026-09-26T09:35:00","2026-09-26T10:37:00","1","60","ALL_TICKETS_USED","AT_TICKET_DESTINATION"
"SYN002246","SYNTHETIC","ETM_STYLE","2026-09-26","24079","102","108712","Regular","2026-09-26_108712","morning","2026-09-26T09:41:00","9318","Nochikuppam","11","6420","Kumaran Nagar","37","2026-09-26T09:41:00","2026-09-26T10:26:00","1","60","ALL_TICKETS_USED","AT_TICKET_DESTINATION"
"SYN002247","SYNTHETIC","ETM_STYLE","2026-09-26","24079","102","108712","Regular","2026-09-26_108712","morning","2026-09-26T09:32:00","5932","War Memorial","5","6132","Chettinad Hospital","49","2026-09-26T09:32:00","2026-09-26T10:42:00","2","60","ALL_TICKETS_USED","AT_TICKET_DESTINATION"
"SYN002248","SYNTHETIC","ETM_STYLE","2026-09-26","24079","102","108712","Regular","2026-09-26_108712","morning","2026-09-26T09:38:00","5916","Vivekananda House","9","6314","Ags Complex Navalur","40","2026-09-26T09:38:00","2026-09-26T10:32:00","2","60","ALL_TICKETS_USED","AT_TICKET_DESTINATION"
"SYN002249","SYNTHETIC","ETM_STYLE","2026-09-26","24079","102","108712","Regular","2026-09-26_108712","morning","2026-09-26T09:31:00","5814","Secretariat","4","10012","Government School Shozhinganallur","35","2026-09-26T09:31:00","2026-09-26T10:23:00","1","60","ALL_TICKETS_USED","AT_TICKET_DESTINATION"
"SYN002250","SYNTHETIC","CHENNAI_ONE_STYLE","2026-09-26","24079","102","108712","Regular","2026-09-26_108712","morning","2026-09-26T09:24:00","5917","Queen Marys College","10","6099","Kelambakkam Bus Terminal","51","2026-09-26T09:39:00","2026-09-26T10:45:00","2","60","ALL_TICKETS_USED","AT_TICKET_DESTINATION"
"SYN002251","SYNTHETIC","CHENNAI_ONE_STYLE","2026-09-26","24079","102","108712","Regular","2026-09-26_108712","morning","2026-09-26T09:40:00","9128","Mrc Nagar","14","6125","Kelambakkam V A O Office","50","2026-09-26T09:47:00","2026-09-26T10:43:00","1","60","ALL_TICKETS_USED","AT_TICKET_DESTINATION"
"SYN002252","SYNTHETIC","CHENNAI_ONE_STYLE","2026-09-26","24079","102","108712","Regular","2026-09-26_108712","morning","2026-09-26T09:30:00","5814","Secretariat","4","6157","Padur","47","2026-09-26T09:31:00","2026-09-26T10:40:00","3","60","ALL_TICKETS_USED","AT_TICKET_DESTINATION"
"SYN002253","SYNTHETIC","ETM_STYLE","2026-09-26","24079","102","108712","Regular","2026-09-26_108712","morning","2026-09-26T09:32:00","5932","War Memorial","5","6132","Chettinad Hospital","49","2026-09-26T09:32:00","2026-09-26T10:42:00","1","60","ALL_TICKETS_USED","AT_TICKET_DESTINATION"
"SYN002254","SYNTHETIC","ETM_STYLE","2026-09-26","24079","102","108712","Regular","2026-09-26_108712","morning","2026-09-26T09:39:00","5917","Queen Marys College","10","6358","Semmancheri","39","2026-09-26T09:39:00","2026-09-26T10:31:00","1","60","ALL_TICKETS_USED","AT_TICKET_DESTINATION"
"SYN002255","SYNTHETIC","ETM_STYLE","2026-09-26","24079","102","108712","Regular","2026-09-26_108712","morning","2026-09-26T09:32:00","5932","War Memorial","5","10012","Government School Shozhinganallur","35","2026-09-26T09:32:00","2026-09-26T10:23:00","3","60","ALL_TICKETS_USED","AT_TICKET_DESTINATION"
"SYN002256","SYNTHETIC","CHENNAI_ONE_STYLE","2026-09-26","24079","102","108712","Regular","2026-09-26_108712","morning","2026-09-26T09:25:00","5916","Vivekananda House","9","6198","Kazhipattur","45","2026-09-26T09:38:00","2026-09-26T10:38:00","1","60","ALL_TICKETS_USED","AT_TICKET_DESTINATION"
"SYN002257","SYNTHETIC","ETM_STYLE","2026-09-26","24079","102","108712","Regular","2026-09-26_108712","morning","2026-09-26T09:33:00","11192","Annasquare","6","9966","It Park Siruseri Or Muttukadu","43","2026-09-26T09:33:00","2026-09-26T10:36:00","2","60","ALL_TICKETS_USED","AT_TICKET_DESTINATION"
"SYN002258","SYNTHETIC","ETM_STYLE","2026-09-26","24079","102","108712","Regular","2026-09-26_108712","morning","2026-09-26T09:27:00","9782","High Court","2","9966","It Park Siruseri Or Muttukadu","43","2026-09-26T09:27:00","2026-09-26T10:36:00","2","60","ALL_TICKETS_USED","AT_TICKET_DESTINATION"
"SYN002259","SYNTHETIC","CHENNAI_ONE_STYLE","2026-09-26","24079","102","108712","Regular","2026-09-26_108712","morning","2026-09-26T09:42:00","5760","Adyar Signal","17","6125","Kelambakkam V A O Office","50","2026-09-26T09:51:00","2026-09-26T10:43:00","1","60","ALL_TICKETS_USED","AT_TICKET_DESTINATION"
"SYN002260","SYNTHETIC","ETM_STYLE","2026-09-26","24079","102","108712","Regular","2026-09-26_108712","morning","2026-09-26T09:49:00","5758","M.G.R Janaki College Or Sathya Studio","16","6198","Kazhipattur","45","2026-09-26T09:49:00","2026-09-26T10:38:00","2","60","ALL_TICKETS_USED","AT_TICKET_DESTINATION"
"SYN002261","SYNTHETIC","ETM_STYLE","2026-09-26","24079","102","108712","Regular","2026-09-26_108712","morning","2026-09-26T09:27:00","9782","High Court","2","6420","Kumaran Nagar","37","2026-09-26T09:27:00","2026-09-26T10:26:00","2","60","ALL_TICKETS_USED","AT_TICKET_DESTINATION"
"SYN002262","SYNTHETIC","ETM_STYLE","2026-09-26","24079","102","108712","Regular","2026-09-26_108712","morning","2026-09-26T09:39:00","5917","Queen Marys College","10","6125","Kelambakkam V A O Office","50","2026-09-26T09:39:00","2026-09-26T10:43:00","3","60","ALL_TICKETS_USED","AT_TICKET_DESTINATION"
"SYN002263","SYNTHETIC","CHENNAI_ONE_STYLE","2026-09-26","24079","102","108712","Regular","2026-09-26_108712","morning","2026-09-26T09:28:00","10941","Kannagi Statue Shelter 1","7","6198","Kazhipattur","45","2026-09-26T09:35:00","2026-09-26T10:38:00","1","60","ALL_TICKETS_USED","AT_TICKET_DESTINATION"
"SYN002264","SYNTHETIC","ETM_STYLE","2026-09-26","24079","102","108712","Regular","2026-09-26_108712","morning","2026-09-26T09:39:00","5917","Queen Marys College","10","6454","Ponniamman Kovil","36","2026-09-26T09:39:00","2026-09-26T10:24:00","2","60","ALL_TICKETS_USED","AT_TICKET_DESTINATION"
"SYN002265","SYNTHETIC","ETM_STYLE","2026-09-26","24079","102","108712","Regular","2026-09-26_108712","morning","2026-09-26T09:39:00","5917","Queen Marys College","10","6198","Kazhipattur","45","2026-09-26T09:39:00","2026-09-26T10:38:00","2","60","ALL_TICKETS_USED","AT_TICKET_DESTINATION"
"SYN002266","SYNTHETIC","CHENNAI_ONE_STYLE","2026-09-26","24079","102","108714","Regular","2026-09-26_108714","afternoon","2026-09-26T14:15:00","9128","Mrc Nagar","14","6403","Satyabhama University","38","2026-09-26T14:22:00","2026-09-26T15:03:00","2","60","ALL_TICKETS_USED","AT_TICKET_DESTINATION"
"SYN002267","SYNTHETIC","ETM_STYLE","2026-09-26","24079","102","108714","Regular","2026-09-26_108714","afternoon","2026-09-26T15:17:00","6132","Chettinad Hospital","49","6099","Kelambakkam Bus Terminal","51","2026-09-26T15:17:00","2026-09-26T15:20:00","2","60","ALL_TICKETS_USED","AT_TICKET_DESTINATION"
"SYN002268","SYNTHETIC","ETM_STYLE","2026-09-26","24079","102","108714","Regular","2026-09-26_108714","afternoon","2026-09-26T14:57:00","10022","Shozhinganallur","34","6132","Chettinad Hospital","49","2026-09-26T14:57:00","2026-09-26T15:17:00","2","60","ALL_TICKETS_USED","AT_TICKET_DESTINATION"
"SYN002269","SYNTHETIC","ETM_STYLE","2026-09-26","24079","102","108714","Regular","2026-09-26_108714","afternoon","2026-09-26T14:58:00","10012","Government School Shozhinganallur","35","6314","Ags Complex Navalur","40","2026-09-26T14:58:00","2026-09-26T15:07:00","2","60","ALL_TICKETS_USED","AT_TICKET_DESTINATION"
"SYN002270","SYNTHETIC","ETM_STYLE","2026-09-26","24079","102","108714","Regular","2026-09-26_108714","afternoon","2026-09-26T14:55:00","10031","Dollar Or Accenture","33","6132","Chettinad Hospital","49","2026-09-26T14:55:00","2026-09-26T15:17:00","2","60","ALL_TICKETS_USED","AT_TICKET_DESTINATION"
"SYN002271","SYNTHETIC","ETM_STYLE","2026-09-26","24079","102","108714","Regular","2026-09-26_108714","afternoon","2026-09-26T14:06:00","5814","Secretariat","4","10066","Ptc Quarters Or Mootakaran Chavadi","29","2026-09-26T14:06:00","2026-09-26T14:48:00","2","60","ALL_TICKETS_USED","AT_TICKET_DESTINATION"
"SYN002272","SYNTHETIC","ETM_STYLE","2026-09-26","24079","102","108714","Regular","2026-09-26_108714","afternoon","2026-09-26T15:08:00","9974","Navalur","41","6150","Hindustan College","48","2026-09-26T15:08:00","2026-09-26T15:16:00","1","60","ALL_TICKETS_USED","AT_TICKET_DESTINATION"
"SYN002273","SYNTHETIC","ETM_STYLE","2026-09-26","24079","102","108714","Regular","2026-09-26_108714","afternoon","2026-09-26T14:14:00","5917","Queen Marys College","10","5914","Jayanthi Theatre","20","2026-09-26T14:14:00","2026-09-26T14:33:00","1","60","ALL_TICKETS_USED","AT_TICKET_DESTINATION"
"SYN002274","SYNTHETIC","ETM_STYLE","2026-09-26","24079","102","108714","Regular","2026-09-26_108714","afternoon","2026-09-26T14:50:00","6686","Okkiyampet","30","6403","Satyabhama University","38","2026-09-26T14:50:00","2026-09-26T15:03:00","1","60","ALL_TICKETS_USED","AT_TICKET_DESTINATION"
"SYN002275","SYNTHETIC","ETM_STYLE","2026-09-26","24079","102","108714","Regular","2026-09-26_108714","afternoon","2026-09-26T15:15:00","6157","Padur","47","6099","Kelambakkam Bus Terminal","51","2026-09-26T15:15:00","2026-09-26T15:20:00","1","60","ALL_TICKETS_USED","AT_TICKET_DESTINATION"
"SYN002276","SYNTHETIC","ETM_STYLE","2026-09-26","24079","102","108714","Regular","2026-09-26_108714","afternoon","2026-09-26T14:16:00","9318","Nochikuppam","11","5914","Jayanthi Theatre","20","2026-09-26T14:16:00","2026-09-26T14:33:00","1","60","ALL_TICKETS_USED","AT_TICKET_DESTINATION"
"SYN002277","SYNTHETIC","CHENNAI_ONE_STYLE","2026-09-26","24079","102","108714","Regular","2026-09-26_108714","afternoon","2026-09-26T14:58:00","6269","Egattur","42","6150","Hindustan College","48","2026-09-26T15:10:00","2026-09-26T15:16:00","2","60","ALL_TICKETS_USED","AT_TICKET_DESTINATION"
"SYN002278","SYNTHETIC","ETM_STYLE","2026-09-26","24079","102","108714","Regular","2026-09-26_108714","afternoon","2026-09-26T14:23:00","10814","Music College Annamalai Puram","15","8542","Kandanchavadi","24","2026-09-26T14:23:00","2026-09-26T14:40:00","1","60","ALL_TICKETS_USED","AT_TICKET_DESTINATION"
"SYN002279","SYNTHETIC","ETM_STYLE","2026-09-26","24079","102","108716","Regular","2026-09-26_108716","evening","2026-09-26T19:03:00","5916","Vivekananda House","9","6403","Satyabhama University","38","2026-09-26T19:03:00","2026-09-26T19:53:00","2","60","ALL_TICKETS_USED","AT_TICKET_DESTINATION"
"SYN002280","SYNTHETIC","ETM_STYLE","2026-09-26","24079","102","108716","Regular","2026-09-26_108716","evening","2026-09-26T19:04:00","5917","Queen Marys College","10","10012","Government School Shozhinganallur","35","2026-09-26T19:04:00","2026-09-26T19:48:00","1","60","ALL_TICKETS_USED","AT_TICKET_DESTINATION"
"SYN002281","SYNTHETIC","CHENNAI_ONE_STYLE","2026-09-26","24079","102","108716","Regular","2026-09-26_108716","evening","2026-09-26T18:48:00","9782","High Court","2","6358","Semmancheri","39","2026-09-26T18:52:00","2026-09-26T19:56:00","1","60","ALL_TICKETS_USED","AT_TICKET_DESTINATION"
"SYN002282","SYNTHETIC","ETM_STYLE","2026-09-26","24079","102","108716","Regular","2026-09-26_108716","evening","2026-09-26T19:00:00","10941","Kannagi Statue Shelter 1","7","9966","It Park Siruseri Or Muttukadu","43","2026-09-26T19:00:00","2026-09-26T20:01:00","2","60","ALL_TICKETS_USED","AT_TICKET_DESTINATION"
"SYN002283","SYNTHETIC","ETM_STYLE","2026-09-26","24079","102","108716","Regular","2026-09-26_108716","evening","2026-09-26T19:00:00","10941","Kannagi Statue Shelter 1","7","6150","Hindustan College","48","2026-09-26T19:00:00","2026-09-26T20:06:00","1","60","ALL_TICKETS_USED","AT_TICKET_DESTINATION"
"SYN002284","SYNTHETIC","CHENNAI_ONE_STYLE","2026-09-26","24079","102","108716","Regular","2026-09-26_108716","evening","2026-09-26T18:50:00","5932","War Memorial","5","6314","Ags Complex Navalur","40","2026-09-26T18:57:00","2026-09-26T19:57:00","1","60","ALL_TICKETS_USED","AT_TICKET_DESTINATION"
"SYN002285","SYNTHETIC","ETM_STYLE","2026-09-26","24079","102","108716","Regular","2026-09-26_108716","evening","2026-09-26T19:00:00","10941","Kannagi Statue Shelter 1","7","6314","Ags Complex Navalur","40","2026-09-26T19:00:00","2026-09-26T19:57:00","2","60","ALL_TICKETS_USED","AT_TICKET_DESTINATION"
"SYN002286","SYNTHETIC","CHENNAI_ONE_STYLE","2026-09-26","24079","102","108716","Regular","2026-09-26_108716","evening","2026-09-26T18:33:00","11159","Island ground Terminus","1","6403","Satyabhama University","38","2026-09-26T18:45:00","2026-09-26T19:53:00","1","60","ALL_TICKETS_USED","AT_TICKET_DESTINATION"
"SYN002287","SYNTHETIC","CHENNAI_ONE_STYLE","2026-09-26","24079","102","108716","Regular","2026-09-26_108716","evening","2026-09-26T18:58:00","5916","Vivekananda House","9","6269","Egattur","42","2026-09-26T19:03:00","2026-09-26T20:00:00","3","60","ALL_TICKETS_USED","AT_TICKET_DESTINATION"
"SYN002288","SYNTHETIC","ETM_STYLE","2026-09-26","24079","102","108716","Regular","2026-09-26_108716","evening","2026-09-26T19:06:00","9318","Nochikuppam","11","6269","Egattur","42","2026-09-26T19:06:00","2026-09-26T20:00:00","1","60","ALL_TICKETS_USED","AT_TICKET_DESTINATION"
"SYN002289","SYNTHETIC","CHENNAI_ONE_STYLE","2026-09-26","24079","102","108716","Regular","2026-09-26_108716","evening","2026-09-26T19:00:00","9318","Nochikuppam","11","6132","Chettinad Hospital","49","2026-09-26T19:06:00","2026-09-26T20:07:00","1","60","ALL_TICKETS_USED","AT_TICKET_DESTINATION"
"SYN002290","SYNTHETIC","CHENNAI_ONE_STYLE","2026-09-26","24079","102","108716","Regular","2026-09-26_108716","evening","2026-09-26T18:59:00","10814","Music College Annamalai Puram","15","6403","Satyabhama University","38","2026-09-26T19:13:00","2026-09-26T19:53:00","2","60","ALL_TICKETS_USED","AT_TICKET_DESTINATION"
"SYN002291","SYNTHETIC","CHENNAI_ONE_STYLE","2026-09-26","24079","102","108716","Regular","2026-09-26_108716","evening","2026-09-26T18:43:00","9782","High Court","2","10012","Government School Shozhinganallur","35","2026-09-26T18:52:00","2026-09-26T19:48:00","1","60","ALL_TICKETS_USED","AT_TICKET_DESTINATION"
"SYN002292","SYNTHETIC","CHENNAI_ONE_STYLE","2026-09-26","24079","102","108716","Regular","2026-09-26_108716","evening","2026-09-26T18:33:00","11159","Island ground Terminus","1","6269","Egattur","42","2026-09-26T18:45:00","2026-09-26T20:00:00","2","60","ALL_TICKETS_USED","AT_TICKET_DESTINATION"
"SYN002293","SYNTHETIC","ETM_STYLE","2026-09-26","24079","102","108716","Regular","2026-09-26_108716","evening","2026-09-26T19:07:00","9262","Santhome Church","12","6403","Satyabhama University","38","2026-09-26T19:07:00","2026-09-26T19:53:00","2","60","ALL_TICKETS_USED","AT_TICKET_DESTINATION"
"SYN002294","SYNTHETIC","CHENNAI_ONE_STYLE","2026-09-26","24079","102","108716","Regular","2026-09-26_108716","evening","2026-09-26T19:07:00","5758","M.G.R Janaki College Or Sathya Studio","16","6198","Kazhipattur","45","2026-09-26T19:14:00","2026-09-26T20:03:00","1","60","ALL_TICKETS_USED","AT_TICKET_DESTINATION"
"SYN002295","SYNTHETIC","ETM_STYLE","2026-09-26","24079","102","108716","Regular","2026-09-26_108716","evening","2026-09-26T18:45:00","11159","Island ground Terminus","1","6132","Chettinad Hospital","49","2026-09-26T18:45:00","2026-09-26T20:07:00","2","60","ALL_TICKETS_USED","AT_TICKET_DESTINATION"
"SYN002296","SYNTHETIC","ETM_STYLE","2026-09-26","24079","102","108716","Regular","2026-09-26_108716","evening","2026-09-26T19:04:00","5917","Queen Marys College","10","6358","Semmancheri","39","2026-09-26T19:04:00","2026-09-26T19:56:00","1","60","ALL_TICKETS_USED","AT_TICKET_DESTINATION"
"SYN002297","SYNTHETIC","ETM_STYLE","2026-09-26","24079","102","108716","Regular","2026-09-26_108716","evening","2026-09-26T19:07:00","9262","Santhome Church","12","6157","Padur","47","2026-09-26T19:07:00","2026-09-26T20:05:00","2","60","ALL_TICKETS_USED","AT_TICKET_DESTINATION"
"SYN002298","SYNTHETIC","CHENNAI_ONE_STYLE","2026-09-26","24079","102","108716","Regular","2026-09-26_108716","evening","2026-09-26T18:57:00","5916","Vivekananda House","9","9966","It Park Siruseri Or Muttukadu","43","2026-09-26T19:03:00","2026-09-26T20:01:00","2","60","ALL_TICKETS_USED","AT_TICKET_DESTINATION"
"SYN002299","SYNTHETIC","ETM_STYLE","2026-09-26","24079","102","108716","Regular","2026-09-26_108716","evening","2026-09-26T19:07:00","9262","Santhome Church","12","9974","Navalur","41","2026-09-26T19:07:00","2026-09-26T19:58:00","1","60","ALL_TICKETS_USED","AT_TICKET_DESTINATION"
"SYN002300","SYNTHETIC","ETM_STYLE","2026-09-26","24079","102","108716","Regular","2026-09-26_108716","evening","2026-09-26T19:01:00","2601","Marina Beach","8","6454","Ponniamman Kovil","36","2026-09-26T19:01:00","2026-09-26T19:49:00","1","60","ALL_TICKETS_USED","AT_TICKET_DESTINATION"
"SYN002301","SYNTHETIC","ETM_STYLE","2026-09-26","24079","102","108716","Regular","2026-09-26_108716","evening","2026-09-26T18:52:00","9782","High Court","2","6099","Kelambakkam Bus Terminal","51","2026-09-26T18:52:00","2026-09-26T20:10:00","1","60","ALL_TICKETS_USED","AT_TICKET_DESTINATION"
"SYN002302","SYNTHETIC","ETM_STYLE","2026-09-26","24079","102","108716","Regular","2026-09-26_108716","evening","2026-09-26T19:07:00","9262","Santhome Church","12","6150","Hindustan College","48","2026-09-26T19:07:00","2026-09-26T20:06:00","2","60","ALL_TICKETS_USED","AT_TICKET_DESTINATION"
"SYN002303","SYNTHETIC","ETM_STYLE","2026-09-26","24079","102","108716","Regular","2026-09-26_108716","evening","2026-09-26T19:03:00","5916","Vivekananda House","9","6358","Semmancheri","39","2026-09-26T19:03:00","2026-09-26T19:56:00","1","60","ALL_TICKETS_USED","AT_TICKET_DESTINATION"
"SYN002304","SYNTHETIC","ETM_STYLE","2026-09-26","24079","102","108716","Regular","2026-09-26_108716","evening","2026-09-26T18:57:00","5932","War Memorial","5","6099","Kelambakkam Bus Terminal","51","2026-09-26T18:57:00","2026-09-26T20:10:00","1","60","ALL_TICKETS_USED","AT_TICKET_DESTINATION"
"SYN002305","SYNTHETIC","ETM_STYLE","2026-09-26","24079","102","108716","Regular","2026-09-26_108716","evening","2026-09-26T19:07:00","9262","Santhome Church","12","6132","Chettinad Hospital","49","2026-09-26T19:07:00","2026-09-26T20:07:00","3","60","ALL_TICKETS_USED","AT_TICKET_DESTINATION"
"SYN002306","SYNTHETIC","ETM_STYLE","2026-09-26","24079","102","108716","Regular","2026-09-26_108716","evening","2026-09-26T19:10:00","9158","Foreshore Estate Bus Terminus","13","6179","Akshaya Padur","46","2026-09-26T19:10:00","2026-09-26T20:04:00","1","60","ALL_TICKETS_USED","AT_TICKET_DESTINATION"
"SYN002307","SYNTHETIC","ETM_STYLE","2026-09-26","24079","102","108716","Regular","2026-09-26_108716","evening","2026-09-26T19:04:00","5917","Queen Marys College","10","6314","Ags Complex Navalur","40","2026-09-26T19:04:00","2026-09-26T19:57:00","1","60","ALL_TICKETS_USED","AT_TICKET_DESTINATION"
"SYN002308","SYNTHETIC","ETM_STYLE","2026-09-26","24079","102","108716","Regular","2026-09-26_108716","evening","2026-09-26T19:10:00","9158","Foreshore Estate Bus Terminus","13","6179","Akshaya Padur","46","2026-09-26T19:10:00","2026-09-26T20:04:00","1","60","ALL_TICKETS_USED","AT_TICKET_DESTINATION"
"SYN002309","SYNTHETIC","CHENNAI_ONE_STYLE","2026-09-26","24079","102","108761","Regular","2026-09-26_108761","night","2026-09-26T21:22:00","6225","Vaniyanchavadi Padma Adarsh School","44","6179","Akshaya Padur","46","2026-09-26T21:27:00","2026-09-26T21:29:00","3","60","ALL_TICKETS_USED","AT_TICKET_DESTINATION"
"SYN002310","SYNTHETIC","CHENNAI_ONE_STYLE","2026-09-26","24079","102","108761","Regular","2026-09-26_108761","night","2026-09-26T20:47:00","8323","Mettukuppam","28","6686","Okkiyampet","30","2026-09-26T21:02:00","2026-09-26T21:05:00","1","60","ALL_TICKETS_USED","AT_TICKET_DESTINATION"
"SYN002311","SYNTHETIC","ETM_STYLE","2026-09-26","24079","102","108761","Regular","2026-09-26_108761","night","2026-09-26T20:23:00","11192","Annasquare","6","6454","Ponniamman Kovil","36","2026-09-26T20:23:00","2026-09-26T21:14:00","1","60","ALL_TICKETS_USED","AT_TICKET_DESTINATION"
"SYN002312","SYNTHETIC","CHENNAI_ONE_STYLE","2026-09-26","24079","102","108761","Regular","2026-09-26_108761","night","2026-09-26T20:14:00","5916","Vivekananda House","9","8481","Perungudi","25","2026-09-26T20:28:00","2026-09-26T20:56:00","2","60","ALL_TICKETS_USED","AT_TICKET_DESTINATION"
"SYN002313","SYNTHETIC","ETM_STYLE","2026-09-26","24079","102","108761","Regular","2026-09-26_108761","night","2026-09-26T21:23:00","9974","Navalur","41","6198","Kazhipattur","45","2026-09-26T21:23:00","2026-09-26T21:28:00","1","60","ALL_TICKETS_USED","AT_TICKET_DESTINATION"
"SYN002314","SYNTHETIC","ETM_STYLE","2026-09-26","24079","102","108761","Regular","2026-09-26_108761","night","2026-09-26T21:08:00","6579","Karapakkam","32","9974","Navalur","41","2026-09-26T21:08:00","2026-09-26T21:23:00","1","60","ALL_TICKETS_USED","AT_TICKET_DESTINATION"
"SYN002315","SYNTHETIC","ETM_STYLE","2026-09-26","24079","102","108761","Regular","2026-09-26_108761","night","2026-09-26T21:22:00","6314","Ags Complex Navalur","40","9974","Navalur","41","2026-09-26T21:22:00","2026-09-26T21:23:00","1","60","ALL_TICKETS_USED","AT_TICKET_DESTINATION"
"SYN002316","SYNTHETIC","ETM_STYLE","2026-09-26","24079","102","108761","Regular","2026-09-26_108761","night","2026-09-26T20:35:00","9158","Foreshore Estate Bus Terminus","13","6179","Akshaya Padur","46","2026-09-26T20:35:00","2026-09-26T21:29:00","1","60","ALL_TICKETS_USED","AT_TICKET_DESTINATION"
"SYN002317","SYNTHETIC","CHENNAI_ONE_STYLE","2026-09-26","24079","102","108761","Regular","2026-09-26_108761","night","2026-09-26T20:11:00","10941","Kannagi Statue Shelter 1","7","6358","Semmancheri","39","2026-09-26T20:25:00","2026-09-26T21:21:00","1","60","ALL_TICKETS_USED","AT_TICKET_DESTINATION"
"SYN002318","SYNTHETIC","CHENNAI_ONE_STYLE","2026-09-26","24079","102","108761","Regular","2026-09-26_108761","night","2026-09-26T20:43:00","11149","Thiruvanmiyur Ration Shop","21","6179","Akshaya Padur","46","2026-09-26T20:49:00","2026-09-26T21:29:00","1","60","ALL_TICKETS_USED","AT_TICKET_DESTINATION"
"SYN002319","SYNTHETIC","ETM_STYLE","2026-09-26","24079","102","108761","Regular","2026-09-26_108761","night","2026-09-26T21:23:00","9974","Navalur","41","6099","Kelambakkam Bus Terminal","51","2026-09-26T21:23:00","2026-09-26T21:35:00","1","60","ALL_TICKETS_USED","AT_TICKET_DESTINATION"
"SYN002320","SYNTHETIC","CHENNAI_ONE_STYLE","2026-09-26","24079","102","108761","Regular","2026-09-26_108761","night","2026-09-26T20:35:00","10814","Music College Annamalai Puram","15","8481","Perungudi","25","2026-09-26T20:38:00","2026-09-26T20:56:00","1","60","ALL_TICKETS_USED","AT_TICKET_DESTINATION"
"SYN002321","SYNTHETIC","ETM_STYLE","2026-09-26","21083","104 R","19334","Regular","2026-09-26_19334","morning","2026-09-26T10:17:00","9920","Ambattur Industrial Estate","5","7547","Kavangarai","25","2026-09-26T10:17:00","2026-09-26T10:45:00","2","60","ALL_TICKETS_USED","AT_TICKET_DESTINATION"
"SYN002322","SYNTHETIC","ETM_STYLE","2026-09-26","21083","104 R","19334","Regular","2026-09-26_19334","morning","2026-09-26T09:46:00","6594","Irumbuliyur","2","7427","Chocolate Company","21","2026-09-26T09:46:00","2026-09-26T10:41:00","1","60","ALL_TICKETS_USED","AT_TICKET_DESTINATION"
"SYN002323","SYNTHETIC","ETM_STYLE","2026-09-26","21083","104 R","19334","Regular","2026-09-26_19334","morning","2026-09-26T09:46:00","6594","Irumbuliyur","2","7547","Kavangarai","25","2026-09-26T09:46:00","2026-09-26T10:45:00","1","60","ALL_TICKETS_USED","AT_TICKET_DESTINATION"
"SYN002324","SYNTHETIC","ETM_STYLE","2026-09-26","21083","104 R","19334","Regular","2026-09-26_19334","morning","2026-09-26T09:46:00","6594","Irumbuliyur","2","7547","Kavangarai","25","2026-09-26T09:46:00","2026-09-26T10:45:00","1","60","ALL_TICKETS_USED","AT_TICKET_DESTINATION"
"SYN002325","SYNTHETIC","CHENNAI_ONE_STYLE","2026-09-26","21083","104 R","19334","Regular","2026-09-26_19334","morning","2026-09-26T10:12:00","10351","Ambattur I.T Park","4","7509","Puzhal Jail","24","2026-09-26T10:16:00","2026-09-26T10:44:00","3","60","ALL_TICKETS_USED","AT_TICKET_DESTINATION"
"SYN002326","SYNTHETIC","ETM_STYLE","2026-09-26","21083","104 R","19334","Regular","2026-09-26_19334","morning","2026-09-26T09:40:00","6693","Tambaram West Bus Stand","1","7427","Chocolate Company","21","2026-09-26T09:40:00","2026-09-26T10:41:00","1","60","ALL_TICKETS_USED","AT_TICKET_DESTINATION"
"SYN002327","SYNTHETIC","CHENNAI_ONE_STYLE","2026-09-26","21083","104 R","19334","Regular","2026-09-26_19334","morning","2026-09-26T10:13:00","9920","Ambattur Industrial Estate","5","5578","Redhills Bus Terminus","30","2026-09-26T10:17:00","2026-09-26T10:52:00","2","60","ALL_TICKETS_USED","AT_TICKET_DESTINATION"
"SYN002328","SYNTHETIC","ETM_STYLE","2026-09-26","21083","104 R","19334","Regular","2026-09-26_19334","morning","2026-09-26T10:25:00","6932","Uzhavar Santhai","9","5578","Redhills Bus Terminus","30","2026-09-26T10:25:00","2026-09-26T10:52:00","2","60","ALL_TICKETS_USED","AT_TICKET_DESTINATION"
"SYN002329","SYNTHETIC","ETM_STYLE","2026-09-26","21083","104 R","19334","Regular","2026-09-26_19334","morning","2026-09-26T09:40:00","6693","Tambaram West Bus Stand","1","7427","Chocolate Company","21","2026-09-26T09:40:00","2026-09-26T10:41:00","2","60","ALL_TICKETS_USED","AT_TICKET_DESTINATION"
"SYN002330","SYNTHETIC","ETM_STYLE","2026-09-26","21083","104 R","19334","Regular","2026-09-26_19334","morning","2026-09-26T09:46:00","6594","Irumbuliyur","2","7585","Thandal Kazhani","26","2026-09-26T09:46:00","2026-09-26T10:47:00","1","60","ALL_TICKETS_USED","AT_TICKET_DESTINATION"
"SYN002331","SYNTHETIC","ETM_STYLE","2026-09-26","21083","104 R","19334","Regular","2026-09-26_19334","morning","2026-09-26T10:04:00","9374","Porur Toll Plaza","3","7547","Kavangarai","25","2026-09-26T10:04:00","2026-09-26T10:45:00","1","60","ALL_TICKETS_USED","AT_TICKET_DESTINATION"
"SYN002332","SYNTHETIC","ETM_STYLE","2026-09-26","21083","104 R","19334","Regular","2026-09-26_19334","morning","2026-09-26T10:17:00","9920","Ambattur Industrial Estate","5","7681","Redhills Market","29","2026-09-26T10:17:00","2026-09-26T10:51:00","1","60","ALL_TICKETS_USED","AT_TICKET_DESTINATION"
"SYN002333","SYNTHETIC","CHENNAI_ONE_STYLE","2026-09-26","21083","104 R","19334","Regular","2026-09-26_19334","morning","2026-09-26T09:35:00","6594","Irumbuliyur","2","7467","Screw Factory","23","2026-09-26T09:46:00","2026-09-26T10:43:00","1","60","ALL_TICKETS_USED","AT_TICKET_DESTINATION"
"SYN002334","SYNTHETIC","CHENNAI_ONE_STYLE","2026-09-26","21083","104 R","19334","Regular","2026-09-26_19334","morning","2026-09-26T10:02:00","10351","Ambattur I.T Park","4","7599","Sri Nallaghu Polytechnic College","27","2026-09-26T10:16:00","2026-09-26T10:48:00","3","60","ALL_TICKETS_USED","AT_TICKET_DESTINATION"
"SYN002335","SYNTHETIC","ETM_STYLE","2026-09-26","21083","104 R","19334","Regular","2026-09-26_19334","morning","2026-09-26T09:46:00","6594","Irumbuliyur","2","7585","Thandal Kazhani","26","2026-09-26T09:46:00","2026-09-26T10:47:00","1","60","ALL_TICKETS_USED","AT_TICKET_DESTINATION"
"SYN002336","SYNTHETIC","CHENNAI_ONE_STYLE","2026-09-26","21083","104 R","19334","Regular","2026-09-26_19334","morning","2026-09-26T09:39:00","6594","Irumbuliyur","2","7585","Thandal Kazhani","26","2026-09-26T09:46:00","2026-09-26T10:47:00","1","60","ALL_TICKETS_USED","AT_TICKET_DESTINATION"
"SYN002337","SYNTHETIC","ETM_STYLE","2026-09-26","21083","104 R","19334","Regular","2026-09-26_19334","morning","2026-09-26T10:17:00","9920","Ambattur Industrial Estate","5","7452","Omayal Achi College","22","2026-09-26T10:17:00","2026-09-26T10:42:00","1","60","ALL_TICKETS_USED","AT_TICKET_DESTINATION"
"SYN002338","SYNTHETIC","ETM_STYLE","2026-09-26","21083","104 R","19334","Regular","2026-09-26_19334","morning","2026-09-26T09:40:00","6693","Tambaram West Bus Stand","1","7681","Redhills Market","29","2026-09-26T09:40:00","2026-09-26T10:51:00","2","60","ALL_TICKETS_USED","AT_TICKET_DESTINATION"
"SYN002339","SYNTHETIC","ETM_STYLE","2026-09-26","21083","104 R","19334","Regular","2026-09-26_19334","morning","2026-09-26T10:23:00","5731","Ambattur Canara Bank","8","5578","Redhills Bus Terminus","30","2026-09-26T10:23:00","2026-09-26T10:52:00","2","60","ALL_TICKETS_USED","AT_TICKET_DESTINATION"
"SYN002340","SYNTHETIC","ETM_STYLE","2026-09-26","21083","104 R","19334","Regular","2026-09-26_19334","morning","2026-09-26T09:40:00","6693","Tambaram West Bus Stand","1","7509","Puzhal Jail","24","2026-09-26T09:40:00","2026-09-26T10:44:00","3","60","ALL_TICKETS_USED","AT_TICKET_DESTINATION"
"SYN002341","SYNTHETIC","CHENNAI_ONE_STYLE","2026-09-26","21083","104 R","19334","Regular","2026-09-26_19334","morning","2026-09-26T10:07:00","9920","Ambattur Industrial Estate","5","7467","Screw Factory","23","2026-09-26T10:17:00","2026-09-26T10:43:00","1","60","ALL_TICKETS_USED","AT_TICKET_DESTINATION"
"SYN002342","SYNTHETIC","CHENNAI_ONE_STYLE","2026-09-26","21083","104 R","19334","Regular","2026-09-26_19334","morning","2026-09-26T09:33:00","6693","Tambaram West Bus Stand","1","7681","Redhills Market","29","2026-09-26T09:40:00","2026-09-26T10:51:00","2","60","ALL_TICKETS_USED","AT_TICKET_DESTINATION"
"SYN002343","SYNTHETIC","ETM_STYLE","2026-09-26","21083","104 R","19334","Regular","2026-09-26_19334","morning","2026-09-26T10:16:00","10351","Ambattur I.T Park","4","7681","Redhills Market","29","2026-09-26T10:16:00","2026-09-26T10:51:00","2","60","ALL_TICKETS_USED","AT_TICKET_DESTINATION"
"SYN002344","SYNTHETIC","CHENNAI_ONE_STYLE","2026-09-26","21083","104 R","19334","Regular","2026-09-26_19334","morning","2026-09-26T09:44:00","6594","Irumbuliyur","2","7452","Omayal Achi College","22","2026-09-26T09:46:00","2026-09-26T10:42:00","2","60","ALL_TICKETS_USED","AT_TICKET_DESTINATION"
"SYN002345","SYNTHETIC","ETM_STYLE","2026-09-26","21083","104 R","19334","Regular","2026-09-26_19334","morning","2026-09-26T10:16:00","10351","Ambattur I.T Park","4","7599","Sri Nallaghu Polytechnic College","27","2026-09-26T10:16:00","2026-09-26T10:48:00","1","60","ALL_TICKETS_USED","AT_TICKET_DESTINATION"
"SYN002346","SYNTHETIC","ETM_STYLE","2026-09-26","21083","104 R","19334","Regular","2026-09-26_19334","morning","2026-09-26T10:04:00","9374","Porur Toll Plaza","3","7651","Ayurveda Ashramam","28","2026-09-26T10:04:00","2026-09-26T10:50:00","1","60","ALL_TICKETS_USED","AT_TICKET_DESTINATION"
"SYN002347","SYNTHETIC","CHENNAI_ONE_STYLE","2026-09-26","21083","104 R","19334","Regular","2026-09-26_19334","morning","2026-09-26T10:09:00","5731","Ambattur Canara Bank","8","7452","Omayal Achi College","22","2026-09-26T10:23:00","2026-09-26T10:42:00","2","60","ALL_TICKETS_USED","AT_TICKET_DESTINATION"
"SYN002348","SYNTHETIC","CHENNAI_ONE_STYLE","2026-09-26","21083","104 R","19334","Regular","2026-09-26_19334","morning","2026-09-26T09:49:00","9374","Porur Toll Plaza","3","7585","Thandal Kazhani","26","2026-09-26T10:04:00","2026-09-26T10:47:00","2","60","ALL_TICKETS_USED","AT_TICKET_DESTINATION"
"SYN002349","SYNTHETIC","ETM_STYLE","2026-09-26","21083","104 R","19334","Regular","2026-09-26_19334","morning","2026-09-26T10:04:00","9374","Porur Toll Plaza","3","5578","Redhills Bus Terminus","30","2026-09-26T10:04:00","2026-09-26T10:52:00","1","60","ALL_TICKETS_USED","AT_TICKET_DESTINATION"
"SYN002350","SYNTHETIC","ETM_STYLE","2026-09-26","21083","104 R","19334","Regular","2026-09-26_19334","morning","2026-09-26T10:16:00","10351","Ambattur I.T Park","4","7509","Puzhal Jail","24","2026-09-26T10:16:00","2026-09-26T10:44:00","1","60","ALL_TICKETS_USED","AT_TICKET_DESTINATION"
"SYN002351","SYNTHETIC","CHENNAI_ONE_STYLE","2026-09-26","21083","104 R","19336","Regular","2026-09-26_19336","afternoon","2026-09-26T14:43:00","7599","Sri Nallaghu Polytechnic College","27","7681","Redhills Market","29","2026-09-26T14:53:00","2026-09-26T14:56:00","3","60","ALL_TICKETS_USED","AT_TICKET_DESTINATION"
"SYN002352","SYNTHETIC","ETM_STYLE","2026-09-26","21083","104 R","19336","Regular","2026-09-26_19336","afternoon","2026-09-26T13:45:00","6693","Tambaram West Bus Stand","1","6932","Uzhavar Santhai","9","2026-09-26T13:45:00","2026-09-26T14:30:00","1","60","ALL_TICKETS_USED","AT_TICKET_DESTINATION"
"SYN002353","SYNTHETIC","ETM_STYLE","2026-09-26","21083","104 R","19336","Regular","2026-09-26_19336","afternoon","2026-09-26T14:40:00","7203","Kallikuppam","16","7651","Ayurveda Ashramam","28","2026-09-26T14:40:00","2026-09-26T14:55:00","1","60","ALL_TICKETS_USED","AT_TICKET_DESTINATION"
"SYN002354","SYNTHETIC","ETM_STYLE","2026-09-26","21083","104 R","19336","Regular","2026-09-26_19336","afternoon","2026-09-26T14:26:00","6794","Ti Miller","6","7129","Oragadam","12","2026-09-26T14:26:00","2026-09-26T14:35:00","1","60","ALL_TICKETS_USED","AT_TICKET_DESTINATION"
"SYN002355","SYNTHETIC","ETM_STYLE","2026-09-26","21083","104 R","19336","Regular","2026-09-26_19336","afternoon","2026-09-26T14:34:00","7057","Raaki Theatre","11","7547","Kavangarai","25","2026-09-26T14:34:00","2026-09-26T14:50:00","2","60","ALL_TICKETS_USED","AT_TICKET_DESTINATION"
"SYN002356","SYNTHETIC","ETM_STYLE","2026-09-26","21083","104 R","19336","Regular","2026-09-26_19336","afternoon","2026-09-26T14:28:00","5731","Ambattur Canara Bank","8","7200","Wireless Company","14","2026-09-26T14:28:00","2026-09-26T14:38:00","1","60","ALL_TICKETS_USED","AT_TICKET_DESTINATION"
"SYN002357","SYNTHETIC","CHENNAI_ONE_STYLE","2026-09-26","21083","104 R","19336","Regular","2026-09-26_19336","afternoon","2026-09-26T14:19:00","6932","Uzhavar Santhai","9","7200","Wireless Company","14","2026-09-26T14:30:00","2026-09-26T14:38:00","1","60","ALL_TICKETS_USED","AT_TICKET_DESTINATION"
"SYN002358","SYNTHETIC","ETM_STYLE","2026-09-26","21083","104 R","19336","Regular","2026-09-26_19336","afternoon","2026-09-26T14:43:00","7333","Sivaprakasam Nagar","18","5578","Redhills Bus Terminus","30","2026-09-26T14:43:00","2026-09-26T14:57:00","1","60","ALL_TICKETS_USED","AT_TICKET_DESTINATION"
"SYN002359","SYNTHETIC","CHENNAI_ONE_STYLE","2026-09-26","21083","104 R","19336","Regular","2026-09-26_19336","afternoon","2026-09-26T13:55:00","9374","Porur Toll Plaza","3","7307","Shanmugapuram","17","2026-09-26T14:09:00","2026-09-26T14:42:00","1","60","ALL_TICKETS_USED","AT_TICKET_DESTINATION"
"SYN002360","SYNTHETIC","ETM_STYLE","2026-09-26","21083","104 R","19336","Regular","2026-09-26_19336","afternoon","2026-09-26T14:27:00","5730","Dunlop","7","5731","Ambattur Canara Bank","8","2026-09-26T14:27:00","2026-09-26T14:28:00","1","60","ALL_TICKETS_USED","AT_TICKET_DESTINATION"
"SYN002361","SYNTHETIC","CHENNAI_ONE_STYLE","2026-09-26","21083","104 R","19336","Regular","2026-09-26_19336","afternoon","2026-09-26T14:22:00","10429","Ambattur O.T Bus Stand","10","5578","Redhills Bus Terminus","30","2026-09-26T14:32:00","2026-09-26T14:57:00","1","60","ALL_TICKETS_USED","AT_TICKET_DESTINATION"
"SYN002362","SYNTHETIC","ETM_STYLE","2026-09-26","21083","104 R","19336","Regular","2026-09-26_19336","afternoon","2026-09-26T14:40:00","7203","Kallikuppam","16","7307","Shanmugapuram","17","2026-09-26T14:40:00","2026-09-26T14:42:00","2","60","ALL_TICKETS_USED","AT_TICKET_DESTINATION"
"SYN002363","SYNTHETIC","ETM_STYLE","2026-09-26","21083","104 R","19336","Regular","2026-09-26_19336","afternoon","2026-09-26T14:47:00","7452","Omayal Achi College","22","7681","Redhills Market","29","2026-09-26T14:47:00","2026-09-26T14:56:00","2","60","ALL_TICKETS_USED","AT_TICKET_DESTINATION"
"SYN002364","SYNTHETIC","ETM_STYLE","2026-09-26","21083","104 R","19338","Regular","2026-09-26_19338","evening","2026-09-26T18:37:00","5730","Dunlop","7","7547","Kavangarai","25","2026-09-26T18:37:00","2026-09-26T19:00:00","1","60","ALL_TICKETS_USED","AT_TICKET_DESTINATION"
"SYN002365","SYNTHETIC","ETM_STYLE","2026-09-26","21083","104 R","19338","Regular","2026-09-26_19338","evening","2026-09-26T18:31:00","10351","Ambattur I.T Park","4","7585","Thandal Kazhani","26","2026-09-26T18:31:00","2026-09-26T19:02:00","1","60","ALL_TICKETS_USED","AT_TICKET_DESTINATION"
"SYN002366","SYNTHETIC","ETM_STYLE","2026-09-26","21083","104 R","19338","Regular","2026-09-26_19338","evening","2026-09-26T18:37:00","5730","Dunlop","7","7452","Omayal Achi College","22","2026-09-26T18:37:00","2026-09-26T18:57:00","1","60","ALL_TICKETS_USED","AT_TICKET_DESTINATION"
"SYN002367","SYNTHETIC","CHENNAI_ONE_STYLE","2026-09-26","21083","104 R","19338","Regular","2026-09-26_19338","evening","2026-09-26T18:20:00","9920","Ambattur Industrial Estate","5","7467","Screw Factory","23","2026-09-26T18:32:00","2026-09-26T18:58:00","3","60","ALL_TICKETS_USED","AT_TICKET_DESTINATION"
"SYN002368","SYNTHETIC","CHENNAI_ONE_STYLE","2026-09-26","21083","104 R","19338","Regular","2026-09-26_19338","evening","2026-09-26T17:42:00","6693","Tambaram West Bus Stand","1","7651","Ayurveda Ashramam","28","2026-09-26T17:55:00","2026-09-26T19:05:00","2","60","ALL_TICKETS_USED","AT_TICKET_DESTINATION"
"SYN002369","SYNTHETIC","ETM_STYLE","2026-09-26","21083","104 R","19338","Regular","2026-09-26_19338","evening","2026-09-26T18:36:00","6794","Ti Miller","6","7585","Thandal Kazhani","26","2026-09-26T18:36:00","2026-09-26T19:02:00","2","60","ALL_TICKETS_USED","AT_TICKET_DESTINATION"
"SYN002370","SYNTHETIC","ETM_STYLE","2026-09-26","21083","104 R","19338","Regular","2026-09-26_19338","evening","2026-09-26T18:36:00","6794","Ti Miller","6","7427","Chocolate Company","21","2026-09-26T18:36:00","2026-09-26T18:56:00","1","60","ALL_TICKETS_USED","AT_TICKET_DESTINATION"
"SYN002371","SYNTHETIC","CHENNAI_ONE_STYLE","2026-09-26","21083","104 R","19338","Regular","2026-09-26_19338","evening","2026-09-26T18:37:00","5730","Dunlop","7","7509","Puzhal Jail","24","2026-09-26T18:37:00","2026-09-26T18:59:00","1","60","ALL_TICKETS_USED","AT_TICKET_DESTINATION"
"SYN002372","SYNTHETIC","ETM_STYLE","2026-09-26","21083","104 R","19338","Regular","2026-09-26_19338","evening","2026-09-26T18:01:00","6594","Irumbuliyur","2","5578","Redhills Bus Terminus","30","2026-09-26T18:01:00","2026-09-26T19:07:00","3","60","ALL_TICKETS_USED","AT_TICKET_DESTINATION"
"SYN002373","SYNTHETIC","ETM_STYLE","2026-09-26","21083","104 R","19338","Regular","2026-09-26_19338","evening","2026-09-26T18:31:00","10351","Ambattur I.T Park","4","7681","Redhills Market","29","2026-09-26T18:31:00","2026-09-26T19:06:00","3","60","ALL_TICKETS_USED","AT_TICKET_DESTINATION"
"SYN002374","SYNTHETIC","ETM_STYLE","2026-09-26","21083","104 R","19338","Regular","2026-09-26_19338","evening","2026-09-26T18:36:00","6794","Ti Miller","6","7585","Thandal Kazhani","26","2026-09-26T18:36:00","2026-09-26T19:02:00","1","60","ALL_TICKETS_USED","AT_TICKET_DESTINATION"
"SYN002375","SYNTHETIC","ETM_STYLE","2026-09-26","21083","104 R","19338","Regular","2026-09-26_19338","evening","2026-09-26T18:19:00","9374","Porur Toll Plaza","3","7681","Redhills Market","29","2026-09-26T18:19:00","2026-09-26T19:06:00","1","60","ALL_TICKETS_USED","AT_TICKET_DESTINATION"
"SYN002376","SYNTHETIC","ETM_STYLE","2026-09-26","21083","104 R","19338","Regular","2026-09-26_19338","evening","2026-09-26T18:19:00","9374","Porur Toll Plaza","3","7651","Ayurveda Ashramam","28","2026-09-26T18:19:00","2026-09-26T19:05:00","1","60","ALL_TICKETS_USED","AT_TICKET_DESTINATION"
"SYN002377","SYNTHETIC","CHENNAI_ONE_STYLE","2026-09-26","21083","104 R","19338","Regular","2026-09-26_19338","evening","2026-09-26T18:30:00","6932","Uzhavar Santhai","9","7599","Sri Nallaghu Polytechnic College","27","2026-09-26T18:40:00","2026-09-26T19:03:00","2","60","ALL_TICKETS_USED","AT_TICKET_DESTINATION"
"SYN002378","SYNTHETIC","ETM_STYLE","2026-09-26","21083","104 R","19338","Regular","2026-09-26_19338","evening","2026-09-26T18:32:00","9920","Ambattur Industrial Estate","5","7452","Omayal Achi College","22","2026-09-26T18:32:00","2026-09-26T18:57:00","2","60","ALL_TICKETS_USED","AT_TICKET_DESTINATION"
"SYN002379","SYNTHETIC","CHENNAI_ONE_STYLE","2026-09-26","21083","104 R","19338","Regular","2026-09-26_19338","evening","2026-09-26T18:16:00","10351","Ambattur I.T Park","4","7585","Thandal Kazhani","26","2026-09-26T18:31:00","2026-09-26T19:02:00","2","60","ALL_TICKETS_USED","AT_TICKET_DESTINATION"
"SYN002380","SYNTHETIC","CHENNAI_ONE_STYLE","2026-09-26","21083","104 R","19338","Regular","2026-09-26_19338","evening","2026-09-26T18:29:00","10429","Ambattur O.T Bus Stand","10","7509","Puzhal Jail","24","2026-09-26T18:42:00","2026-09-26T18:59:00","1","60","ALL_TICKETS_USED","AT_TICKET_DESTINATION"
"SYN002381","SYNTHETIC","ETM_STYLE","2026-09-26","21083","104 R","19338","Regular","2026-09-26_19338","evening","2026-09-26T18:19:00","9374","Porur Toll Plaza","3","5578","Redhills Bus Terminus","30","2026-09-26T18:19:00","2026-09-26T19:07:00","1","60","ALL_TICKETS_USED","AT_TICKET_DESTINATION"
"SYN002382","SYNTHETIC","CHENNAI_ONE_STYLE","2026-09-26","21083","104 R","19338","Regular","2026-09-26_19338","evening","2026-09-26T17:46:00","6693","Tambaram West Bus Stand","1","7427","Chocolate Company","21","2026-09-26T17:55:00","2026-09-26T18:56:00","3","60","ALL_TICKETS_USED","AT_TICKET_DESTINATION"
"SYN002383","SYNTHETIC","ETM_STYLE","2026-09-26","21083","104 R","19338","Regular","2026-09-26_19338","evening","2026-09-26T17:55:00","6693","Tambaram West Bus Stand","1","7599","Sri Nallaghu Polytechnic College","27","2026-09-26T17:55:00","2026-09-26T19:03:00","1","60","ALL_TICKETS_USED","AT_TICKET_DESTINATION"
"SYN002384","SYNTHETIC","ETM_STYLE","2026-09-26","21083","104 R","19338","Regular","2026-09-26_19338","evening","2026-09-26T18:01:00","6594","Irumbuliyur","2","7681","Redhills Market","29","2026-09-26T18:01:00","2026-09-26T19:06:00","1","60","ALL_TICKETS_USED","AT_TICKET_DESTINATION"
"SYN002385","SYNTHETIC","ETM_STYLE","2026-09-26","21083","104 R","19338","Regular","2026-09-26_19338","evening","2026-09-26T18:40:00","6932","Uzhavar Santhai","9","5578","Redhills Bus Terminus","30","2026-09-26T18:40:00","2026-09-26T19:07:00","3","60","ALL_TICKETS_USED","AT_TICKET_DESTINATION"
"SYN002386","SYNTHETIC","CHENNAI_ONE_STYLE","2026-09-26","21083","104 R","19338","Regular","2026-09-26_19338","evening","2026-09-26T18:34:00","6794","Ti Miller","6","7452","Omayal Achi College","22","2026-09-26T18:36:00","2026-09-26T18:57:00","3","60","ALL_TICKETS_USED","AT_TICKET_DESTINATION"
"SYN002387","SYNTHETIC","CHENNAI_ONE_STYLE","2026-09-26","21083","104 R","19338","Regular","2026-09-26_19338","evening","2026-09-26T18:31:00","6794","Ti Miller","6","7452","Omayal Achi College","22","2026-09-26T18:36:00","2026-09-26T18:57:00","3","60","ALL_TICKETS_USED","AT_TICKET_DESTINATION"
"SYN002388","SYNTHETIC","CHENNAI_ONE_STYLE","2026-09-26","21083","104 R","19338","Regular","2026-09-26_19338","evening","2026-09-26T18:25:00","6932","Uzhavar Santhai","9","7452","Omayal Achi College","22","2026-09-26T18:40:00","2026-09-26T18:57:00","2","60","ALL_TICKETS_USED","AT_TICKET_DESTINATION"
"SYN002389","SYNTHETIC","ETM_STYLE","2026-09-26","21083","104 R","19338","Regular","2026-09-26_19338","evening","2026-09-26T18:37:00","5730","Dunlop","7","7547","Kavangarai","25","2026-09-26T18:37:00","2026-09-26T19:00:00","2","60","ALL_TICKETS_USED","AT_TICKET_DESTINATION"
"SYN002390","SYNTHETIC","CHENNAI_ONE_STYLE","2026-09-26","21083","104 R","19338","Regular","2026-09-26_19338","evening","2026-09-26T18:22:00","6794","Ti Miller","6","5578","Redhills Bus Terminus","30","2026-09-26T18:36:00","2026-09-26T19:07:00","3","60","ALL_TICKETS_USED","AT_TICKET_DESTINATION"
"SYN002391","SYNTHETIC","CHENNAI_ONE_STYLE","2026-09-26","21083","104 R","19338","Regular","2026-09-26_19338","evening","2026-09-26T18:24:00","10351","Ambattur I.T Park","4","7599","Sri Nallaghu Polytechnic College","27","2026-09-26T18:31:00","2026-09-26T19:03:00","3","60","ALL_TICKETS_USED","AT_TICKET_DESTINATION"
"SYN002392","SYNTHETIC","ETM_STYLE","2026-09-26","21083","104 R","19338","Regular","2026-09-26_19338","evening","2026-09-26T18:40:00","6932","Uzhavar Santhai","9","7651","Ayurveda Ashramam","28","2026-09-26T18:40:00","2026-09-26T19:05:00","2","60","ALL_TICKETS_USED","AT_TICKET_DESTINATION"
"SYN002393","SYNTHETIC","ETM_STYLE","2026-09-26","21083","104 R","19338","Regular","2026-09-26_19338","evening","2026-09-26T18:32:00","9920","Ambattur Industrial Estate","5","7427","Chocolate Company","21","2026-09-26T18:32:00","2026-09-26T18:56:00","1","60","ALL_TICKETS_USED","AT_TICKET_DESTINATION"
"SYN002394","SYNTHETIC","ETM_STYLE","2026-09-26","21083","104 R","22233","Regular","2026-09-26_22233","night","2026-09-26T21:02:00","7307","Shanmugapuram","17","7651","Ayurveda Ashramam","28","2026-09-26T21:02:00","2026-09-26T21:15:00","1","60","ALL_TICKETS_USED","AT_TICKET_DESTINATION"
"SYN002395","SYNTHETIC","CHENNAI_ONE_STYLE","2026-09-26","21083","104 R","22233","Regular","2026-09-26_22233","night","2026-09-26T20:24:00","9374","Porur Toll Plaza","3","7057","Raaki Theatre","11","2026-09-26T20:29:00","2026-09-26T20:54:00","1","60","ALL_TICKETS_USED","AT_TICKET_DESTINATION"
"SYN002396","SYNTHETIC","CHENNAI_ONE_STYLE","2026-09-26","21083","104 R","22233","Regular","2026-09-26_22233","night","2026-09-26T20:55:00","7452","Omayal Achi College","22","7467","Screw Factory","23","2026-09-26T21:07:00","2026-09-26T21:08:00","2","60","ALL_TICKETS_USED","AT_TICKET_DESTINATION"
"SYN002397","SYNTHETIC","ETM_STYLE","2026-09-26","21083","104 R","22233","Regular","2026-09-26_22233","night","2026-09-26T21:06:00","7427","Chocolate Company","21","7681","Redhills Market","29","2026-09-26T21:06:00","2026-09-26T21:16:00","2","60","ALL_TICKETS_USED","AT_TICKET_DESTINATION"
"SYN002398","SYNTHETIC","ETM_STYLE","2026-09-26","21083","104 R","22233","Regular","2026-09-26_22233","night","2026-09-26T20:57:00","7186","Pudur","13","7203","Kallikuppam","16","2026-09-26T20:57:00","2026-09-26T21:00:00","1","60","ALL_TICKETS_USED","AT_TICKET_DESTINATION"
"SYN002399","SYNTHETIC","ETM_STYLE","2026-09-26","21083","104 R","22233","Regular","2026-09-26_22233","night","2026-09-26T21:09:00","7509","Puzhal Jail","24","5578","Redhills Bus Terminus","30","2026-09-26T21:09:00","2026-09-26T21:17:00","1","60","ALL_TICKETS_USED","AT_TICKET_DESTINATION"
"SYN002400","SYNTHETIC","ETM_STYLE","2026-09-26","21083","104 R","22233","Regular","2026-09-26_22233","night","2026-09-26T21:09:00","7509","Puzhal Jail","24","5578","Redhills Bus Terminus","30","2026-09-26T21:09:00","2026-09-26T21:17:00","1","60","ALL_TICKETS_USED","AT_TICKET_DESTINATION"
"SYN002401","SYNTHETIC","ETM_STYLE","2026-09-26","21083","104 R","22233","Regular","2026-09-26_22233","night","2026-09-26T21:02:00","7307","Shanmugapuram","17","7452","Omayal Achi College","22","2026-09-26T21:02:00","2026-09-26T21:07:00","1","60","ALL_TICKETS_USED","AT_TICKET_DESTINATION"
"SYN002402","SYNTHETIC","ETM_STYLE","2026-09-26","21083","104 R","22233","Regular","2026-09-26_22233","night","2026-09-26T21:15:00","7651","Ayurveda Ashramam","28","5578","Redhills Bus Terminus","30","2026-09-26T21:15:00","2026-09-26T21:17:00","1","60","ALL_TICKETS_USED","AT_TICKET_DESTINATION"
"SYN002403","SYNTHETIC","CHENNAI_ONE_STYLE","2026-09-26","21083","104 R","22233","Regular","2026-09-26_22233","night","2026-09-26T20:03:00","6693","Tambaram West Bus Stand","1","7186","Pudur","13","2026-09-26T20:05:00","2026-09-26T20:57:00","1","60","ALL_TICKETS_USED","AT_TICKET_DESTINATION"
"SYN002404","SYNTHETIC","ETM_STYLE","2026-09-26","21083","104 R","22233","Regular","2026-09-26_22233","night","2026-09-26T21:13:00","7599","Sri Nallaghu Polytechnic College","27","5578","Redhills Bus Terminus","30","2026-09-26T21:13:00","2026-09-26T21:17:00","1","60","ALL_TICKETS_USED","AT_TICKET_DESTINATION"
"SYN002405","SYNTHETIC","ETM_STYLE","2026-09-26","21083","104 R","22233","Regular","2026-09-26_22233","night","2026-09-26T21:12:00","7585","Thandal Kazhani","26","7651","Ayurveda Ashramam","28","2026-09-26T21:12:00","2026-09-26T21:15:00","3","60","ALL_TICKETS_USED","AT_TICKET_DESTINATION"
"SYN002406","SYNTHETIC","ETM_STYLE","2026-09-26","16821","105","14448","Regular","2026-09-26_14448","morning","2026-09-26T08:16:00","6224","Sipcot Industrial Park","2","6608","Vengaivasal Road Junction","32","2026-09-26T08:16:00","2026-09-26T09:00:00","2","60","ALL_TICKETS_USED","AT_TICKET_DESTINATION"
"SYN002407","SYNTHETIC","CHENNAI_ONE_STYLE","2026-09-26","16821","105","14448","Regular","2026-09-26_14448","morning","2026-09-26T08:07:00","6224","Sipcot Industrial Park","2","6608","Vengaivasal Road Junction","32","2026-09-26T08:16:00","2026-09-26T09:00:00","1","60","ALL_TICKETS_USED","AT_TICKET_DESTINATION"
"SYN002408","SYNTHETIC","ETM_STYLE","2026-09-26","16821","105","14448","Regular","2026-09-26_14448","morning","2026-09-26T08:17:00","6240","Tcs Gate 1","3","6658","Tambaram Railway Station East","43","2026-09-26T08:17:00","2026-09-26T09:13:00","2","60","ALL_TICKETS_USED","AT_TICKET_DESTINATION"
"SYN002409","SYNTHETIC","ETM_STYLE","2026-09-26","16821","105","14448","Regular","2026-09-26_14448","morning","2026-09-26T08:29:00","6332","Karanai Colony","11","6644","Mahalakshmi Nagar","38","2026-09-26T08:29:00","2026-09-26T09:07:00","1","60","ALL_TICKETS_USED","AT_TICKET_DESTINATION"
"SYN002410","SYNTHETIC","ETM_STYLE","2026-09-26","16821","105","14448","Regular","2026-09-26_14448","morning","2026-09-26T08:19:00","9967","It Park Siruseri Or Muttukadu","4","6651","East Tambaram Convent","41","2026-09-26T08:19:00","2026-09-26T09:11:00","1","60","ALL_TICKETS_USED","AT_TICKET_DESTINATION"
"SYN002411","SYNTHETIC","CHENNAI_ONE_STYLE","2026-09-26","16821","105","14448","Regular","2026-09-26_14448","morning","2026-09-26T08:07:00","9960","Siruseri It Park","1","6643","Selaiyur","39","2026-09-26T08:15:00","2026-09-26T09:09:00","2","60","ALL_TICKETS_USED","AT_TICKET_DESTINATION"
"SYN002412","SYNTHETIC","ETM_STYLE","2026-09-26","16821","105","14448","Regular","2026-09-26_14448","morning","2026-09-26T08:20:00","6272","Egattur","5","6608","Vengaivasal Road Junction","32","2026-09-26T08:20:00","2026-09-26T09:00:00","1","60","ALL_TICKETS_USED","AT_TICKET_DESTINATION"
"SYN002413","SYNTHETIC","CHENNAI_ONE_STYLE","2026-09-26","16821","105","14448","Regular","2026-09-26_14448","morning","2026-09-26T08:26:00","6363","Ottiyambakkam","13","6651","East Tambaram Convent","41","2026-09-26T08:33:00","2026-09-26T09:11:00","1","60","ALL_TICKETS_USED","AT_TICKET_DESTINATION"
"SYN002414","SYNTHETIC","CHENNAI_ONE_STYLE","2026-09-26","16821","105","14448","Regular","2026-09-26_14448","morning","2026-09-26T08:25:00","6332","Karanai Colony","11","6693","Tambaram West Bus Stand","45","2026-09-26T08:29:00","2026-09-26T09:16:00","2","60","ALL_TICKETS_USED","AT_TICKET_DESTINATION"
"SYN002415","SYNTHETIC","CHENNAI_ONE_STYLE","2026-09-26","16821","105","14448","Regular","2026-09-26_14448","morning","2026-09-26T08:21:00","6305","Trisakthi Kovil","8","6666","Kamarajapuram","37","2026-09-26T08:26:00","2026-09-26T09:05:00","3","60","ALL_TICKETS_USED","AT_TICKET_DESTINATION"
"SYN002416","SYNTHETIC","ETM_STYLE","2026-09-26","16821","105","14448","Regular","2026-09-26_14448","morning","2026-09-26T08:17:00","6240","Tcs Gate 1","3","6693","Tambaram West Bus Stand","45","2026-09-26T08:17:00","2026-09-26T09:16:00","2","60","ALL_TICKETS_USED","AT_TICKET_DESTINATION"
"SYN002417","SYNTHETIC","ETM_STYLE","2026-09-26","16821","105","14448","Regular","2026-09-26_14448","morning","2026-09-26T08:31:00","6351","Karanai","12","6662","Tambaram East Bus Stop","44","2026-09-26T08:31:00","2026-09-26T09:14:00","1","60","ALL_TICKETS_USED","AT_TICKET_DESTINATION"
"SYN002418","SYNTHETIC","ETM_STYLE","2026-09-26","16821","105","14448","Regular","2026-09-26_14448","morning","2026-09-26T08:33:00","6363","Ottiyambakkam","13","10049","S.I.V.E.T","34","2026-09-26T08:33:00","2026-09-26T09:02:00","1","60","ALL_TICKETS_USED","AT_TICKET_DESTINATION"
"SYN002419","SYNTHETIC","ETM_STYLE","2026-09-26","16821","105","14448","Regular","2026-09-26_14448","morning","2026-09-26T08:26:00","6305","Trisakthi Kovil","8","6666","Kamarajapuram","37","2026-09-26T08:26:00","2026-09-26T09:05:00","2","60","ALL_TICKETS_USED","AT_TICKET_DESTINATION"
"SYN002420","SYNTHETIC","CHENNAI_ONE_STYLE","2026-09-26","16821","105","14448","Regular","2026-09-26_14448","morning","2026-09-26T08:21:00","6389","Tellus Avenue","14","6608","Vengaivasal Road Junction","32","2026-09-26T08:35:00","2026-09-26T09:00:00","1","60","ALL_TICKETS_USED","AT_TICKET_DESTINATION"
"SYN002421","SYNTHETIC","ETM_STYLE","2026-09-26","16821","105","14448","Regular","2026-09-26_14448","morning","2026-09-26T08:29:00","6332","Karanai Colony","11","6625","Santhosapuram","33","2026-09-26T08:29:00","2026-09-26T09:01:00","1","60","ALL_TICKETS_USED","AT_TICKET_DESTINATION"
"SYN002422","SYNTHETIC","ETM_STYLE","2026-09-26","16821","105","14448","Regular","2026-09-26_14448","morning","2026-09-26T08:33:00","6363","Ottiyambakkam","13","6656","Poondi Bazaar","42","2026-09-26T08:33:00","2026-09-26T09:12:00","2","60","ALL_TICKETS_USED","AT_TICKET_DESTINATION"
"SYN002423","SYNTHETIC","ETM_STYLE","2026-09-26","16821","105","14448","Regular","2026-09-26_14448","morning","2026-09-26T08:28:00","6303","Thalambur","10","6638","Prince College","35","2026-09-26T08:28:00","2026-09-26T09:03:00","2","60","ALL_TICKETS_USED","AT_TICKET_DESTINATION"
"SYN002424","SYNTHETIC","CHENNAI_ONE_STYLE","2026-09-26","16821","105","14448","Regular","2026-09-26_14448","morning","2026-09-26T08:20:00","6351","Karanai","12","6608","Vengaivasal Road Junction","32","2026-09-26T08:31:00","2026-09-26T09:00:00","2","60","ALL_TICKETS_USED","AT_TICKET_DESTINATION"
"SYN002425","SYNTHETIC","CHENNAI_ONE_STYLE","2026-09-26","16821","105","14448","Regular","2026-09-26_14448","morning","2026-09-26T08:16:00","6309","Thalambur Road Junction","9","10049","S.I.V.E.T","34","2026-09-26T08:27:00","2026-09-26T09:02:00","1","60","ALL_TICKETS_USED","AT_TICKET_DESTINATION"
"SYN002426","SYNTHETIC","CHENNAI_ONE_STYLE","2026-09-26","16821","105","14448","Regular","2026-09-26_14448","morning","2026-09-26T08:16:00","6332","Karanai Colony","11","6644","Mahalakshmi Nagar","38","2026-09-26T08:29:00","2026-09-26T09:07:00","2","60","ALL_TICKETS_USED","AT_TICKET_DESTINATION"
"SYN002427","SYNTHETIC","ETM_STYLE","2026-09-26","16821","105","14448","Regular","2026-09-26_14448","morning","2026-09-26T08:16:00","6224","Sipcot Industrial Park","2","6662","Tambaram East Bus Stop","44","2026-09-26T08:16:00","2026-09-26T09:14:00","2","60","ALL_TICKETS_USED","AT_TICKET_DESTINATION"
"SYN002428","SYNTHETIC","CHENNAI_ONE_STYLE","2026-09-26","16821","105","14448","Regular","2026-09-26_14448","morning","2026-09-26T08:13:00","6240","Tcs Gate 1","3","6638","Prince College","35","2026-09-26T08:17:00","2026-09-26T09:03:00","1","60","ALL_TICKETS_USED","AT_TICKET_DESTINATION"
"SYN002429","SYNTHETIC","ETM_STYLE","2026-09-26","16821","105","14448","Regular","2026-09-26_14448","morning","2026-09-26T08:19:00","9967","It Park Siruseri Or Muttukadu","4","6644","Mahalakshmi Nagar","38","2026-09-26T08:19:00","2026-09-26T09:07:00","1","60","ALL_TICKETS_USED","AT_TICKET_DESTINATION"
"SYN002430","SYNTHETIC","CHENNAI_ONE_STYLE","2026-09-26","16821","105","14448","Regular","2026-09-26_14448","morning","2026-09-26T08:16:00","6303","Thalambur","10","6647","Aathi Nagar","40","2026-09-26T08:28:00","2026-09-26T09:10:00","1","60","ALL_TICKETS_USED","AT_TICKET_DESTINATION"
"SYN002431","SYNTHETIC","ETM_STYLE","2026-09-26","16821","105","14448","Regular","2026-09-26_14448","morning","2026-09-26T08:29:00","6332","Karanai Colony","11","6638","Prince College","35","2026-09-26T08:29:00","2026-09-26T09:03:00","1","60","ALL_TICKETS_USED","AT_TICKET_DESTINATION"
"SYN002432","SYNTHETIC","ETM_STYLE","2026-09-26","16821","105","14448","Regular","2026-09-26_14448","morning","2026-09-26T08:28:00","6303","Thalambur","10","6644","Mahalakshmi Nagar","38","2026-09-26T08:28:00","2026-09-26T09:07:00","1","60","ALL_TICKETS_USED","AT_TICKET_DESTINATION"
"SYN002433","SYNTHETIC","CHENNAI_ONE_STYLE","2026-09-26","16821","105","14448","Regular","2026-09-26_14448","morning","2026-09-26T08:19:00","6307","Kakkan Nagar","7","6666","Kamarajapuram","37","2026-09-26T08:25:00","2026-09-26T09:05:00","1","60","ALL_TICKETS_USED","AT_TICKET_DESTINATION"
"SYN002434","SYNTHETIC","ETM_STYLE","2026-09-26","16821","105","14448","Regular","2026-09-26_14448","morning","2026-09-26T08:16:00","6224","Sipcot Industrial Park","2","6658","Tambaram Railway Station East","43","2026-09-26T08:16:00","2026-09-26T09:13:00","2","60","ALL_TICKETS_USED","AT_TICKET_DESTINATION"
"SYN002435","SYNTHETIC","ETM_STYLE","2026-09-26","16821","105","14448","Regular","2026-09-26_14448","morning","2026-09-26T08:26:00","6305","Trisakthi Kovil","8","6608","Vengaivasal Road Junction","32","2026-09-26T08:26:00","2026-09-26T09:00:00","1","60","ALL_TICKETS_USED","AT_TICKET_DESTINATION"
"SYN002436","SYNTHETIC","ETM_STYLE","2026-09-26","16821","105","14452","Regular","2026-09-26_14452","afternoon","2026-09-26T14:01:00","6351","Karanai","12","6644","Mahalakshmi Nagar","38","2026-09-26T14:01:00","2026-09-26T14:37:00","1","60","ALL_TICKETS_USED","AT_TICKET_DESTINATION"
"SYN002437","SYNTHETIC","ETM_STYLE","2026-09-26","16821","105","14452","Regular","2026-09-26_14452","afternoon","2026-09-26T14:08:00","6450","Sithalapakkam Mani Kadai","17","6623","Medavakkam","30","2026-09-26T14:08:00","2026-09-26T14:28:00","2","60","ALL_TICKETS_USED","AT_TICKET_DESTINATION"
"SYN002438","SYNTHETIC","ETM_STYLE","2026-09-26","16821","105","14452","Regular","2026-09-26_14452","afternoon","2026-09-26T14:06:00","6408","Ramakrishna Nagar","15","6666","Kamarajapuram","37","2026-09-26T14:06:00","2026-09-26T14:35:00","1","60","ALL_TICKETS_USED","AT_TICKET_DESTINATION"
"SYN002439","SYNTHETIC","CHENNAI_ONE_STYLE","2026-09-26","16821","105","14452","Regular","2026-09-26_14452","afternoon","2026-09-26T14:04:00","6511","Chitlapakkam Koot Road","22","6643","Selaiyur","39","2026-09-26T14:13:00","2026-09-26T14:39:00","2","60","ALL_TICKETS_USED","AT_TICKET_DESTINATION"
"SYN002440","SYNTHETIC","CHENNAI_ONE_STYLE","2026-09-26","16821","105","14452","Regular","2026-09-26_14452","afternoon","2026-09-26T13:42:00","6309","Thalambur Road Junction","9","6479","Jaya Nagar","20","2026-09-26T13:57:00","2026-09-26T14:11:00","1","60","ALL_TICKETS_USED","AT_TICKET_DESTINATION"
"SYN002441","SYNTHETIC","ETM_STYLE","2026-09-26","16821","105","14452","Regular","2026-09-26_14452","afternoon","2026-09-26T13:59:00","6332","Karanai Colony","11","6644","Mahalakshmi Nagar","38","2026-09-26T13:59:00","2026-09-26T14:37:00","1","60","ALL_TICKETS_USED","AT_TICKET_DESTINATION"
"SYN002442","SYNTHETIC","ETM_STYLE","2026-09-26","16821","105","14452","Regular","2026-09-26_14452","afternoon","2026-09-26T13:49:00","9967","It Park Siruseri Or Muttukadu","4","6272","Egattur","5","2026-09-26T13:49:00","2026-09-26T13:50:00","1","60","ALL_TICKETS_USED","AT_TICKET_DESTINATION"
"SYN002443","SYNTHETIC","CHENNAI_ONE_STYLE","2026-09-26","16821","105","14452","Regular","2026-09-26_14452","afternoon","2026-09-26T14:03:00","6457","Indira Nagar Chithalapakkam","18","6556","Veerabadra Nagar","25","2026-09-26T14:09:00","2026-09-26T14:16:00","1","60","ALL_TICKETS_USED","AT_TICKET_DESTINATION"
"SYN002444","SYNTHETIC","ETM_STYLE","2026-09-26","16821","105","14452","Regular","2026-09-26_14452","afternoon","2026-09-26T14:07:00","6421","Arasankazhani","16","6457","Indira Nagar Chithalapakkam","18","2026-09-26T14:07:00","2026-09-26T14:09:00","2","60","ALL_TICKETS_USED","AT_TICKET_DESTINATION"
"SYN002445","SYNTHETIC","ETM_STYLE","2026-09-26","16821","105","14452","Regular","2026-09-26_14452","afternoon","2026-09-26T14:13:00","6511","Chitlapakkam Koot Road","22","6656","Poondi Bazaar","42","2026-09-26T14:13:00","2026-09-26T14:42:00","1","60","ALL_TICKETS_USED","AT_TICKET_DESTINATION"
"SYN002446","SYNTHETIC","ETM_STYLE","2026-09-26","16821","105","14452","Regular","2026-09-26_14452","afternoon","2026-09-26T14:37:00","6644","Mahalakshmi Nagar","38","6643","Selaiyur","39","2026-09-26T14:37:00","2026-09-26T14:39:00","1","60","ALL_TICKETS_USED","AT_TICKET_DESTINATION"
"SYN002447","SYNTHETIC","ETM_STYLE","2026-09-26","16821","105","14452","Regular","2026-09-26_14452","afternoon","2026-09-26T14:18:00","6575","Babu Nagar Medavakkam","27","6644","Mahalakshmi Nagar","38","2026-09-26T14:18:00","2026-09-26T14:37:00","1","60","ALL_TICKETS_USED","AT_TICKET_DESTINATION"
"SYN002448","SYNTHETIC","ETM_STYLE","2026-09-26","16821","105","14452","Regular","2026-09-26_14452","afternoon","2026-09-26T14:27:00","6631","Medavakkam Koot Road","29","6614","Vijaya Nagaram","31","2026-09-26T14:27:00","2026-09-26T14:29:00","1","60","ALL_TICKETS_USED","AT_TICKET_DESTINATION"
"SYN002449","SYNTHETIC","CHENNAI_ONE_STYLE","2026-09-26","16821","105","14456","Regular","2026-09-26_14456","evening","2026-09-26T19:24:00","6307","Kakkan Nagar","7","6644","Mahalakshmi Nagar","38","2026-09-26T19:30:00","2026-09-26T20:12:00","2","60","ALL_TICKETS_USED","AT_TICKET_DESTINATION"
"SYN002450","SYNTHETIC","ETM_STYLE","2026-09-26","16821","105","14456","Regular","2026-09-26_14456","evening","2026-09-26T19:36:00","6351","Karanai","12","6647","Aathi Nagar","40","2026-09-26T19:36:00","2026-09-26T20:15:00","2","60","ALL_TICKETS_USED","AT_TICKET_DESTINATION"
"SYN002451","SYNTHETIC","ETM_STYLE","2026-09-26","16821","105","14456","Regular","2026-09-26_14456","evening","2026-09-26T19:41:00","6408","Ramakrishna Nagar","15","6693","Tambaram West Bus Stand","45","2026-09-26T19:41:00","2026-09-26T20:21:00","1","60","ALL_TICKETS_USED","AT_TICKET_DESTINATION"
"SYN002452","SYNTHETIC","ETM_STYLE","2026-09-26","16821","105","14456","Regular","2026-09-26_14456","evening","2026-09-26T19:31:00","6305","Trisakthi Kovil","8","6651","East Tambaram Convent","41","2026-09-26T19:31:00","2026-09-26T20:16:00","1","60","ALL_TICKETS_USED","AT_TICKET_DESTINATION"
"SYN002453","SYNTHETIC","ETM_STYLE","2026-09-26","16821","105","14456","Regular","2026-09-26_14456","evening","2026-09-26T19:33:00","6303","Thalambur","10","6644","Mahalakshmi Nagar","38","2026-09-26T19:33:00","2026-09-26T20:12:00","3","60","ALL_TICKETS_USED","AT_TICKET_DESTINATION"
"SYN002454","SYNTHETIC","ETM_STYLE","2026-09-26","16821","105","14456","Regular","2026-09-26_14456","evening","2026-09-26T19:20:00","9960","Siruseri It Park","1","6658","Tambaram Railway Station East","43","2026-09-26T19:20:00","2026-09-26T20:18:00","1","60","ALL_TICKETS_USED","AT_TICKET_DESTINATION"
"SYN002455","SYNTHETIC","CHENNAI_ONE_STYLE","2026-09-26","16821","105","14456","Regular","2026-09-26_14456","evening","2026-09-26T19:24:00","6351","Karanai","12","6644","Mahalakshmi Nagar","38","2026-09-26T19:36:00","2026-09-26T20:12:00","1","60","ALL_TICKETS_USED","AT_TICKET_DESTINATION"
"SYN002456","SYNTHETIC","ETM_STYLE","2026-09-26","16821","105","14456","Regular","2026-09-26_14456","evening","2026-09-26T19:36:00","6351","Karanai","12","10049","S.I.V.E.T","34","2026-09-26T19:36:00","2026-09-26T20:07:00","1","60","ALL_TICKETS_USED","AT_TICKET_DESTINATION"
"SYN002457","SYNTHETIC","ETM_STYLE","2026-09-26","16821","105","14456","Regular","2026-09-26_14456","evening","2026-09-26T19:41:00","6408","Ramakrishna Nagar","15","6662","Tambaram East Bus Stop","44","2026-09-26T19:41:00","2026-09-26T20:19:00","1","60","ALL_TICKETS_USED","AT_TICKET_DESTINATION"
"SYN002458","SYNTHETIC","ETM_STYLE","2026-09-26","16821","105","14456","Regular","2026-09-26_14456","evening","2026-09-26T19:38:00","6363","Ottiyambakkam","13","6656","Poondi Bazaar","42","2026-09-26T19:38:00","2026-09-26T20:17:00","1","60","ALL_TICKETS_USED","AT_TICKET_DESTINATION"
"SYN002459","SYNTHETIC","ETM_STYLE","2026-09-26","16821","105","14456","Regular","2026-09-26_14456","evening","2026-09-26T19:30:00","6307","Kakkan Nagar","7","6658","Tambaram Railway Station East","43","2026-09-26T19:30:00","2026-09-26T20:18:00","1","60","ALL_TICKETS_USED","AT_TICKET_DESTINATION"
"SYN002460","SYNTHETIC","ETM_STYLE","2026-09-26","16821","105","14456","Regular","2026-09-26_14456","evening","2026-09-26T19:33:00","6303","Thalambur","10","6651","East Tambaram Convent","41","2026-09-26T19:33:00","2026-09-26T20:16:00","1","60","ALL_TICKETS_USED","AT_TICKET_DESTINATION"
"SYN002461","SYNTHETIC","ETM_STYLE","2026-09-26","16821","105","14456","Regular","2026-09-26_14456","evening","2026-09-26T19:32:00","6309","Thalambur Road Junction","9","6625","Santhosapuram","33","2026-09-26T19:32:00","2026-09-26T20:06:00","2","60","ALL_TICKETS_USED","AT_TICKET_DESTINATION"
"SYN002462","SYNTHETIC","ETM_STYLE","2026-09-26","16821","105","14456","Regular","2026-09-26_14456","evening","2026-09-26T19:21:00","6224","Sipcot Industrial Park","2","6625","Santhosapuram","33","2026-09-26T19:21:00","2026-09-26T20:06:00","2","60","ALL_TICKETS_USED","AT_TICKET_DESTINATION"
"SYN002463","SYNTHETIC","CHENNAI_ONE_STYLE","2026-09-26","16821","105","14456","Regular","2026-09-26_14456","evening","2026-09-26T19:36:00","6351","Karanai","12","6638","Prince College","35","2026-09-26T19:36:00","2026-09-26T20:08:00","2","60","ALL_TICKETS_USED","AT_TICKET_DESTINATION"
"SYN002464","SYNTHETIC","CHENNAI_ONE_STYLE","2026-09-26","16821","105","14456","Regular","2026-09-26_14456","evening","2026-09-26T19:31:00","6305","Trisakthi Kovil","8","6625","Santhosapuram","33","2026-09-26T19:31:00","2026-09-26T20:06:00","2","60","ALL_TICKETS_USED","AT_TICKET_DESTINATION"
"SYN002465","SYNTHETIC","ETM_STYLE","2026-09-26","16821","105","14456","Regular","2026-09-26_14456","evening","2026-09-26T19:22:00","6240","Tcs Gate 1","3","6647","Aathi Nagar","40","2026-09-26T19:22:00","2026-09-26T20:15:00","2","60","ALL_TICKETS_USED","AT_TICKET_DESTINATION"
"SYN002466","SYNTHETIC","ETM_STYLE","2026-09-26","16821","105","14456","Regular","2026-09-26_14456","evening","2026-09-26T19:31:00","6305","Trisakthi Kovil","8","6614","Vijaya Nagaram","31","2026-09-26T19:31:00","2026-09-26T20:04:00","2","60","ALL_TICKETS_USED","AT_TICKET_DESTINATION"
"SYN002467","SYNTHETIC","ETM_STYLE","2026-09-26","16821","105","14456","Regular","2026-09-26_14456","evening","2026-09-26T19:40:00","6389","Tellus Avenue","14","6651","East Tambaram Convent","41","2026-09-26T19:40:00","2026-09-26T20:16:00","3","60","ALL_TICKETS_USED","AT_TICKET_DESTINATION"
"SYN002468","SYNTHETIC","ETM_STYLE","2026-09-26","16821","105","14456","Regular","2026-09-26_14456","evening","2026-09-26T19:38:00","6363","Ottiyambakkam","13","6638","Prince College","35","2026-09-26T19:38:00","2026-09-26T20:08:00","1","60","ALL_TICKETS_USED","AT_TICKET_DESTINATION"
"SYN002469","SYNTHETIC","CHENNAI_ONE_STYLE","2026-09-26","16821","105","14456","Regular","2026-09-26_14456","evening","2026-09-26T19:06:00","9960","Siruseri It Park","1","6651","East Tambaram Convent","41","2026-09-26T19:20:00","2026-09-26T20:16:00","1","60","ALL_TICKETS_USED","AT_TICKET_DESTINATION"
"SYN002470","SYNTHETIC","ETM_STYLE","2026-09-26","16821","105","14456","Regular","2026-09-26_14456","evening","2026-09-26T19:34:00","6332","Karanai Colony","11","6638","Prince College","35","2026-09-26T19:34:00","2026-09-26T20:08:00","1","60","ALL_TICKETS_USED","AT_TICKET_DESTINATION"
"SYN002471","SYNTHETIC","ETM_STYLE","2026-09-26","16821","105","14456","Regular","2026-09-26_14456","evening","2026-09-26T19:20:00","9960","Siruseri It Park","1","6658","Tambaram Railway Station East","43","2026-09-26T19:20:00","2026-09-26T20:18:00","1","60","ALL_TICKETS_USED","AT_TICKET_DESTINATION"
"SYN002472","SYNTHETIC","ETM_STYLE","2026-09-26","16821","105","14456","Regular","2026-09-26_14456","evening","2026-09-26T19:38:00","6363","Ottiyambakkam","13","6656","Poondi Bazaar","42","2026-09-26T19:38:00","2026-09-26T20:17:00","2","60","ALL_TICKETS_USED","AT_TICKET_DESTINATION"
"SYN002473","SYNTHETIC","ETM_STYLE","2026-09-26","16821","105","14456","Regular","2026-09-26_14456","evening","2026-09-26T19:20:00","9960","Siruseri It Park","1","10049","S.I.V.E.T","34","2026-09-26T19:20:00","2026-09-26T20:07:00","1","60","ALL_TICKETS_USED","AT_TICKET_DESTINATION"
"SYN002474","SYNTHETIC","ETM_STYLE","2026-09-26","16821","105","14456","Regular","2026-09-26_14456","evening","2026-09-26T19:24:00","9967","It Park Siruseri Or Muttukadu","4","6651","East Tambaram Convent","41","2026-09-26T19:24:00","2026-09-26T20:16:00","1","60","ALL_TICKETS_USED","AT_TICKET_DESTINATION"
"SYN002475","SYNTHETIC","ETM_STYLE","2026-09-26","16821","105","14456","Regular","2026-09-26_14456","evening","2026-09-26T19:36:00","6351","Karanai","12","6625","Santhosapuram","33","2026-09-26T19:36:00","2026-09-26T20:06:00","1","60","ALL_TICKETS_USED","AT_TICKET_DESTINATION"
"SYN002476","SYNTHETIC","ETM_STYLE","2026-09-26","16821","105","14456","Regular","2026-09-26_14456","evening","2026-09-26T19:41:00","6408","Ramakrishna Nagar","15","6638","Prince College","35","2026-09-26T19:41:00","2026-09-26T20:08:00","2","60","ALL_TICKETS_USED","AT_TICKET_DESTINATION"
"SYN002477","SYNTHETIC","CHENNAI_ONE_STYLE","2026-09-26","16821","105","14456","Regular","2026-09-26_14456","evening","2026-09-26T19:21:00","6272","Egattur","5","6658","Tambaram Railway Station East","43","2026-09-26T19:25:00","2026-09-26T20:18:00","1","60","ALL_TICKETS_USED","AT_TICKET_DESTINATION"
"SYN002478","SYNTHETIC","CHENNAI_ONE_STYLE","2026-09-26","16821","105","14456","Regular","2026-09-26_14456","evening","2026-09-26T19:33:00","6389","Tellus Avenue","14","6644","Mahalakshmi Nagar","38","2026-09-26T19:40:00","2026-09-26T20:12:00","2","60","ALL_TICKETS_USED","AT_TICKET_DESTINATION"
"SYN002479","SYNTHETIC","CHENNAI_ONE_STYLE","2026-09-26","16821","105","14458","Regular","2026-09-26_14458","night","2026-09-26T22:12:00","6389","Tellus Avenue","14","6644","Mahalakshmi Nagar","38","2026-09-26T22:25:00","2026-09-26T22:57:00","2","60","ALL_TICKETS_USED","AT_TICKET_DESTINATION"
"SYN002480","SYNTHETIC","CHENNAI_ONE_STYLE","2026-09-26","16821","105","14458","Regular","2026-09-26_14458","night","2026-09-26T22:36:00","6625","Santhosapuram","33","6656","Poondi Bazaar","42","2026-09-26T22:51:00","2026-09-26T23:02:00","2","60","ALL_TICKETS_USED","AT_TICKET_DESTINATION"
"SYN002481","SYNTHETIC","ETM_STYLE","2026-09-26","16821","105","14458","Regular","2026-09-26_14458","night","2026-09-26T22:27:00","6421","Arasankazhani","16","6575","Babu Nagar Medavakkam","27","2026-09-26T22:27:00","2026-09-26T22:38:00","1","60","ALL_TICKETS_USED","AT_TICKET_DESTINATION"
"SYN002482","SYNTHETIC","ETM_STYLE","2026-09-26","16821","105","14458","Regular","2026-09-26_14458","night","2026-09-26T22:16:00","6305","Trisakthi Kovil","8","6309","Thalambur Road Junction","9","2026-09-26T22:16:00","2026-09-26T22:17:00","2","60","ALL_TICKETS_USED","AT_TICKET_DESTINATION"
"SYN002483","SYNTHETIC","ETM_STYLE","2026-09-26","16821","105","14458","Regular","2026-09-26_14458","night","2026-09-26T22:37:00","6570","Soumya Nagar","26","6659","Sembakkam","36","2026-09-26T22:37:00","2026-09-26T22:54:00","1","60","ALL_TICKETS_USED","AT_TICKET_DESTINATION"
"SYN002484","SYNTHETIC","CHENNAI_ONE_STYLE","2026-09-26","16821","105","14458","Regular","2026-09-26_14458","night","2026-09-26T22:32:00","6523","Vengaivasal Road Chithalapakkam","23","6625","Santhosapuram","33","2026-09-26T22:34:00","2026-09-26T22:51:00","1","60","ALL_TICKETS_USED","AT_TICKET_DESTINATION"
"SYN002485","SYNTHETIC","ETM_STYLE","2026-09-26","16821","105","14458","Regular","2026-09-26_14458","night","2026-09-26T22:49:00","6614","Vijaya Nagaram","31","6625","Santhosapuram","33","2026-09-26T22:49:00","2026-09-26T22:51:00","1","60","ALL_TICKETS_USED","AT_TICKET_DESTINATION"
"SYN002486","SYNTHETIC","ETM_STYLE","2026-09-26","16821","105","14458","Regular","2026-09-26_14458","night","2026-09-26T22:21:00","6351","Karanai","12","6658","Tambaram Railway Station East","43","2026-09-26T22:21:00","2026-09-26T23:03:00","1","60","ALL_TICKETS_USED","AT_TICKET_DESTINATION"
"SYN002487","SYNTHETIC","CHENNAI_ONE_STYLE","2026-09-26","16821","105","14458","Regular","2026-09-26_14458","night","2026-09-26T22:25:00","6492","Valluvar Nagar Chithalapakkam","21","6535","Gold Winner","24","2026-09-26T22:32:00","2026-09-26T22:35:00","1","60","ALL_TICKETS_USED","AT_TICKET_DESTINATION"
"SYN002488","SYNTHETIC","ETM_STYLE","2026-09-26","16821","105","14458","Regular","2026-09-26_14458","night","2026-09-26T22:51:00","6625","Santhosapuram","33","6662","Tambaram East Bus Stop","44","2026-09-26T22:51:00","2026-09-26T23:04:00","2","60","ALL_TICKETS_USED","AT_TICKET_DESTINATION"
"SYN002489","SYNTHETIC","ETM_STYLE","2026-09-26","16821","105","14458","Regular","2026-09-26_14458","night","2026-09-26T22:30:00","6464","Sithalapakkam","19","6659","Sembakkam","36","2026-09-26T22:30:00","2026-09-26T22:54:00","2","60","ALL_TICKETS_USED","AT_TICKET_DESTINATION"
"SYN002490","SYNTHETIC","ETM_STYLE","2026-09-26","16821","105","14458","Regular","2026-09-26_14458","night","2026-09-26T22:25:00","6389","Tellus Avenue","14","6600","Medavakkam Junction","28","2026-09-26T22:25:00","2026-09-26T22:45:00","1","60","ALL_TICKETS_USED","AT_TICKET_DESTINATION"
"SYN002491","SYNTHETIC","ETM_STYLE","2026-09-26","23600","109 R","102371","Regular","2026-09-26_102371","morning","2026-09-26T09:56:00","10814","Music College Annamalai Puram","14","6160","Muttukadu Boat House","44","2026-09-26T09:56:00","2026-09-26T10:42:00","1","60","ALL_TICKETS_USED","AT_TICKET_DESTINATION"
"SYN002492","SYNTHETIC","ETM_STYLE","2026-09-26","23600","109 R","102371","Regular","2026-09-26_102371","morning","2026-09-26T09:49:00","5819","Foreshore Estate Bus Stop","12","9962","Mary World Or Mgm","41","2026-09-26T09:49:00","2026-09-26T10:39:00","1","60","ALL_TICKETS_USED","AT_TICKET_DESTINATION"
"SYN002493","SYNTHETIC","ETM_STYLE","2026-09-26","23600","109 R","102371","Regular","2026-09-26_102371","morning","2026-09-26T09:49:00","5819","Foreshore Estate Bus Stop","12","6081","Kovalam Chamjarai","48","2026-09-26T09:49:00","2026-09-26T10:46:00","1","60","ALL_TICKETS_USED","AT_TICKET_DESTINATION"
"SYN002494","SYNTHETIC","ETM_STYLE","2026-09-26","23600","109 R","102371","Regular","2026-09-26_102371","morning","2026-09-26T09:58:00","5758","M.G.R Janaki College Or Sathya Studio","15","6106","Kovalam","46","2026-09-26T09:58:00","2026-09-26T10:44:00","1","60","ALL_TICKETS_USED","AT_TICKET_DESTINATION"
"SYN002495","SYNTHETIC","ETM_STYLE","2026-09-26","23600","109 R","102371","Regular","2026-09-26_102371","morning","2026-09-26T09:46:00","5638","All India Radio Light House","10","6459","Panaiyur","33","2026-09-26T09:46:00","2026-09-26T10:31:00","2","60","ALL_TICKETS_USED","AT_TICKET_DESTINATION"
"SYN002496","SYNTHETIC","CHENNAI_ONE_STYLE","2026-09-26","23600","109 R","102371","Regular","2026-09-26_102371","morning","2026-09-26T09:34:00","5638","All India Radio Light House","10","6081","Kovalam Chamjarai","48","2026-09-26T09:46:00","2026-09-26T10:46:00","3","60","ALL_TICKETS_USED","AT_TICKET_DESTINATION"
"SYN002497","SYNTHETIC","CHENNAI_ONE_STYLE","2026-09-26","23600","109 R","102371","Regular","2026-09-26_102371","morning","2026-09-26T09:46:00","5758","M.G.R Janaki College Or Sathya Studio","15","6102","Kovalam Bus Terminus","49","2026-09-26T09:58:00","2026-09-26T10:49:00","1","60","ALL_TICKETS_USED","AT_TICKET_DESTINATION"
"SYN002498","SYNTHETIC","ETM_STYLE","2026-09-26","23600","109 R","102371","Regular","2026-09-26_102371","morning","2026-09-26T09:49:00","5819","Foreshore Estate Bus Stop","12","6102","Kovalam Bus Terminus","49","2026-09-26T09:49:00","2026-09-26T10:49:00","2","60","ALL_TICKETS_USED","AT_TICKET_DESTINATION"
"SYN002499","SYNTHETIC","ETM_STYLE","2026-09-26","23600","109 R","102371","Regular","2026-09-26_102371","morning","2026-09-26T09:44:00","5916","Vivekananda House","8","9962","Mary World Or Mgm","41","2026-09-26T09:44:00","2026-09-26T10:39:00","1","60","ALL_TICKETS_USED","AT_TICKET_DESTINATION"
"SYN002500","SYNTHETIC","ETM_STYLE","2026-09-26","23600","109 R","102371","Regular","2026-09-26_102371","morning","2026-09-26T09:44:00","5916","Vivekananda House","8","6081","Kovalam Chamjarai","48","2026-09-26T09:44:00","2026-09-26T10:46:00","3","60","ALL_TICKETS_USED","AT_TICKET_DESTINATION"
"SYN002501","SYNTHETIC","ETM_STYLE","2026-09-26","23600","109 R","102371","Regular","2026-09-26_102371","morning","2026-09-26T09:32:00","9783","Parrys Corner","2","6160","Muttukadu Boat House","44","2026-09-26T09:32:00","2026-09-26T10:42:00","3","60","ALL_TICKETS_USED","AT_TICKET_DESTINATION"
"SYN002502","SYNTHETIC","CHENNAI_ONE_STYLE","2026-09-26","23600","109 R","102371","Regular","2026-09-26_102371","morning","2026-09-26T09:42:00","5917","Queen Marys College","9","6459","Panaiyur","33","2026-09-26T09:45:00","2026-09-26T10:31:00","1","60","ALL_TICKETS_USED","AT_TICKET_DESTINATION"
"SYN002503","SYNTHETIC","ETM_STYLE","2026-09-26","23600","109 R","102371","Regular","2026-09-26_102371","morning","2026-09-26T09:56:00","10814","Music College Annamalai Puram","14","6249","Muttukadu","40","2026-09-26T09:56:00","2026-09-26T10:38:00","3","60","ALL_TICKETS_USED","AT_TICKET_DESTINATION"
"SYN002504","SYNTHETIC","ETM_STYLE","2026-09-26","23600","109 R","102371","Regular","2026-09-26_102371","morning","2026-09-26T09:36:00","11192","Annasquare","5","6081","Kovalam Chamjarai","48","2026-09-26T09:36:00","2026-09-26T10:46:00","1","60","ALL_TICKETS_USED","AT_TICKET_DESTINATION"
"SYN002505","SYNTHETIC","ETM_STYLE","2026-09-26","23600","109 R","102371","Regular","2026-09-26_102371","morning","2026-09-26T09:46:00","5638","All India Radio Light House","10","9993","Nainar Kuppam Or Uthandi Colony","34","2026-09-26T09:46:00","2026-09-26T10:32:00","1","60","ALL_TICKETS_USED","AT_TICKET_DESTINATION"
"SYN002506","SYNTHETIC","CHENNAI_ONE_STYLE","2026-09-26","23600","109 R","102371","Regular","2026-09-26_102371","morning","2026-09-26T09:44:00","9128","Mrc Nagar","13","6106","Kovalam","46","2026-09-26T09:51:00","2026-09-26T10:44:00","1","60","ALL_TICKETS_USED","AT_TICKET_DESTINATION"
"SYN002507","SYNTHETIC","ETM_STYLE","2026-09-26","23600","109 R","102371","Regular","2026-09-26_102371","morning","2026-09-26T09:47:00","5639","Santhome Church","11","9955","N.I.E.P.M.D","43","2026-09-26T09:47:00","2026-09-26T10:41:00","2","60","ALL_TICKETS_USED","AT_TICKET_DESTINATION"
"SYN002508","SYNTHETIC","CHENNAI_ONE_STYLE","2026-09-26","23600","109 R","102371","Regular","2026-09-26_102371","morning","2026-09-26T09:36:00","5639","Santhome Church","11","6316","Kanathur","38","2026-09-26T09:47:00","2026-09-26T10:36:00","1","60","ALL_TICKETS_USED","AT_TICKET_DESTINATION"
"SYN002509","SYNTHETIC","ETM_STYLE","2026-09-26","23600","109 R","102371","Regular","2026-09-26_102371","morning","2026-09-26T09:49:00","5819","Foreshore Estate Bus Stop","12","9955","N.I.E.P.M.D","43","2026-09-26T09:49:00","2026-09-26T10:41:00","3","60","ALL_TICKETS_USED","AT_TICKET_DESTINATION"
"SYN002510","SYNTHETIC","ETM_STYLE","2026-09-26","23600","109 R","102371","Regular","2026-09-26_102371","morning","2026-09-26T09:58:00","5758","M.G.R Janaki College Or Sathya Studio","15","6091","Kovalam Kelambakam Road Junction","47","2026-09-26T09:58:00","2026-09-26T10:45:00","2","60","ALL_TICKETS_USED","AT_TICKET_DESTINATION"
"SYN002511","SYNTHETIC","ETM_STYLE","2026-09-26","23600","109 R","102371","Regular","2026-09-26_102371","morning","2026-09-26T09:46:00","5638","All India Radio Light House","10","6249","Muttukadu","40","2026-09-26T09:46:00","2026-09-26T10:38:00","2","60","ALL_TICKETS_USED","AT_TICKET_DESTINATION"
"SYN002512","SYNTHETIC","ETM_STYLE","2026-09-26","23600","109 R","102371","Regular","2026-09-26_102371","morning","2026-09-26T09:45:00","5917","Queen Marys College","9","6249","Muttukadu","40","2026-09-26T09:45:00","2026-09-26T10:38:00","1","60","ALL_TICKETS_USED","AT_TICKET_DESTINATION"
"SYN002513","SYNTHETIC","CHENNAI_ONE_STYLE","2026-09-26","23600","109 R","102371","Regular","2026-09-26_102371","morning","2026-09-26T09:45:00","5917","Queen Marys College","9","9986","Uthandi Toll Gate Or Ragash College","37","2026-09-26T09:45:00","2026-09-26T10:35:00","1","60","ALL_TICKETS_USED","AT_TICKET_DESTINATION"
"SYN002514","SYNTHETIC","ETM_STYLE","2026-09-26","23600","109 R","102371","Regular","2026-09-26_102371","morning","2026-09-26T09:25:00","11159","Island ground Terminus","1","9986","Uthandi Toll Gate Or Ragash College","37","2026-09-26T09:25:00","2026-09-26T10:35:00","1","60","ALL_TICKETS_USED","AT_TICKET_DESTINATION"
"SYN002515","SYNTHETIC","ETM_STYLE","2026-09-26","23600","109 R","102371","Regular","2026-09-26_102371","morning","2026-09-26T09:47:00","5639","Santhome Church","11","6091","Kovalam Kelambakam Road Junction","47","2026-09-26T09:47:00","2026-09-26T10:45:00","1","60","ALL_TICKETS_USED","AT_TICKET_DESTINATION"
"SYN002516","SYNTHETIC","CHENNAI_ONE_STYLE","2026-09-26","23600","109 R","102371","Regular","2026-09-26_102371","morning","2026-09-26T09:32:00","5814","Secretariat","3","6102","Kovalam Bus Terminus","49","2026-09-26T09:34:00","2026-09-26T10:49:00","1","60","ALL_TICKETS_USED","AT_TICKET_DESTINATION"
"SYN002517","SYNTHETIC","ETM_STYLE","2026-09-26","23600","109 R","102371","Regular","2026-09-26_102371","morning","2026-09-26T09:25:00","11159","Island ground Terminus","1","9957","Panjabur Or Yellow Board","42","2026-09-26T09:25:00","2026-09-26T10:40:00","1","60","ALL_TICKETS_USED","AT_TICKET_DESTINATION"
"SYN002518","SYNTHETIC","ETM_STYLE","2026-09-26","23600","109 R","102371","Regular","2026-09-26_102371","morning","2026-09-26T09:25:00","11159","Island ground Terminus","1","9962","Mary World Or Mgm","41","2026-09-26T09:25:00","2026-09-26T10:39:00","1","60","ALL_TICKETS_USED","AT_TICKET_DESTINATION"
"SYN002519","SYNTHETIC","ETM_STYLE","2026-09-26","23600","109 R","102371","Regular","2026-09-26_102371","morning","2026-09-26T09:58:00","5758","M.G.R Janaki College Or Sathya Studio","15","6106","Kovalam","46","2026-09-26T09:58:00","2026-09-26T10:44:00","1","60","ALL_TICKETS_USED","AT_TICKET_DESTINATION"
"SYN002520","SYNTHETIC","ETM_STYLE","2026-09-26","23600","109 R","102371","Regular","2026-09-26_102371","morning","2026-09-26T09:51:00","9128","Mrc Nagar","13","6370","Anandbagh","36","2026-09-26T09:51:00","2026-09-26T10:34:00","1","60","ALL_TICKETS_USED","AT_TICKET_DESTINATION"
"SYN002521","SYNTHETIC","CHENNAI_ONE_STYLE","2026-09-26","23600","109 R","102373","Regular","2026-09-26_102373","afternoon","2026-09-26T14:43:00","6130","Kunnukadu Alamaram","45","6081","Kovalam Chamjarai","48","2026-09-26T14:43:00","2026-09-26T14:46:00","1","60","ALL_TICKETS_USED","AT_TICKET_DESTINATION"
"SYN002522","SYNTHETIC","ETM_STYLE","2026-09-26","23600","109 R","102373","Regular","2026-09-26_102373","afternoon","2026-09-26T14:24:00","6672","Bethal Nagar","29","6316","Kanathur","38","2026-09-26T14:24:00","2026-09-26T14:36:00","2","60","ALL_TICKETS_USED","AT_TICKET_DESTINATION"
"SYN002523","SYNTHETIC","ETM_STYLE","2026-09-26","23600","109 R","102373","Regular","2026-09-26_102373","afternoon","2026-09-26T14:20:00","10084","Neelankarai","25","6459","Panaiyur","33","2026-09-26T14:20:00","2026-09-26T14:31:00","1","60","ALL_TICKETS_USED","AT_TICKET_DESTINATION"
"SYN002524","SYNTHETIC","CHENNAI_ONE_STYLE","2026-09-26","23600","109 R","102373","Regular","2026-09-26_102373","afternoon","2026-09-26T14:17:00","8495","Palavakkam","22","6672","Bethal Nagar","29","2026-09-26T14:17:00","2026-09-26T14:24:00","1","60","ALL_TICKETS_USED","AT_TICKET_DESTINATION"
"SYN002525","SYNTHETIC","ETM_STYLE","2026-09-26","23600","109 R","102373","Regular","2026-09-26_102373","afternoon","2026-09-26T14:20:00","10084","Neelankarai","25","6459","Panaiyur","33","2026-09-26T14:20:00","2026-09-26T14:31:00","2","60","ALL_TICKETS_USED","AT_TICKET_DESTINATION"
"SYN002526","SYNTHETIC","ETM_STYLE","2026-09-26","23600","109 R","102373","Regular","2026-09-26_102373","afternoon","2026-09-26T13:58:00","5758","M.G.R Janaki College Or Sathya Studio","15","5760","Adyar Signal","16","2026-09-26T13:58:00","2026-09-26T14:00:00","2","60","ALL_TICKETS_USED","AT_TICKET_DESTINATION"
"SYN002527","SYNTHETIC","CHENNAI_ONE_STYLE","2026-09-26","23600","109 R","102373","Regular","2026-09-26_102373","afternoon","2026-09-26T14:09:00","8495","Palavakkam","22","6287","Meera Nagar","39","2026-09-26T14:17:00","2026-09-26T14:37:00","2","60","ALL_TICKETS_USED","AT_TICKET_DESTINATION"
"SYN002528","SYNTHETIC","ETM_STYLE","2026-09-26","23600","109 R","102373","Regular","2026-09-26_102373","afternoon","2026-09-26T14:44:00","6106","Kovalam","46","6091","Kovalam Kelambakam Road Junction","47","2026-09-26T14:44:00","2026-09-26T14:45:00","2","60","ALL_TICKETS_USED","AT_TICKET_DESTINATION"
"SYN002529","SYNTHETIC","ETM_STYLE","2026-09-26","23600","109 R","102373","Regular","2026-09-26_102373","afternoon","2026-09-26T14:00:00","5760","Adyar Signal","16","8436","Ice Factory","24","2026-09-26T14:00:00","2026-09-26T14:19:00","1","60","ALL_TICKETS_USED","AT_TICKET_DESTINATION"
"SYN002530","SYNTHETIC","ETM_STYLE","2026-09-26","23600","109 R","102373","Regular","2026-09-26_102373","afternoon","2026-09-26T14:29:00","10018","Akkarai Or Water Supply Head Work","32","6160","Muttukadu Boat House","44","2026-09-26T14:29:00","2026-09-26T14:42:00","3","60","ALL_TICKETS_USED","AT_TICKET_DESTINATION"
"SYN002531","SYNTHETIC","ETM_STYLE","2026-09-26","23600","109 R","102373","Regular","2026-09-26_102373","afternoon","2026-09-26T13:25:00","11159","Island ground Terminus","1","6287","Meera Nagar","39","2026-09-26T13:25:00","2026-09-26T14:37:00","2","60","ALL_TICKETS_USED","AT_TICKET_DESTINATION"
"SYN002532","SYNTHETIC","CHENNAI_ONE_STYLE","2026-09-26","23600","109 R","102373","Regular","2026-09-26_102373","afternoon","2026-09-26T14:02:00","8666","Thiruvalluvar Nagar Rto","20","6370","Anandbagh","36","2026-09-26T14:14:00","2026-09-26T14:34:00","3","60","ALL_TICKETS_USED","AT_TICKET_DESTINATION"
"SYN002533","SYNTHETIC","ETM_STYLE","2026-09-26","23600","109 R","102373","Regular","2026-09-26_102373","afternoon","2026-09-26T13:44:00","5916","Vivekananda House","8","9957","Panjabur Or Yellow Board","42","2026-09-26T13:44:00","2026-09-26T14:40:00","3","60","ALL_TICKETS_USED","AT_TICKET_DESTINATION"
"SYN002534","SYNTHETIC","ETM_STYLE","2026-09-26","23600","109 R","102375","Regular","2026-09-26_102375","evening","2026-09-26T17:31:00","11192","Annasquare","5","9962","Mary World Or Mgm","41","2026-09-26T17:31:00","2026-09-26T18:34:00","1","60","ALL_TICKETS_USED","AT_TICKET_DESTINATION"
"SYN002535","SYNTHETIC","ETM_STYLE","2026-09-26","23600","109 R","102375","Regular","2026-09-26_102375","evening","2026-09-26T17:39:00","5916","Vivekananda House","8","9986","Uthandi Toll Gate Or Ragash College","37","2026-09-26T17:39:00","2026-09-26T18:30:00","1","60","ALL_TICKETS_USED","AT_TICKET_DESTINATION"
"SYN002536","SYNTHETIC","CHENNAI_ONE_STYLE","2026-09-26","23600","109 R","102375","Regular","2026-09-26_102375","evening","2026-09-26T17:29:00","5916","Vivekananda House","8","6160","Muttukadu Boat House","44","2026-09-26T17:39:00","2026-09-26T18:37:00","1","60","ALL_TICKETS_USED","AT_TICKET_DESTINATION"
"SYN002537","SYNTHETIC","CHENNAI_ONE_STYLE","2026-09-26","23600","109 R","102375","Regular","2026-09-26_102375","evening","2026-09-26T17:25:00","5917","Queen Marys College","9","6160","Muttukadu Boat House","44","2026-09-26T17:40:00","2026-09-26T18:37:00","1","60","ALL_TICKETS_USED","AT_TICKET_DESTINATION"
"SYN002538","SYNTHETIC","ETM_STYLE","2026-09-26","23600","109 R","102375","Regular","2026-09-26_102375","evening","2026-09-26T17:31:00","11192","Annasquare","5","6249","Muttukadu","40","2026-09-26T17:31:00","2026-09-26T18:33:00","1","60","ALL_TICKETS_USED","AT_TICKET_DESTINATION"
"SYN002539","SYNTHETIC","ETM_STYLE","2026-09-26","23600","109 R","102375","Regular","2026-09-26_102375","evening","2026-09-26T17:53:00","5758","M.G.R Janaki College Or Sathya Studio","15","9955","N.I.E.P.M.D","43","2026-09-26T17:53:00","2026-09-26T18:36:00","1","60","ALL_TICKETS_USED","AT_TICKET_DESTINATION"
"SYN002540","SYNTHETIC","ETM_STYLE","2026-09-26","23600","109 R","102375","Regular","2026-09-26_102375","evening","2026-09-26T17:53:00","5758","M.G.R Janaki College Or Sathya Studio","15","6316","Kanathur","38","2026-09-26T17:53:00","2026-09-26T18:31:00","2","60","ALL_TICKETS_USED","AT_TICKET_DESTINATION"
"SYN002541","SYNTHETIC","ETM_STYLE","2026-09-26","23600","109 R","102375","Regular","2026-09-26_102375","evening","2026-09-26T17:40:00","5917","Queen Marys College","9","6370","Anandbagh","36","2026-09-26T17:40:00","2026-09-26T18:29:00","1","60","ALL_TICKETS_USED","AT_TICKET_DESTINATION"
"SYN002542","SYNTHETIC","ETM_STYLE","2026-09-26","23600","109 R","102375","Regular","2026-09-26_102375","evening","2026-09-26T17:51:00","10814","Music College Annamalai Puram","14","6130","Kunnukadu Alamaram","45","2026-09-26T17:51:00","2026-09-26T18:38:00","1","60","ALL_TICKETS_USED","AT_TICKET_DESTINATION"
"SYN002543","SYNTHETIC","ETM_STYLE","2026-09-26","23600","109 R","102375","Regular","2026-09-26_102375","evening","2026-09-26T17:44:00","5819","Foreshore Estate Bus Stop","12","6130","Kunnukadu Alamaram","45","2026-09-26T17:44:00","2026-09-26T18:38:00","1","60","ALL_TICKETS_USED","AT_TICKET_DESTINATION"
"SYN002544","SYNTHETIC","ETM_STYLE","2026-09-26","23600","109 R","102375","Regular","2026-09-26_102375","evening","2026-09-26T17:20:00","11159","Island ground Terminus","1","6249","Muttukadu","40","2026-09-26T17:20:00","2026-09-26T18:33:00","1","60","ALL_TICKETS_USED","AT_TICKET_DESTINATION"
"SYN002545","SYNTHETIC","ETM_STYLE","2026-09-26","23600","109 R","102375","Regular","2026-09-26_102375","evening","2026-09-26T17:55:00","5760","Adyar Signal","16","9986","Uthandi Toll Gate Or Ragash College","37","2026-09-26T17:55:00","2026-09-26T18:30:00","1","60","ALL_TICKETS_USED","AT_TICKET_DESTINATION"
"SYN002546","SYNTHETIC","CHENNAI_ONE_STYLE","2026-09-26","23600","109 R","102375","Regular","2026-09-26_102375","evening","2026-09-26T17:29:00","5917","Queen Marys College","9","9962","Mary World Or Mgm","41","2026-09-26T17:40:00","2026-09-26T18:34:00","1","60","ALL_TICKETS_USED","AT_TICKET_DESTINATION"
"SYN002547","SYNTHETIC","ETM_STYLE","2026-09-26","23600","109 R","102375","Regular","2026-09-26_102375","evening","2026-09-26T17:40:00","5917","Queen Marys College","9","9986","Uthandi Toll Gate Or Ragash College","37","2026-09-26T17:40:00","2026-09-26T18:30:00","2","60","ALL_TICKETS_USED","AT_TICKET_DESTINATION"
"SYN002548","SYNTHETIC","CHENNAI_ONE_STYLE","2026-09-26","23600","109 R","102375","Regular","2026-09-26_102375","evening","2026-09-26T17:28:00","5918","Kannagi Statue Or Presidency College","7","6081","Kovalam Chamjarai","48","2026-09-26T17:34:00","2026-09-26T18:41:00","1","60","ALL_TICKETS_USED","AT_TICKET_DESTINATION"
"SYN002549","SYNTHETIC","CHENNAI_ONE_STYLE","2026-09-26","23600","109 R","102375","Regular","2026-09-26_102375","evening","2026-09-26T17:20:00","9783","Parrys Corner","2","6249","Muttukadu","40","2026-09-26T17:27:00","2026-09-26T18:33:00","1","60","ALL_TICKETS_USED","AT_TICKET_DESTINATION"
"SYN002550","SYNTHETIC","CHENNAI_ONE_STYLE","2026-09-26","23600","109 R","102375","Regular","2026-09-26_102375","evening","2026-09-26T17:27:00","5638","All India Radio Light House","10","6287","Meera Nagar","39","2026-09-26T17:41:00","2026-09-26T18:32:00","1","60","ALL_TICKETS_USED","AT_TICKET_DESTINATION"
"SYN002551","SYNTHETIC","CHENNAI_ONE_STYLE","2026-09-26","23600","109 R","102375","Regular","2026-09-26_102375","evening","2026-09-26T17:48:00","5760","Adyar Signal","16","6387","Uthandi","35","2026-09-26T17:55:00","2026-09-26T18:28:00","1","60","ALL_TICKETS_USED","AT_TICKET_DESTINATION"
"SYN002552","SYNTHETIC","ETM_STYLE","2026-09-26","23600","109 R","102375","Regular","2026-09-26_102375","evening","2026-09-26T17:51:00","10814","Music College Annamalai Puram","14","6459","Panaiyur","33","2026-09-26T17:51:00","2026-09-26T18:26:00","1","60","ALL_TICKETS_USED","AT_TICKET_DESTINATION"
"SYN002553","SYNTHETIC","CHENNAI_ONE_STYLE","2026-09-26","23600","109 R","102375","Regular","2026-09-26_102375","evening","2026-09-26T17:39:00","10814","Music College Annamalai Puram","14","6316","Kanathur","38","2026-09-26T17:51:00","2026-09-26T18:31:00","1","60","ALL_TICKETS_USED","AT_TICKET_DESTINATION"
"SYN002554","SYNTHETIC","ETM_STYLE","2026-09-26","23600","109 R","102375","Regular","2026-09-26_102375","evening","2026-09-26T17:46:00","9128","Mrc Nagar","13","6316","Kanathur","38","2026-09-26T17:46:00","2026-09-26T18:31:00","1","60","ALL_TICKETS_USED","AT_TICKET_DESTINATION"
"SYN002555","SYNTHETIC","CHENNAI_ONE_STYLE","2026-09-26","23600","109 R","102375","Regular","2026-09-26_102375","evening","2026-09-26T17:42:00","10814","Music College Annamalai Puram","14","6081","Kovalam Chamjarai","48","2026-09-26T17:51:00","2026-09-26T18:41:00","2","60","ALL_TICKETS_USED","AT_TICKET_DESTINATION"
"SYN002556","SYNTHETIC","ETM_STYLE","2026-09-26","23600","109 R","102375","Regular","2026-09-26_102375","evening","2026-09-26T17:42:00","5639","Santhome Church","11","6081","Kovalam Chamjarai","48","2026-09-26T17:42:00","2026-09-26T18:41:00","1","60","ALL_TICKETS_USED","AT_TICKET_DESTINATION"
"SYN002557","SYNTHETIC","ETM_STYLE","2026-09-26","23600","109 R","102375","Regular","2026-09-26_102375","evening","2026-09-26T17:34:00","5918","Kannagi Statue Or Presidency College","7","6081","Kovalam Chamjarai","48","2026-09-26T17:34:00","2026-09-26T18:41:00","2","60","ALL_TICKETS_USED","AT_TICKET_DESTINATION"
"SYN002558","SYNTHETIC","ETM_STYLE","2026-09-26","23600","109 R","102375","Regular","2026-09-26_102375","evening","2026-09-26T17:39:00","5916","Vivekananda House","8","6249","Muttukadu","40","2026-09-26T17:39:00","2026-09-26T18:33:00","1","60","ALL_TICKETS_USED","AT_TICKET_DESTINATION"
"SYN002559","SYNTHETIC","CHENNAI_ONE_STYLE","2026-09-26","23600","109 R","102375","Regular","2026-09-26_102375","evening","2026-09-26T17:49:00","10814","Music College Annamalai Puram","14","9962","Mary World Or Mgm","41","2026-09-26T17:51:00","2026-09-26T18:34:00","1","60","ALL_TICKETS_USED","AT_TICKET_DESTINATION"
"SYN002560","SYNTHETIC","ETM_STYLE","2026-09-26","23600","109 R","102375","Regular","2026-09-26_102375","evening","2026-09-26T17:27:00","9783","Parrys Corner","2","9957","Panjabur Or Yellow Board","42","2026-09-26T17:27:00","2026-09-26T18:35:00","1","60","ALL_TICKETS_USED","AT_TICKET_DESTINATION"
"SYN002561","SYNTHETIC","CHENNAI_ONE_STYLE","2026-09-26","23600","109 R","102375","Regular","2026-09-26_102375","evening","2026-09-26T17:41:00","5760","Adyar Signal","16","6249","Muttukadu","40","2026-09-26T17:55:00","2026-09-26T18:33:00","2","60","ALL_TICKETS_USED","AT_TICKET_DESTINATION"
"SYN002562","SYNTHETIC","ETM_STYLE","2026-09-26","23600","109 R","102375","Regular","2026-09-26_102375","evening","2026-09-26T17:46:00","9128","Mrc Nagar","13","6081","Kovalam Chamjarai","48","2026-09-26T17:46:00","2026-09-26T18:41:00","1","60","ALL_TICKETS_USED","AT_TICKET_DESTINATION"
"SYN002563","SYNTHETIC","CHENNAI_ONE_STYLE","2026-09-26","23600","109 R","102375","Regular","2026-09-26_102375","evening","2026-09-26T17:50:00","5758","M.G.R Janaki College Or Sathya Studio","15","9955","N.I.E.P.M.D","43","2026-09-26T17:53:00","2026-09-26T18:36:00","1","60","ALL_TICKETS_USED","AT_TICKET_DESTINATION"
"SYN002564","SYNTHETIC","ETM_STYLE","2026-09-26","23600","109 R","102998","Regular","2026-09-26_102998","night","2026-09-26T21:12:00","9783","Parrys Corner","2","6249","Muttukadu","40","2026-09-26T21:12:00","2026-09-26T22:18:00","3","60","ALL_TICKETS_USED","AT_TICKET_DESTINATION"
"SYN002565","SYNTHETIC","ETM_STYLE","2026-09-26","23600","109 R","102998","Regular","2026-09-26_102998","night","2026-09-26T22:16:00","6316","Kanathur","38","9955","N.I.E.P.M.D","43","2026-09-26T22:16:00","2026-09-26T22:21:00","1","60","ALL_TICKETS_USED","AT_TICKET_DESTINATION"
"SYN002566","SYNTHETIC","CHENNAI_ONE_STYLE","2026-09-26","23600","109 R","102998","Regular","2026-09-26_102998","night","2026-09-26T21:52:00","10103","Saint Anthony Church Or Palavakkam","23","9962","Mary World Or Mgm","41","2026-09-26T21:58:00","2026-09-26T22:19:00","2","60","ALL_TICKETS_USED","AT_TICKET_DESTINATION"
"SYN002567","SYNTHETIC","ETM_STYLE","2026-09-26","23600","109 R","102998","Regular","2026-09-26_102998","night","2026-09-26T21:42:00","5913","Adyar Depot","17","6370","Anandbagh","36","2026-09-26T21:42:00","2026-09-26T22:14:00","2","60","ALL_TICKETS_USED","AT_TICKET_DESTINATION"
"SYN002568","SYNTHETIC","ETM_STYLE","2026-09-26","23600","109 R","102998","Regular","2026-09-26_102998","night","2026-09-26T22:22:00","6160","Muttukadu Boat House","44","6102","Kovalam Bus Terminus","49","2026-09-26T22:22:00","2026-09-26T22:29:00","1","60","ALL_TICKETS_USED","AT_TICKET_DESTINATION"
"SYN002569","SYNTHETIC","CHENNAI_ONE_STYLE","2026-09-26","23600","109 R","102998","Regular","2026-09-26_102998","night","2026-09-26T22:05:00","6581","Vgp Golden Beach","31","10018","Akkarai Or Water Supply Head Work","32","2026-09-26T22:06:00","2026-09-26T22:09:00","1","60","ALL_TICKETS_USED","AT_TICKET_DESTINATION"
"SYN002570","SYNTHETIC","ETM_STYLE","2026-09-26","23600","109 R","102998","Regular","2026-09-26_102998","night","2026-09-26T21:15:00","5932","War Memorial","4","6316","Kanathur","38","2026-09-26T21:15:00","2026-09-26T22:16:00","1","60","ALL_TICKETS_USED","AT_TICKET_DESTINATION"
"SYN002571","SYNTHETIC","CHENNAI_ONE_STYLE","2026-09-26","23600","109 R","102998","Regular","2026-09-26_102998","night","2026-09-26T22:23:00","6081","Kovalam Chamjarai","48","6102","Kovalam Bus Terminus","49","2026-09-26T22:26:00","2026-09-26T22:29:00","2","60","ALL_TICKETS_USED","AT_TICKET_DESTINATION"
"SYN002572","SYNTHETIC","ETM_STYLE","2026-09-26","23600","109 R","102998","Regular","2026-09-26_102998","night","2026-09-26T22:02:00","8311","Vettuvakeni","27","9993","Nainar Kuppam Or Uthandi Colony","34","2026-09-26T22:02:00","2026-09-26T22:12:00","1","60","ALL_TICKETS_USED","AT_TICKET_DESTINATION"
"SYN002573","SYNTHETIC","ETM_STYLE","2026-09-26","23600","109 R","102998","Regular","2026-09-26_102998","night","2026-09-26T21:58:00","10103","Saint Anthony Church Or Palavakkam","23","9993","Nainar Kuppam Or Uthandi Colony","34","2026-09-26T21:58:00","2026-09-26T22:12:00","1","60","ALL_TICKETS_USED","AT_TICKET_DESTINATION"
"SYN002574","SYNTHETIC","CHENNAI_ONE_STYLE","2026-09-26","23600","109 R","102998","Regular","2026-09-26_102998","night","2026-09-26T21:56:00","8495","Palavakkam","22","6081","Kovalam Chamjarai","48","2026-09-26T21:57:00","2026-09-26T22:26:00","1","60","ALL_TICKETS_USED","AT_TICKET_DESTINATION"
"SYN002575","SYNTHETIC","ETM_STYLE","2026-09-26","23600","109 R","102998","Regular","2026-09-26_102998","night","2026-09-26T22:24:00","6106","Kovalam","46","6102","Kovalam Bus Terminus","49","2026-09-26T22:24:00","2026-09-26T22:29:00","1","60","ALL_TICKETS_USED","AT_TICKET_DESTINATION"
"SYN002576","SYNTHETIC","ETM_STYLE","2026-09-27","23212","101 R","5022","Regular","2026-09-27_5022","morning","2026-09-27T07:58:00","9581","Vengaya Mandi","15","11087","Surya Narayana Road","46","2026-09-27T07:58:00","2026-09-27T08:50:00","3","60","ALL_TICKETS_USED","AT_TICKET_DESTINATION"
"SYN002577","SYNTHETIC","CHENNAI_ONE_STYLE","2026-09-27","23212","101 R","5022","Regular","2026-09-27_5022","morning","2026-09-27T07:24:00","9428","Kallarai","3","11087","Surya Narayana Road","46","2026-09-27T07:35:00","2026-09-27T08:50:00","2","60","ALL_TICKETS_USED","AT_TICKET_DESTINATION"
"SYN002578","SYNTHETIC","CHENNAI_ONE_STYLE","2026-09-27","23212","101 R","5022","Regular","2026-09-27_5022","morning","2026-09-27T07:35:00","9428","Kallarai","3","7189","Nagara Thottam","48","2026-09-27T07:35:00","2026-09-27T08:52:00","1","60","ALL_TICKETS_USED","AT_TICKET_DESTINATION"
"SYN002579","SYNTHETIC","ETM_STYLE","2026-09-27","23212","101 R","5022","Regular","2026-09-27_5022","morning","2026-09-27T07:58:00","9581","Vengaya Mandi","15","7032","Kasimedu Police Station","45","2026-09-27T07:58:00","2026-09-27T08:49:00","1","60","ALL_TICKETS_USED","AT_TICKET_DESTINATION"
"SYN002580","SYNTHETIC","CHENNAI_ONE_STYLE","2026-09-27","23212","101 R","5022","Regular","2026-09-27_5022","morning","2026-09-27T07:39:00","9519","Velappanchavadi","8","6780","Thambu Chetty Street","41","2026-09-27T07:46:00","2026-09-27T08:43:00","2","60","ALL_TICKETS_USED","AT_TICKET_DESTINATION"
"SYN002581","SYNTHETIC","ETM_STYLE","2026-09-27","23212","101 R","5022","Regular","2026-09-27_5022","morning","2026-09-27T07:53:00","10269","Maduravoyal Erikarai","11","6847","Royapuram Market","42","2026-09-27T07:53:00","2026-09-27T08:45:00","2","60","ALL_TICKETS_USED","AT_TICKET_DESTINATION"
"SYN002582","SYNTHETIC","CHENNAI_ONE_STYLE","2026-09-27","23212","101 R","5022","Regular","2026-09-27_5022","morning","2026-09-27T07:42:00","9500","Acs Medical College","7","5536","Thangal Tollgate","50","2026-09-27T07:43:00","2026-09-27T08:57:00","3","60","ALL_TICKETS_USED","AT_TICKET_DESTINATION"
"SYN002583","SYNTHETIC","ETM_STYLE","2026-09-27","23212","101 R","5022","Regular","2026-09-27_5022","morning","2026-09-27T07:53:00","10269","Maduravoyal Erikarai","11","7292","Anna Nagar","49","2026-09-27T07:53:00","2026-09-27T08:53:00","2","60","ALL_TICKETS_USED","AT_TICKET_DESTINATION"
"SYN002584","SYNTHETIC","ETM_STYLE","2026-09-27","23212","101 R","5022","Regular","2026-09-27_5022","morning","2026-09-27T07:46:00","9519","Velappanchavadi","8","6847","Royapuram Market","42","2026-09-27T07:46:00","2026-09-27T08:45:00","2","60","ALL_TICKETS_USED","AT_TICKET_DESTINATION"
"SYN002585","SYNTHETIC","ETM_STYLE","2026-09-27","23212","101 R","5022","Regular","2026-09-27_5022","morning","2026-09-27T08:05:00","9615","Mettukulam","17","7378","Thangal","51","2026-09-27T08:05:00","2026-09-27T08:58:00","2","60","ALL_TICKETS_USED","AT_TICKET_DESTINATION"
"SYN002586","SYNTHETIC","ETM_STYLE","2026-09-27","23212","101 R","5022","Regular","2026-09-27_5022","morning","2026-09-27T08:06:00","9628","Rohini Theatre","18","10539","Thiruvottiyur Ajax Bus Depot","58","2026-09-27T08:06:00","2026-09-27T09:06:00","3","60","ALL_TICKETS_USED","AT_TICKET_DESTINATION"
"SYN002587","SYNTHETIC","ETM_STYLE","2026-09-27","23212","101 R","5022","Regular","2026-09-27_5022","morning","2026-09-27T07:33:00","9436","Poonamallee Government Hospital","2","7480","Theradi","54","2026-09-27T07:33:00","2026-09-27T09:02:00","1","60","ALL_TICKETS_USED","AT_TICKET_DESTINATION"
"SYN002588","SYNTHETIC","ETM_STYLE","2026-09-27","23212","101 R","5022","Regular","2026-09-27_5022","morning","2026-09-27T07:37:00","9392","Karayanchavadi","4","6936","Kalmandapam Police Station","43","2026-09-27T07:37:00","2026-09-27T08:47:00","3","60","ALL_TICKETS_USED","AT_TICKET_DESTINATION"
"SYN002589","SYNTHETIC","ETM_STYLE","2026-09-27","23212","101 R","5022","Regular","2026-09-27_5022","morning","2026-09-27T07:55:00","9542","Maduravoyal Post Office","13","7508","Thiruvottiyur Market","56","2026-09-27T07:55:00","2026-09-27T09:04:00","1","60","ALL_TICKETS_USED","AT_TICKET_DESTINATION"
"SYN002590","SYNTHETIC","ETM_STYLE","2026-09-27","23212","101 R","5022","Regular","2026-09-27_5022","morning","2026-09-27T08:07:00","10293","Arumbakkam P.H Road","19","7083","Kasimedu","47","2026-09-27T08:07:00","2026-09-27T08:51:00","1","60","ALL_TICKETS_USED","AT_TICKET_DESTINATION"
"SYN002591","SYNTHETIC","ETM_STYLE","2026-09-27","23212","101 R","5022","Regular","2026-09-27_5022","morning","2026-09-27T08:05:00","9615","Mettukulam","17","10539","Thiruvottiyur Ajax Bus Depot","58","2026-09-27T08:05:00","2026-09-27T09:06:00","2","60","ALL_TICKETS_USED","AT_TICKET_DESTINATION"
"SYN002592","SYNTHETIC","ETM_STYLE","2026-09-27","23212","101 R","5022","Regular","2026-09-27_5022","morning","2026-09-27T07:33:00","9436","Poonamallee Government Hospital","2","7508","Thiruvottiyur Market","56","2026-09-27T07:33:00","2026-09-27T09:04:00","2","60","ALL_TICKETS_USED","AT_TICKET_DESTINATION"
"SYN002593","SYNTHETIC","ETM_STYLE","2026-09-27","23212","101 R","5022","Regular","2026-09-27_5022","morning","2026-09-27T08:05:00","9615","Mettukulam","17","11087","Surya Narayana Road","46","2026-09-27T08:05:00","2026-09-27T08:50:00","2","60","ALL_TICKETS_USED","AT_TICKET_DESTINATION"
"SYN002594","SYNTHETIC","ETM_STYLE","2026-09-27","23212","101 R","5022","Regular","2026-09-27_5022","morning","2026-09-27T07:37:00","9392","Karayanchavadi","4","7083","Kasimedu","47","2026-09-27T07:37:00","2026-09-27T08:51:00","1","60","ALL_TICKETS_USED","AT_TICKET_DESTINATION"
"SYN002595","SYNTHETIC","ETM_STYLE","2026-09-27","23212","101 R","5022","Regular","2026-09-27_5022","morning","2026-09-27T08:05:00","9615","Mettukulam","17","7450","Ellaiamman Kovil","53","2026-09-27T08:05:00","2026-09-27T09:01:00","1","60","ALL_TICKETS_USED","AT_TICKET_DESTINATION"
"SYN002596","SYNTHETIC","ETM_STYLE","2026-09-27","23212","101 R","5022","Regular","2026-09-27_5022","morning","2026-09-27T07:43:00","9500","Acs Medical College","7","7032","Kasimedu Police Station","45","2026-09-27T07:43:00","2026-09-27T08:49:00","3","60","ALL_TICKETS_USED","AT_TICKET_DESTINATION"
"SYN002597","SYNTHETIC","ETM_STYLE","2026-09-27","23212","101 R","5022","Regular","2026-09-27_5022","morning","2026-09-27T07:37:00","9392","Karayanchavadi","4","7403","Raja Kaladi","52","2026-09-27T07:37:00","2026-09-27T08:59:00","2","60","ALL_TICKETS_USED","AT_TICKET_DESTINATION"
"SYN002598","SYNTHETIC","ETM_STYLE","2026-09-27","23212","101 R","5022","Regular","2026-09-27_5022","morning","2026-09-27T07:49:00","9525","Kumar Theatre","9","7508","Thiruvottiyur Market","56","2026-09-27T07:49:00","2026-09-27T09:04:00","1","60","ALL_TICKETS_USED","AT_TICKET_DESTINATION"
"SYN002599","SYNTHETIC","ETM_STYLE","2026-09-27","23212","101 R","5022","Regular","2026-09-27_5022","morning","2026-09-27T08:05:00","9615","Mettukulam","17","7292","Anna Nagar","49","2026-09-27T08:05:00","2026-09-27T08:53:00","1","60","ALL_TICKETS_USED","AT_TICKET_DESTINATION"
"SYN002600","SYNTHETIC","ETM_STYLE","2026-09-27","23212","101 R","5022","Regular","2026-09-27_5022","morning","2026-09-27T07:51:00","9513","Vaanagaram","10","7378","Thangal","51","2026-09-27T07:51:00","2026-09-27T08:58:00","2","60","ALL_TICKETS_USED","AT_TICKET_DESTINATION"
"SYN002601","SYNTHETIC","CHENNAI_ONE_STYLE","2026-09-27","23212","101 R","5022","Regular","2026-09-27_5022","morning","2026-09-27T07:46:00","9581","Vengaya Mandi","15","10424","Kalaimagal Vidyalaya Or Esso","44","2026-09-27T07:58:00","2026-09-27T08:48:00","2","60","ALL_TICKETS_USED","AT_TICKET_DESTINATION"
"SYN002602","SYNTHETIC","ETM_STYLE","2026-09-27","23212","101 R","5022","Regular","2026-09-27_5022","morning","2026-09-27T07:41:00","9457","Saveetha Hospital","6","11087","Surya Narayana Road","46","2026-09-27T07:41:00","2026-09-27T08:50:00","1","60","ALL_TICKETS_USED","AT_TICKET_DESTINATION"
"SYN002603","SYNTHETIC","ETM_STYLE","2026-09-27","23212","101 R","5022","Regular","2026-09-27_5022","morning","2026-09-27T07:51:00","9513","Vaanagaram","10","7508","Thiruvottiyur Market","56","2026-09-27T07:51:00","2026-09-27T09:04:00","2","60","ALL_TICKETS_USED","AT_TICKET_DESTINATION"
"SYN002604","SYNTHETIC","CHENNAI_ONE_STYLE","2026-09-27","23212","101 R","5022","Regular","2026-09-27_5022","morning","2026-09-27T07:55:00","9542","Maduravoyal Post Office","13","10424","Kalaimagal Vidyalaya Or Esso","44","2026-09-27T07:55:00","2026-09-27T08:48:00","1","60","ALL_TICKETS_USED","AT_TICKET_DESTINATION"
"SYN002605","SYNTHETIC","ETM_STYLE","2026-09-27","23212","101 R","5022","Regular","2026-09-27_5022","morning","2026-09-27T07:41:00","9457","Saveetha Hospital","6","7531","Vellayan Chettiyar School","57","2026-09-27T07:41:00","2026-09-27T09:05:00","2","60","ALL_TICKETS_USED","AT_TICKET_DESTINATION"
"SYN002606","SYNTHETIC","CHENNAI_ONE_STYLE","2026-09-27","23212","101 R","5013","Regular","2026-09-27_5013","afternoon","2026-09-27T14:14:00","5536","Thangal Tollgate","50","7450","Ellaiamman Kovil","53","2026-09-27T14:17:00","2026-09-27T14:21:00","1","60","ALL_TICKETS_USED","AT_TICKET_DESTINATION"
"SYN002607","SYNTHETIC","ETM_STYLE","2026-09-27","23212","101 R","5013","Regular","2026-09-27_5013","afternoon","2026-09-27T12:50:00","9440","Poonamallee","1","9650","Arumbakkam Post Office","20","2026-09-27T12:50:00","2026-09-27T13:28:00","3","60","ALL_TICKETS_USED","AT_TICKET_DESTINATION"
"SYN002608","SYNTHETIC","ETM_STYLE","2026-09-27","23212","101 R","5013","Regular","2026-09-27_5013","afternoon","2026-09-27T12:58:00","10238","Poonamallee Municipality Or Kumananchavadi","5","9776","Flower Bazzar","35","2026-09-27T12:58:00","2026-09-27T13:54:00","1","60","ALL_TICKETS_USED","AT_TICKET_DESTINATION"
"SYN002609","SYNTHETIC","CHENNAI_ONE_STYLE","2026-09-27","23212","101 R","5013","Regular","2026-09-27_5013","afternoon","2026-09-27T14:00:00","9863","Collector Office","39","7577","Thiruvottriyur Bus Stand","59","2026-09-27T14:01:00","2026-09-27T14:27:00","2","60","ALL_TICKETS_USED","AT_TICKET_DESTINATION"
"SYN002610","SYNTHETIC","ETM_STYLE","2026-09-27","23212","101 R","5013","Regular","2026-09-27_5013","afternoon","2026-09-27T13:54:00","9776","Flower Bazzar","35","6936","Kalmandapam Police Station","43","2026-09-27T13:54:00","2026-09-27T14:07:00","1","60","ALL_TICKETS_USED","AT_TICKET_DESTINATION"
"SYN002611","SYNTHETIC","ETM_STYLE","2026-09-27","23212","101 R","5013","Regular","2026-09-27_5013","afternoon","2026-09-27T14:25:00","7531","Vellayan Chettiyar School","57","10539","Thiruvottiyur Ajax Bus Depot","58","2026-09-27T14:25:00","2026-09-27T14:26:00","1","60","ALL_TICKETS_USED","AT_TICKET_DESTINATION"
"SYN002612","SYNTHETIC","ETM_STYLE","2026-09-27","23212","101 R","5013","Regular","2026-09-27_5013","afternoon","2026-09-27T13:45:00","9686","Thinathanthi","31","7487","Thiruvotriyur Temple","55","2026-09-27T13:45:00","2026-09-27T14:23:00","1","60","ALL_TICKETS_USED","AT_TICKET_DESTINATION"
"SYN002613","SYNTHETIC","ETM_STYLE","2026-09-27","23212","101 R","5013","Regular","2026-09-27_5013","afternoon","2026-09-27T14:21:00","7450","Ellaiamman Kovil","53","7487","Thiruvotriyur Temple","55","2026-09-27T14:21:00","2026-09-27T14:23:00","1","60","ALL_TICKETS_USED","AT_TICKET_DESTINATION"
"SYN002614","SYNTHETIC","ETM_STYLE","2026-09-27","23212","101 R","5013","Regular","2026-09-27_5013","afternoon","2026-09-27T13:28:00","9650","Arumbakkam Post Office","20","9665","Neyveli House","28","2026-09-27T13:28:00","2026-09-27T13:40:00","2","60","ALL_TICKETS_USED","AT_TICKET_DESTINATION"
"SYN002615","SYNTHETIC","CHENNAI_ONE_STYLE","2026-09-27","23212","101 R","5013","Regular","2026-09-27_5013","afternoon","2026-09-27T13:56:00","7083","Kasimedu","47","7531","Vellayan Chettiyar School","57","2026-09-27T14:11:00","2026-09-27T14:25:00","1","60","ALL_TICKETS_USED","AT_TICKET_DESTINATION"
"SYN002616","SYNTHETIC","ETM_STYLE","2026-09-27","23212","101 R","5013","Regular","2026-09-27_5013","afternoon","2026-09-27T13:09:00","9525","Kumar Theatre","9","9686","Thinathanthi","31","2026-09-27T13:09:00","2026-09-27T13:45:00","1","60","ALL_TICKETS_USED","AT_TICKET_DESTINATION"
"SYN002617","SYNTHETIC","ETM_STYLE","2026-09-27","23212","101 R","5013","Regular","2026-09-27_5013","afternoon","2026-09-27T13:16:00","9566","Maduravoyal Ration Shop","14","11087","Surya Narayana Road","46","2026-09-27T13:16:00","2026-09-27T14:10:00","1","60","ALL_TICKETS_USED","AT_TICKET_DESTINATION"
"SYN002618","SYNTHETIC","ETM_STYLE","2026-09-27","23212","101 R","5013","Regular","2026-09-27_5013","afternoon","2026-09-27T14:26:00","10539","Thiruvottiyur Ajax Bus Depot","58","7577","Thiruvottriyur Bus Stand","59","2026-09-27T14:26:00","2026-09-27T14:27:00","1","60","ALL_TICKETS_USED","AT_TICKET_DESTINATION"
"SYN002619","SYNTHETIC","ETM_STYLE","2026-09-27","23212","101 R","5015","Regular","2026-09-27_5015","evening","2026-09-27T17:13:00","10238","Poonamallee Municipality Or Kumananchavadi","5","5536","Thangal Tollgate","50","2026-09-27T17:13:00","2026-09-27T18:32:00","2","60","ALL_TICKETS_USED","AT_TICKET_DESTINATION"
"SYN002620","SYNTHETIC","CHENNAI_ONE_STYLE","2026-09-27","23212","101 R","5015","Regular","2026-09-27_5015","evening","2026-09-27T17:09:00","9457","Saveetha Hospital","6","7531","Vellayan Chettiyar School","57","2026-09-27T17:16:00","2026-09-27T18:40:00","1","60","ALL_TICKETS_USED","AT_TICKET_DESTINATION"
"SYN002621","SYNTHETIC","CHENNAI_ONE_STYLE","2026-09-27","23212","101 R","5015","Regular","2026-09-27_5015","evening","2026-09-27T17:33:00","9594","Nerkundram","16","7189","Nagara Thottam","48","2026-09-27T17:38:00","2026-09-27T18:27:00","1","60","ALL_TICKETS_USED","AT_TICKET_DESTINATION"
"SYN002622","SYNTHETIC","CHENNAI_ONE_STYLE","2026-09-27","23212","101 R","5015","Regular","2026-09-27_5015","evening","2026-09-27T17:31:00","9628","Rohini Theatre","18","7480","Theradi","54","2026-09-27T17:41:00","2026-09-27T18:37:00","3","60","ALL_TICKETS_USED","AT_TICKET_DESTINATION"
"SYN002623","SYNTHETIC","ETM_STYLE","2026-09-27","23212","101 R","5015","Regular","2026-09-27_5015","evening","2026-09-27T17:30:00","9542","Maduravoyal Post Office","13","10424","Kalaimagal Vidyalaya Or Esso","44","2026-09-27T17:30:00","2026-09-27T18:23:00","3","60","ALL_TICKETS_USED","AT_TICKET_DESTINATION"
"SYN002624","SYNTHETIC","CHENNAI_ONE_STYLE","2026-09-27","23212","101 R","5015","Regular","2026-09-27_5015","evening","2026-09-27T17:38:00","9628","Rohini Theatre","18","7480","Theradi","54","2026-09-27T17:41:00","2026-09-27T18:37:00","2","60","ALL_TICKETS_USED","AT_TICKET_DESTINATION"
"SYN002625","SYNTHETIC","ETM_STYLE","2026-09-27","23212","101 R","5015","Regular","2026-09-27_5015","evening","2026-09-27T17:42:00","10293","Arumbakkam P.H Road","19","6758","Clive Battery","40","2026-09-27T17:42:00","2026-09-27T18:17:00","2","60","ALL_TICKETS_USED","AT_TICKET_DESTINATION"
"SYN002626","SYNTHETIC","ETM_STYLE","2026-09-27","23212","101 R","5015","Regular","2026-09-27_5015","evening","2026-09-27T17:24:00","9525","Kumar Theatre","9","10539","Thiruvottiyur Ajax Bus Depot","58","2026-09-27T17:24:00","2026-09-27T18:41:00","1","60","ALL_TICKETS_USED","AT_TICKET_DESTINATION"
"SYN002627","SYNTHETIC","ETM_STYLE","2026-09-27","23212","101 R","5015","Regular","2026-09-27_5015","evening","2026-09-27T17:31:00","9566","Maduravoyal Ration Shop","14","7480","Theradi","54","2026-09-27T17:31:00","2026-09-27T18:37:00","2","60","ALL_TICKETS_USED","AT_TICKET_DESTINATION"
"SYN002628","SYNTHETIC","CHENNAI_ONE_STYLE","2026-09-27","23212","101 R","5015","Regular","2026-09-27_5015","evening","2026-09-27T17:04:00","9392","Karayanchavadi","4","6847","Royapuram Market","42","2026-09-27T17:12:00","2026-09-27T18:20:00","1","60","ALL_TICKETS_USED","AT_TICKET_DESTINATION"
"SYN002629","SYNTHETIC","ETM_STYLE","2026-09-27","23212","101 R","5015","Regular","2026-09-27_5015","evening","2026-09-27T17:38:00","9594","Nerkundram","16","7189","Nagara Thottam","48","2026-09-27T17:38:00","2026-09-27T18:27:00","1","60","ALL_TICKETS_USED","AT_TICKET_DESTINATION"
"SYN002630","SYNTHETIC","ETM_STYLE","2026-09-27","23212","101 R","5015","Regular","2026-09-27_5015","evening","2026-09-27T17:16:00","9457","Saveetha Hospital","6","7292","Anna Nagar","49","2026-09-27T17:16:00","2026-09-27T18:28:00","1","60","ALL_TICKETS_USED","AT_TICKET_DESTINATION"
"SYN002631","SYNTHETIC","ETM_STYLE","2026-09-27","23212","101 R","5015","Regular","2026-09-27_5015","evening","2026-09-27T17:30:00","9542","Maduravoyal Post Office","13","10539","Thiruvottiyur Ajax Bus Depot","58","2026-09-27T17:30:00","2026-09-27T18:41:00","3","60","ALL_TICKETS_USED","AT_TICKET_DESTINATION"
"SYN002632","SYNTHETIC","ETM_STYLE","2026-09-27","23212","101 R","5015","Regular","2026-09-27_5015","evening","2026-09-27T17:30:00","9542","Maduravoyal Post Office","13","6847","Royapuram Market","42","2026-09-27T17:30:00","2026-09-27T18:20:00","1","60","ALL_TICKETS_USED","AT_TICKET_DESTINATION"
"SYN002633","SYNTHETIC","ETM_STYLE","2026-09-27","23212","101 R","5015","Regular","2026-09-27_5015","evening","2026-09-27T17:18:00","9500","Acs Medical College","7","7403","Raja Kaladi","52","2026-09-27T17:18:00","2026-09-27T18:34:00","1","60","ALL_TICKETS_USED","AT_TICKET_DESTINATION"
"SYN002634","SYNTHETIC","ETM_STYLE","2026-09-27","23212","101 R","5015","Regular","2026-09-27_5015","evening","2026-09-27T17:21:00","9519","Velappanchavadi","8","5536","Thangal Tollgate","50","2026-09-27T17:21:00","2026-09-27T18:32:00","2","60","ALL_TICKETS_USED","AT_TICKET_DESTINATION"
"SYN002635","SYNTHETIC","ETM_STYLE","2026-09-27","23212","101 R","5015","Regular","2026-09-27_5015","evening","2026-09-27T17:28:00","10269","Maduravoyal Erikarai","11","7487","Thiruvotriyur Temple","55","2026-09-27T17:28:00","2026-09-27T18:38:00","2","60","ALL_TICKETS_USED","AT_TICKET_DESTINATION"
"SYN002636","SYNTHETIC","ETM_STYLE","2026-09-27","23212","101 R","5015","Regular","2026-09-27_5015","evening","2026-09-27T17:13:00","10238","Poonamallee Municipality Or Kumananchavadi","5","10539","Thiruvottiyur Ajax Bus Depot","58","2026-09-27T17:13:00","2026-09-27T18:41:00","3","60","ALL_TICKETS_USED","AT_TICKET_DESTINATION"
"SYN002637","SYNTHETIC","ETM_STYLE","2026-09-27","23212","101 R","5015","Regular","2026-09-27_5015","evening","2026-09-27T17:18:00","9500","Acs Medical College","7","11087","Surya Narayana Road","46","2026-09-27T17:18:00","2026-09-27T18:25:00","1","60","ALL_TICKETS_USED","AT_TICKET_DESTINATION"
"SYN002638","SYNTHETIC","ETM_STYLE","2026-09-27","23212","101 R","5015","Regular","2026-09-27_5015","evening","2026-09-27T17:12:00","9392","Karayanchavadi","4","5536","Thangal Tollgate","50","2026-09-27T17:12:00","2026-09-27T18:32:00","1","60","ALL_TICKETS_USED","AT_TICKET_DESTINATION"
"SYN002639","SYNTHETIC","ETM_STYLE","2026-09-27","23212","101 R","5015","Regular","2026-09-27_5015","evening","2026-09-27T17:38:00","9594","Nerkundram","16","6936","Kalmandapam Police Station","43","2026-09-27T17:38:00","2026-09-27T18:22:00","1","60","ALL_TICKETS_USED","AT_TICKET_DESTINATION"
"SYN002640","SYNTHETIC","CHENNAI_ONE_STYLE","2026-09-27","23212","101 R","5015","Regular","2026-09-27_5015","evening","2026-09-27T17:41:00","10293","Arumbakkam P.H Road","19","7508","Thiruvottiyur Market","56","2026-09-27T17:42:00","2026-09-27T18:39:00","2","60","ALL_TICKETS_USED","AT_TICKET_DESTINATION"
"SYN002641","SYNTHETIC","ETM_STYLE","2026-09-27","23212","101 R","5015","Regular","2026-09-27_5015","evening","2026-09-27T17:26:00","9513","Vaanagaram","10","7450","Ellaiamman Kovil","53","2026-09-27T17:26:00","2026-09-27T18:36:00","1","60","ALL_TICKETS_USED","AT_TICKET_DESTINATION"
"SYN002642","SYNTHETIC","ETM_STYLE","2026-09-27","23212","101 R","5015","Regular","2026-09-27_5015","evening","2026-09-27T17:05:00","9440","Poonamallee","1","7189","Nagara Thottam","48","2026-09-27T17:05:00","2026-09-27T18:27:00","1","60","ALL_TICKETS_USED","AT_TICKET_DESTINATION"
"SYN002643","SYNTHETIC","CHENNAI_ONE_STYLE","2026-09-27","23212","101 R","5015","Regular","2026-09-27_5015","evening","2026-09-27T17:21:00","9542","Maduravoyal Post Office","13","5536","Thangal Tollgate","50","2026-09-27T17:30:00","2026-09-27T18:32:00","2","60","ALL_TICKETS_USED","AT_TICKET_DESTINATION"
"SYN002644","SYNTHETIC","CHENNAI_ONE_STYLE","2026-09-27","23212","101 R","5015","Regular","2026-09-27_5015","evening","2026-09-27T17:09:00","9525","Kumar Theatre","9","7577","Thiruvottriyur Bus Stand","59","2026-09-27T17:24:00","2026-09-27T18:42:00","1","60","ALL_TICKETS_USED","AT_TICKET_DESTINATION"
"SYN002645","SYNTHETIC","ETM_STYLE","2026-09-27","23212","101 R","5015","Regular","2026-09-27_5015","evening","2026-09-27T17:31:00","9566","Maduravoyal Ration Shop","14","7189","Nagara Thottam","48","2026-09-27T17:31:00","2026-09-27T18:27:00","1","60","ALL_TICKETS_USED","AT_TICKET_DESTINATION"
"SYN002646","SYNTHETIC","CHENNAI_ONE_STYLE","2026-09-27","23212","101 R","5015","Regular","2026-09-27_5015","evening","2026-09-27T17:04:00","9428","Kallarai","3","7508","Thiruvottiyur Market","56","2026-09-27T17:10:00","2026-09-27T18:39:00","1","60","ALL_TICKETS_USED","AT_TICKET_DESTINATION"
"SYN002647","SYNTHETIC","ETM_STYLE","2026-09-27","23212","101 R","5015","Regular","2026-09-27_5015","evening","2026-09-27T17:33:00","9581","Vengaya Mandi","15","7189","Nagara Thottam","48","2026-09-27T17:33:00","2026-09-27T18:27:00","2","60","ALL_TICKETS_USED","AT_TICKET_DESTINATION"
"SYN002648","SYNTHETIC","ETM_STYLE","2026-09-27","23212","101 R","5015","Regular","2026-09-27_5015","evening","2026-09-27T17:28:00","10269","Maduravoyal Erikarai","11","7487","Thiruvotriyur Temple","55","2026-09-27T17:28:00","2026-09-27T18:38:00","1","60","ALL_TICKETS_USED","AT_TICKET_DESTINATION"
"SYN002649","SYNTHETIC","CHENNAI_ONE_STYLE","2026-09-27","23212","101 R","71785","Regular","2026-09-27_71785","night","2026-09-27T22:23:00","9436","Poonamallee Government Hospital","2","10238","Poonamallee Municipality Or Kumananchavadi","5","2026-09-27T22:30:00","2026-09-27T22:35:00","2","60","ALL_TICKETS_USED","AT_TICKET_DESTINATION"
"SYN002650","SYNTHETIC","CHENNAI_ONE_STYLE","2026-09-27","23212","101 R","71785","Regular","2026-09-27_71785","night","2026-09-27T22:58:00","9626","Aminjikarai Market","24","9665","Neyveli House","28","2026-09-27T23:12:00","2026-09-27T23:17:00","1","60","ALL_TICKETS_USED","AT_TICKET_DESTINATION"
"SYN002651","SYNTHETIC","CHENNAI_ONE_STYLE","2026-09-27","23212","101 R","71785","Regular","2026-09-27_71785","night","2026-09-27T22:18:00","9436","Poonamallee Government Hospital","2","10269","Maduravoyal Erikarai","11","2026-09-27T22:30:00","2026-09-27T22:50:00","1","60","ALL_TICKETS_USED","AT_TICKET_DESTINATION"
"SYN002652","SYNTHETIC","CHENNAI_ONE_STYLE","2026-09-27","23212","101 R","71785","Regular","2026-09-27_71785","night","2026-09-27T23:00:00","9650","Arumbakkam Post Office","20","10316","Payaigada Evening Bazar Road","34","2026-09-27T23:05:00","2026-09-27T23:30:00","1","60","ALL_TICKETS_USED","AT_TICKET_DESTINATION"
"SYN002653","SYNTHETIC","ETM_STYLE","2026-09-27","23212","101 R","71785","Regular","2026-09-27_71785","night","2026-09-27T22:52:00","9542","Maduravoyal Post Office","13","7292","Anna Nagar","49","2026-09-27T22:52:00","2026-09-27T23:50:00","1","60","ALL_TICKETS_USED","AT_TICKET_DESTINATION"
"SYN002654","SYNTHETIC","ETM_STYLE","2026-09-27","23212","101 R","71785","Regular","2026-09-27_71785","night","2026-09-27T22:52:00","9542","Maduravoyal Post Office","13","7577","Thiruvottriyur Bus Stand","59","2026-09-27T22:52:00","2026-09-28T00:04:00","1","60","ALL_TICKETS_USED","AT_TICKET_DESTINATION"
"SYN002655","SYNTHETIC","ETM_STYLE","2026-09-27","23212","101 R","71785","Regular","2026-09-27_71785","night","2026-09-27T23:16:00","9659","Kmc Hospital","27","7189","Nagara Thottam","48","2026-09-27T23:16:00","2026-09-27T23:49:00","1","60","ALL_TICKETS_USED","AT_TICKET_DESTINATION"
"SYN002656","SYNTHETIC","ETM_STYLE","2026-09-27","23212","101 R","71785","Regular","2026-09-27_71785","night","2026-09-27T23:13:00","9636","Pachaiyappas College","25","7531","Vellayan Chettiyar School","57","2026-09-27T23:13:00","2026-09-28T00:02:00","1","60","ALL_TICKETS_USED","AT_TICKET_DESTINATION"
"SYN002657","SYNTHETIC","CHENNAI_ONE_STYLE","2026-09-27","23212","101 R","71785","Regular","2026-09-27_71785","night","2026-09-27T23:13:00","9636","Pachaiyappas College","25","9776","Flower Bazzar","35","2026-09-27T23:13:00","2026-09-27T23:31:00","1","60","ALL_TICKETS_USED","AT_TICKET_DESTINATION"
"SYN002658","SYNTHETIC","ETM_STYLE","2026-09-27","23212","101 R","71785","Regular","2026-09-27_71785","night","2026-09-27T23:11:00","5792","Aminjikarai","23","6758","Clive Battery","40","2026-09-27T23:11:00","2026-09-27T23:39:00","1","60","ALL_TICKETS_USED","AT_TICKET_DESTINATION"
"SYN002659","SYNTHETIC","CHENNAI_ONE_STYLE","2026-09-27","23212","101 R","71785","Regular","2026-09-27_71785","night","2026-09-27T23:45:00","5536","Thangal Tollgate","50","7531","Vellayan Chettiyar School","57","2026-09-27T23:54:00","2026-09-28T00:02:00","2","60","ALL_TICKETS_USED","AT_TICKET_DESTINATION"
"SYN002660","SYNTHETIC","ETM_STYLE","2026-09-27","23212","101 R","71785","Regular","2026-09-27_71785","night","2026-09-27T23:12:00","9626","Aminjikarai Market","24","9863","Collector Office","39","2026-09-27T23:12:00","2026-09-27T23:38:00","2","60","ALL_TICKETS_USED","AT_TICKET_DESTINATION"
"SYN002661","SYNTHETIC","ETM_STYLE","2026-09-27","24079","102","108712","Regular","2026-09-27_108712","morning","2026-09-27T09:47:00","9128","Mrc Nagar","14","6358","Semmancheri","39","2026-09-27T09:47:00","2026-09-27T10:31:00","1","60","ALL_TICKETS_USED","AT_TICKET_DESTINATION"
"SYN002662","SYNTHETIC","ETM_STYLE","2026-09-27","24079","102","108712","Regular","2026-09-27_108712","morning","2026-09-27T09:48:00","10814","Music College Annamalai Puram","15","6157","Padur","47","2026-09-27T09:48:00","2026-09-27T10:40:00","1","60","ALL_TICKETS_USED","AT_TICKET_DESTINATION"
"SYN002663","SYNTHETIC","ETM_STYLE","2026-09-27","24079","102","108712","Regular","2026-09-27_108712","morning","2026-09-27T09:27:00","9782","High Court","2","6314","Ags Complex Navalur","40","2026-09-27T09:27:00","2026-09-27T10:32:00","1","60","ALL_TICKETS_USED","AT_TICKET_DESTINATION"
"SYN002664","SYNTHETIC","ETM_STYLE","2026-09-27","24079","102","108712","Regular","2026-09-27_108712","morning","2026-09-27T09:29:00","9783","Parrys Corner","3","6314","Ags Complex Navalur","40","2026-09-27T09:29:00","2026-09-27T10:32:00","2","60","ALL_TICKETS_USED","AT_TICKET_DESTINATION"
"SYN002665","SYNTHETIC","ETM_STYLE","2026-09-27","24079","102","108712","Regular","2026-09-27_108712","morning","2026-09-27T09:41:00","9318","Nochikuppam","11","10012","Government School Shozhinganallur","35","2026-09-27T09:41:00","2026-09-27T10:23:00","1","60","ALL_TICKETS_USED","AT_TICKET_DESTINATION"
"SYN002666","SYNTHETIC","CHENNAI_ONE_STYLE","2026-09-27","24079","102","108712","Regular","2026-09-27_108712","morning","2026-09-27T09:25:00","2601","Marina Beach","8","6150","Hindustan College","48","2026-09-27T09:36:00","2026-09-27T10:41:00","2","60","ALL_TICKETS_USED","AT_TICKET_DESTINATION"
"SYN002667","SYNTHETIC","ETM_STYLE","2026-09-27","24079","102","108712","Regular","2026-09-27_108712","morning","2026-09-27T09:39:00","5917","Queen Marys College","10","6269","Egattur","42","2026-09-27T09:39:00","2026-09-27T10:35:00","2","60","ALL_TICKETS_USED","AT_TICKET_DESTINATION"
"SYN002668","SYNTHETIC","ETM_STYLE","2026-09-27","24079","102","108712","Regular","2026-09-27_108712","morning","2026-09-27T09:45:00","9158","Foreshore Estate Bus Terminus","13","6150","Hindustan College","48","2026-09-27T09:45:00","2026-09-27T10:41:00","2","60","ALL_TICKETS_USED","AT_TICKET_DESTINATION"
"SYN002669","SYNTHETIC","CHENNAI_ONE_STYLE","2026-09-27","24079","102","108712","Regular","2026-09-27_108712","morning","2026-09-27T09:47:00","5758","M.G.R Janaki College Or Sathya Studio","16","6420","Kumaran Nagar","37","2026-09-27T09:49:00","2026-09-27T10:26:00","2","60","ALL_TICKETS_USED","AT_TICKET_DESTINATION"
"SYN002670","SYNTHETIC","ETM_STYLE","2026-09-27","24079","102","108712","Regular","2026-09-27_108712","morning","2026-09-27T09:49:00","5758","M.G.R Janaki College Or Sathya Studio","16","6454","Ponniamman Kovil","36","2026-09-27T09:49:00","2026-09-27T10:24:00","1","60","ALL_TICKETS_USED","AT_TICKET_DESTINATION"
"SYN002671","SYNTHETIC","ETM_STYLE","2026-09-27","24079","102","108712","Regular","2026-09-27_108712","morning","2026-09-27T09:33:00","11192","Annasquare","6","6225","Vaniyanchavadi Padma Adarsh School","44","2026-09-27T09:33:00","2026-09-27T10:37:00","3","60","ALL_TICKETS_USED","AT_TICKET_DESTINATION"
"SYN002672","SYNTHETIC","CHENNAI_ONE_STYLE","2026-09-27","24079","102","108712","Regular","2026-09-27_108712","morning","2026-09-27T09:42:00","5760","Adyar Signal","17","6314","Ags Complex Navalur","40","2026-09-27T09:51:00","2026-09-27T10:32:00","1","60","ALL_TICKETS_USED","AT_TICKET_DESTINATION"
"SYN002673","SYNTHETIC","ETM_STYLE","2026-09-27","24079","102","108712","Regular","2026-09-27_108712","morning","2026-09-27T09:31:00","5814","Secretariat","4","6125","Kelambakkam V A O Office","50","2026-09-27T09:31:00","2026-09-27T10:43:00","1","60","ALL_TICKETS_USED","AT_TICKET_DESTINATION"
"SYN002674","SYNTHETIC","ETM_STYLE","2026-09-27","24079","102","108712","Regular","2026-09-27_108712","morning","2026-09-27T09:32:00","5932","War Memorial","5","6125","Kelambakkam V A O Office","50","2026-09-27T09:32:00","2026-09-27T10:43:00","1","60","ALL_TICKETS_USED","AT_TICKET_DESTINATION"
"SYN002675","SYNTHETIC","CHENNAI_ONE_STYLE","2026-09-27","24079","102","108712","Regular","2026-09-27_108712","morning","2026-09-27T09:42:00","9262","Santhome Church","12","6099","Kelambakkam Bus Terminal","51","2026-09-27T09:42:00","2026-09-27T10:45:00","1","60","ALL_TICKETS_USED","AT_TICKET_DESTINATION"
"SYN002676","SYNTHETIC","ETM_STYLE","2026-09-27","24079","102","108712","Regular","2026-09-27_108712","morning","2026-09-27T09:38:00","5916","Vivekananda House","9","6179","Akshaya Padur","46","2026-09-27T09:38:00","2026-09-27T10:39:00","2","60","ALL_TICKETS_USED","AT_TICKET_DESTINATION"
"SYN002677","SYNTHETIC","ETM_STYLE","2026-09-27","24079","102","108712","Regular","2026-09-27_108712","morning","2026-09-27T09:20:00","11159","Island ground Terminus","1","6269","Egattur","42","2026-09-27T09:20:00","2026-09-27T10:35:00","2","60","ALL_TICKETS_USED","AT_TICKET_DESTINATION"
"SYN002678","SYNTHETIC","ETM_STYLE","2026-09-27","24079","102","108712","Regular","2026-09-27_108712","morning","2026-09-27T09:45:00","9158","Foreshore Estate Bus Terminus","13","6198","Kazhipattur","45","2026-09-27T09:45:00","2026-09-27T10:38:00","1","60","ALL_TICKETS_USED","AT_TICKET_DESTINATION"
"SYN002679","SYNTHETIC","ETM_STYLE","2026-09-27","24079","102","108712","Regular","2026-09-27_108712","morning","2026-09-27T09:49:00","5758","M.G.R Janaki College Or Sathya Studio","16","6403","Satyabhama University","38","2026-09-27T09:49:00","2026-09-27T10:28:00","1","60","ALL_TICKETS_USED","AT_TICKET_DESTINATION"
"SYN002680","SYNTHETIC","ETM_STYLE","2026-09-27","24079","102","108712","Regular","2026-09-27_108712","morning","2026-09-27T09:45:00","9158","Foreshore Estate Bus Terminus","13","6198","Kazhipattur","45","2026-09-27T09:45:00","2026-09-27T10:38:00","1","60","ALL_TICKETS_USED","AT_TICKET_DESTINATION"
"SYN002681","SYNTHETIC","ETM_STYLE","2026-09-27","24079","102","108712","Regular","2026-09-27_108712","morning","2026-09-27T09:41:00","9318","Nochikuppam","11","6099","Kelambakkam Bus Terminal","51","2026-09-27T09:41:00","2026-09-27T10:45:00","1","60","ALL_TICKETS_USED","AT_TICKET_DESTINATION"
"SYN002682","SYNTHETIC","ETM_STYLE","2026-09-27","24079","102","108712","Regular","2026-09-27_108712","morning","2026-09-27T09:35:00","10941","Kannagi Statue Shelter 1","7","6179","Akshaya Padur","46","2026-09-27T09:35:00","2026-09-27T10:39:00","2","60","ALL_TICKETS_USED","AT_TICKET_DESTINATION"
"SYN002683","SYNTHETIC","ETM_STYLE","2026-09-27","24079","102","108712","Regular","2026-09-27_108712","morning","2026-09-27T09:47:00","9128","Mrc Nagar","14","6454","Ponniamman Kovil","36","2026-09-27T09:47:00","2026-09-27T10:24:00","1","60","ALL_TICKETS_USED","AT_TICKET_DESTINATION"
"SYN002684","SYNTHETIC","ETM_STYLE","2026-09-27","24079","102","108712","Regular","2026-09-27_108712","morning","2026-09-27T09:48:00","10814","Music College Annamalai Puram","15","6099","Kelambakkam Bus Terminal","51","2026-09-27T09:48:00","2026-09-27T10:45:00","1","60","ALL_TICKETS_USED","AT_TICKET_DESTINATION"
"SYN002685","SYNTHETIC","ETM_STYLE","2026-09-27","24079","102","108712","Regular","2026-09-27_108712","morning","2026-09-27T09:38:00","5916","Vivekananda House","9","6198","Kazhipattur","45","2026-09-27T09:38:00","2026-09-27T10:38:00","1","60","ALL_TICKETS_USED","AT_TICKET_DESTINATION"
"SYN002686","SYNTHETIC","ETM_STYLE","2026-09-27","24079","102","108712","Regular","2026-09-27_108712","morning","2026-09-27T09:29:00","9783","Parrys Corner","3","10012","Government School Shozhinganallur","35","2026-09-27T09:29:00","2026-09-27T10:23:00","1","60","ALL_TICKETS_USED","AT_TICKET_DESTINATION"
"SYN002687","SYNTHETIC","ETM_STYLE","2026-09-27","24079","102","108712","Regular","2026-09-27_108712","morning","2026-09-27T09:38:00","5916","Vivekananda House","9","6269","Egattur","42","2026-09-27T09:38:00","2026-09-27T10:35:00","2","60","ALL_TICKETS_USED","AT_TICKET_DESTINATION"
"SYN002688","SYNTHETIC","ETM_STYLE","2026-09-27","24079","102","108712","Regular","2026-09-27_108712","morning","2026-09-27T09:42:00","9262","Santhome Church","12","6225","Vaniyanchavadi Padma Adarsh School","44","2026-09-27T09:42:00","2026-09-27T10:37:00","2","60","ALL_TICKETS_USED","AT_TICKET_DESTINATION"
"SYN002689","SYNTHETIC","ETM_STYLE","2026-09-27","24079","102","108712","Regular","2026-09-27_108712","morning","2026-09-27T09:27:00","9782","High Court","2","6150","Hindustan College","48","2026-09-27T09:27:00","2026-09-27T10:41:00","1","60","ALL_TICKETS_USED","AT_TICKET_DESTINATION"
"SYN002690","SYNTHETIC","ETM_STYLE","2026-09-27","24079","102","108712","Regular","2026-09-27_108712","morning","2026-09-27T09:39:00","5917","Queen Marys College","10","6269","Egattur","42","2026-09-27T09:39:00","2026-09-27T10:35:00","1","60","ALL_TICKETS_USED","AT_TICKET_DESTINATION"
"SYN002691","SYNTHETIC","ETM_STYLE","2026-09-27","24079","102","108714","Regular","2026-09-27_108714","afternoon","2026-09-27T14:30:00","8924","Shasthri Nagar","19","6269","Egattur","42","2026-09-27T14:30:00","2026-09-27T15:10:00","2","60","ALL_TICKETS_USED","AT_TICKET_DESTINATION"
"SYN002692","SYNTHETIC","ETM_STYLE","2026-09-27","24079","102","108714","Regular","2026-09-27_108714","afternoon","2026-09-27T15:11:00","9966","It Park Siruseri Or Muttukadu","43","6150","Hindustan College","48","2026-09-27T15:11:00","2026-09-27T15:16:00","1","60","ALL_TICKETS_USED","AT_TICKET_DESTINATION"
"SYN002693","SYNTHETIC","ETM_STYLE","2026-09-27","24079","102","108714","Regular","2026-09-27_108714","afternoon","2026-09-27T14:55:00","10031","Dollar Or Accenture","33","6157","Padur","47","2026-09-27T14:55:00","2026-09-27T15:15:00","1","60","ALL_TICKETS_USED","AT_TICKET_DESTINATION"
"SYN002694","SYNTHETIC","ETM_STYLE","2026-09-27","24079","102","108714","Regular","2026-09-27_108714","afternoon","2026-09-27T14:04:00","9783","Parrys Corner","3","8542","Kandanchavadi","24","2026-09-27T14:04:00","2026-09-27T14:40:00","2","60","ALL_TICKETS_USED","AT_TICKET_DESTINATION"
"SYN002695","SYNTHETIC","CHENNAI_ONE_STYLE","2026-09-27","24079","102","108714","Regular","2026-09-27_108714","afternoon","2026-09-27T13:49:00","9783","Parrys Corner","3","6686","Okkiyampet","30","2026-09-27T14:04:00","2026-09-27T14:50:00","1","60","ALL_TICKETS_USED","AT_TICKET_DESTINATION"
"SYN002696","SYNTHETIC","ETM_STYLE","2026-09-27","24079","102","108714","Regular","2026-09-27_108714","afternoon","2026-09-27T14:08:00","11192","Annasquare","6","5916","Vivekananda House","9","2026-09-27T14:08:00","2026-09-27T14:13:00","1","60","ALL_TICKETS_USED","AT_TICKET_DESTINATION"
"SYN002697","SYNTHETIC","ETM_STYLE","2026-09-27","24079","102","108714","Regular","2026-09-27_108714","afternoon","2026-09-27T14:23:00","10814","Music College Annamalai Puram","15","6622","Kcg College","31","2026-09-27T14:23:00","2026-09-27T14:51:00","1","60","ALL_TICKETS_USED","AT_TICKET_DESTINATION"
"SYN002698","SYNTHETIC","ETM_STYLE","2026-09-27","24079","102","108714","Regular","2026-09-27_108714","afternoon","2026-09-27T14:47:00","8323","Mettukuppam","28","6420","Kumaran Nagar","37","2026-09-27T14:47:00","2026-09-27T15:01:00","2","60","ALL_TICKETS_USED","AT_TICKET_DESTINATION"
"SYN002699","SYNTHETIC","CHENNAI_ONE_STYLE","2026-09-27","24079","102","108714","Regular","2026-09-27_108714","afternoon","2026-09-27T14:42:00","8323","Mettukuppam","28","10031","Dollar Or Accenture","33","2026-09-27T14:47:00","2026-09-27T14:55:00","1","60","ALL_TICKETS_USED","AT_TICKET_DESTINATION"
"SYN002700","SYNTHETIC","CHENNAI_ONE_STYLE","2026-09-27","24079","102","108714","Regular","2026-09-27_108714","afternoon","2026-09-27T14:31:00","8542","Kandanchavadi","24","6179","Akshaya Padur","46","2026-09-27T14:40:00","2026-09-27T15:14:00","1","60","ALL_TICKETS_USED","AT_TICKET_DESTINATION"
"SYN002701","SYNTHETIC","CHENNAI_ONE_STYLE","2026-09-27","24079","102","108714","Regular","2026-09-27_108714","afternoon","2026-09-27T14:57:00","6358","Semmancheri","39","6269","Egattur","42","2026-09-27T15:06:00","2026-09-27T15:10:00","2","60","ALL_TICKETS_USED","AT_TICKET_DESTINATION"
"SYN002702","SYNTHETIC","ETM_STYLE","2026-09-27","24079","102","108714","Regular","2026-09-27_108714","afternoon","2026-09-27T14:41:00","8481","Perungudi","25","6358","Semmancheri","39","2026-09-27T14:41:00","2026-09-27T15:06:00","2","60","ALL_TICKETS_USED","AT_TICKET_DESTINATION"
"SYN002703","SYNTHETIC","ETM_STYLE","2026-09-27","24079","102","108714","Regular","2026-09-27_108714","afternoon","2026-09-27T14:59:00","6454","Ponniamman Kovil","36","6132","Chettinad Hospital","49","2026-09-27T14:59:00","2026-09-27T15:17:00","1","60","ALL_TICKETS_USED","AT_TICKET_DESTINATION"
"SYN002704","SYNTHETIC","ETM_STYLE","2026-09-27","24079","102","108716","Regular","2026-09-27_108716","evening","2026-09-27T18:54:00","9783","Parrys Corner","3","6403","Satyabhama University","38","2026-09-27T18:54:00","2026-09-27T19:53:00","1","60","ALL_TICKETS_USED","AT_TICKET_DESTINATION"
"SYN002705","SYNTHETIC","ETM_STYLE","2026-09-27","24079","102","108716","Regular","2026-09-27_108716","evening","2026-09-27T19:06:00","9318","Nochikuppam","11","6198","Kazhipattur","45","2026-09-27T19:06:00","2026-09-27T20:03:00","3","60","ALL_TICKETS_USED","AT_TICKET_DESTINATION"
"SYN002706","SYNTHETIC","CHENNAI_ONE_STYLE","2026-09-27","24079","102","108716","Regular","2026-09-27_108716","evening","2026-09-27T18:52:00","5916","Vivekananda House","9","6099","Kelambakkam Bus Terminal","51","2026-09-27T19:03:00","2026-09-27T20:10:00","2","60","ALL_TICKETS_USED","AT_TICKET_DESTINATION"
"SYN002707","SYNTHETIC","ETM_STYLE","2026-09-27","24079","102","108716","Regular","2026-09-27_108716","evening","2026-09-27T18:54:00","9783","Parrys Corner","3","6225","Vaniyanchavadi Padma Adarsh School","44","2026-09-27T18:54:00","2026-09-27T20:02:00","2","60","ALL_TICKETS_USED","AT_TICKET_DESTINATION"
"SYN002708","SYNTHETIC","ETM_STYLE","2026-09-27","24079","102","108716","Regular","2026-09-27_108716","evening","2026-09-27T18:52:00","9782","High Court","2","6179","Akshaya Padur","46","2026-09-27T18:52:00","2026-09-27T20:04:00","3","60","ALL_TICKETS_USED","AT_TICKET_DESTINATION"
"SYN002709","SYNTHETIC","ETM_STYLE","2026-09-27","24079","102","108716","Regular","2026-09-27_108716","evening","2026-09-27T19:01:00","2601","Marina Beach","8","6179","Akshaya Padur","46","2026-09-27T19:01:00","2026-09-27T20:04:00","1","60","ALL_TICKETS_USED","AT_TICKET_DESTINATION"
"SYN002710","SYNTHETIC","ETM_STYLE","2026-09-27","24079","102","108716","Regular","2026-09-27_108716","evening","2026-09-27T19:12:00","9128","Mrc Nagar","14","6358","Semmancheri","39","2026-09-27T19:12:00","2026-09-27T19:56:00","1","60","ALL_TICKETS_USED","AT_TICKET_DESTINATION"
"SYN002711","SYNTHETIC","CHENNAI_ONE_STYLE","2026-09-27","24079","102","108716","Regular","2026-09-27_108716","evening","2026-09-27T18:50:00","9782","High Court","2","9966","It Park Siruseri Or Muttukadu","43","2026-09-27T18:52:00","2026-09-27T20:01:00","1","60","ALL_TICKETS_USED","AT_TICKET_DESTINATION"
"SYN002712","SYNTHETIC","CHENNAI_ONE_STYLE","2026-09-27","24079","102","108716","Regular","2026-09-27_108716","evening","2026-09-27T19:14:00","5760","Adyar Signal","17","6099","Kelambakkam Bus Terminal","51","2026-09-27T19:16:00","2026-09-27T20:10:00","2","60","ALL_TICKETS_USED","AT_TICKET_DESTINATION"
"SYN002713","SYNTHETIC","CHENNAI_ONE_STYLE","2026-09-27","24079","102","108716","Regular","2026-09-27_108716","evening","2026-09-27T18:59:00","5917","Queen Marys College","10","6314","Ags Complex Navalur","40","2026-09-27T19:04:00","2026-09-27T19:57:00","1","60","ALL_TICKETS_USED","AT_TICKET_DESTINATION"
"SYN002714","SYNTHETIC","CHENNAI_ONE_STYLE","2026-09-27","24079","102","108716","Regular","2026-09-27_108716","evening","2026-09-27T18:46:00","2601","Marina Beach","8","6132","Chettinad Hospital","49","2026-09-27T19:01:00","2026-09-27T20:07:00","1","60","ALL_TICKETS_USED","AT_TICKET_DESTINATION"
"SYN002715","SYNTHETIC","ETM_STYLE","2026-09-27","24079","102","108716","Regular","2026-09-27_108716","evening","2026-09-27T19:13:00","10814","Music College Annamalai Puram","15","6420","Kumaran Nagar","37","2026-09-27T19:13:00","2026-09-27T19:51:00","2","60","ALL_TICKETS_USED","AT_TICKET_DESTINATION"
"SYN002716","SYNTHETIC","CHENNAI_ONE_STYLE","2026-09-27","24079","102","108716","Regular","2026-09-27_108716","evening","2026-09-27T19:05:00","9128","Mrc Nagar","14","6358","Semmancheri","39","2026-09-27T19:12:00","2026-09-27T19:56:00","1","60","ALL_TICKETS_USED","AT_TICKET_DESTINATION"
"SYN002717","SYNTHETIC","ETM_STYLE","2026-09-27","24079","102","108716","Regular","2026-09-27_108716","evening","2026-09-27T19:03:00","5916","Vivekananda House","9","6358","Semmancheri","39","2026-09-27T19:03:00","2026-09-27T19:56:00","1","60","ALL_TICKETS_USED","AT_TICKET_DESTINATION"
"SYN002718","SYNTHETIC","CHENNAI_ONE_STYLE","2026-09-27","24079","102","108716","Regular","2026-09-27_108716","evening","2026-09-27T19:03:00","9128","Mrc Nagar","14","6314","Ags Complex Navalur","40","2026-09-27T19:12:00","2026-09-27T19:57:00","1","60","ALL_TICKETS_USED","AT_TICKET_DESTINATION"
"SYN002719","SYNTHETIC","CHENNAI_ONE_STYLE","2026-09-27","24079","102","108716","Regular","2026-09-27_108716","evening","2026-09-27T19:11:00","10814","Music College Annamalai Puram","15","6125","Kelambakkam V A O Office","50","2026-09-27T19:13:00","2026-09-27T20:08:00","1","60","ALL_TICKETS_USED","AT_TICKET_DESTINATION"
"SYN002720","SYNTHETIC","ETM_STYLE","2026-09-27","24079","102","108716","Regular","2026-09-27_108716","evening","2026-09-27T19:04:00","5917","Queen Marys College","10","6358","Semmancheri","39","2026-09-27T19:04:00","2026-09-27T19:56:00","2","60","ALL_TICKETS_USED","AT_TICKET_DESTINATION"
"SYN002721","SYNTHETIC","ETM_STYLE","2026-09-27","24079","102","108716","Regular","2026-09-27_108716","evening","2026-09-27T19:13:00","10814","Music College Annamalai Puram","15","6125","Kelambakkam V A O Office","50","2026-09-27T19:13:00","2026-09-27T20:08:00","1","60","ALL_TICKETS_USED","AT_TICKET_DESTINATION"
"SYN002722","SYNTHETIC","ETM_STYLE","2026-09-27","24079","102","108716","Regular","2026-09-27_108716","evening","2026-09-27T19:12:00","9128","Mrc Nagar","14","6157","Padur","47","2026-09-27T19:12:00","2026-09-27T20:05:00","1","60","ALL_TICKETS_USED","AT_TICKET_DESTINATION"
"SYN002723","SYNTHETIC","CHENNAI_ONE_STYLE","2026-09-27","24079","102","108716","Regular","2026-09-27_108716","evening","2026-09-27T19:08:00","5758","M.G.R Janaki College Or Sathya Studio","16","9966","It Park Siruseri Or Muttukadu","43","2026-09-27T19:14:00","2026-09-27T20:01:00","2","60","ALL_TICKETS_USED","AT_TICKET_DESTINATION"
"SYN002724","SYNTHETIC","CHENNAI_ONE_STYLE","2026-09-27","24079","102","108716","Regular","2026-09-27_108716","evening","2026-09-27T18:57:00","9318","Nochikuppam","11","6225","Vaniyanchavadi Padma Adarsh School","44","2026-09-27T19:06:00","2026-09-27T20:02:00","3","60","ALL_TICKETS_USED","AT_TICKET_DESTINATION"
"SYN002725","SYNTHETIC","ETM_STYLE","2026-09-27","24079","102","108716","Regular","2026-09-27_108716","evening","2026-09-27T18:58:00","11192","Annasquare","6","9974","Navalur","41","2026-09-27T18:58:00","2026-09-27T19:58:00","1","60","ALL_TICKETS_USED","AT_TICKET_DESTINATION"
"SYN002726","SYNTHETIC","ETM_STYLE","2026-09-27","24079","102","108716","Regular","2026-09-27_108716","evening","2026-09-27T19:14:00","5758","M.G.R Janaki College Or Sathya Studio","16","6132","Chettinad Hospital","49","2026-09-27T19:14:00","2026-09-27T20:07:00","1","60","ALL_TICKETS_USED","AT_TICKET_DESTINATION"
"SYN002727","SYNTHETIC","CHENNAI_ONE_STYLE","2026-09-27","24079","102","108716","Regular","2026-09-27_108716","evening","2026-09-27T18:44:00","11159","Island ground Terminus","1","6269","Egattur","42","2026-09-27T18:45:00","2026-09-27T20:00:00","1","60","ALL_TICKETS_USED","AT_TICKET_DESTINATION"
"SYN002728","SYNTHETIC","ETM_STYLE","2026-09-27","24079","102","108716","Regular","2026-09-27_108716","evening","2026-09-27T19:12:00","9128","Mrc Nagar","14","6150","Hindustan College","48","2026-09-27T19:12:00","2026-09-27T20:06:00","2","60","ALL_TICKETS_USED","AT_TICKET_DESTINATION"
"SYN002729","SYNTHETIC","ETM_STYLE","2026-09-27","24079","102","108716","Regular","2026-09-27_108716","evening","2026-09-27T19:07:00","9262","Santhome Church","12","6125","Kelambakkam V A O Office","50","2026-09-27T19:07:00","2026-09-27T20:08:00","1","60","ALL_TICKETS_USED","AT_TICKET_DESTINATION"
"SYN002730","SYNTHETIC","ETM_STYLE","2026-09-27","24079","102","108716","Regular","2026-09-27_108716","evening","2026-09-27T18:54:00","9783","Parrys Corner","3","6403","Satyabhama University","38","2026-09-27T18:54:00","2026-09-27T19:53:00","3","60","ALL_TICKETS_USED","AT_TICKET_DESTINATION"
"SYN002731","SYNTHETIC","ETM_STYLE","2026-09-27","24079","102","108716","Regular","2026-09-27_108716","evening","2026-09-27T18:56:00","5814","Secretariat","4","6150","Hindustan College","48","2026-09-27T18:56:00","2026-09-27T20:06:00","2","60","ALL_TICKETS_USED","AT_TICKET_DESTINATION"
"SYN002732","SYNTHETIC","ETM_STYLE","2026-09-27","24079","102","108716","Regular","2026-09-27_108716","evening","2026-09-27T19:12:00","9128","Mrc Nagar","14","6403","Satyabhama University","38","2026-09-27T19:12:00","2026-09-27T19:53:00","1","60","ALL_TICKETS_USED","AT_TICKET_DESTINATION"
"SYN002733","SYNTHETIC","ETM_STYLE","2026-09-27","24079","102","108716","Regular","2026-09-27_108716","evening","2026-09-27T19:14:00","5758","M.G.R Janaki College Or Sathya Studio","16","6179","Akshaya Padur","46","2026-09-27T19:14:00","2026-09-27T20:04:00","2","60","ALL_TICKETS_USED","AT_TICKET_DESTINATION"
"SYN002734","SYNTHETIC","ETM_STYLE","2026-09-27","24079","102","108761","Regular","2026-09-27_108761","night","2026-09-27T20:53:00","8624","I G P","23","6132","Chettinad Hospital","49","2026-09-27T20:53:00","2026-09-27T21:32:00","1","60","ALL_TICKETS_USED","AT_TICKET_DESTINATION"
"SYN002735","SYNTHETIC","CHENNAI_ONE_STYLE","2026-09-27","24079","102","108761","Regular","2026-09-27_108761","night","2026-09-27T20:18:00","10941","Kannagi Statue Shelter 1","7","9318","Nochikuppam","11","2026-09-27T20:25:00","2026-09-27T20:31:00","1","60","ALL_TICKETS_USED","AT_TICKET_DESTINATION"
"SYN002736","SYNTHETIC","ETM_STYLE","2026-09-27","24079","102","108761","Regular","2026-09-27_108761","night","2026-09-27T21:21:00","6358","Semmancheri","39","6269","Egattur","42","2026-09-27T21:21:00","2026-09-27T21:25:00","1","60","ALL_TICKETS_USED","AT_TICKET_DESTINATION"
"SYN002737","SYNTHETIC","CHENNAI_ONE_STYLE","2026-09-27","24079","102","108761","Regular","2026-09-27_108761","night","2026-09-27T20:56:00","8323","Mettukuppam","28","6179","Akshaya Padur","46","2026-09-27T21:02:00","2026-09-27T21:29:00","2","60","ALL_TICKETS_USED","AT_TICKET_DESTINATION"
"SYN002738","SYNTHETIC","ETM_STYLE","2026-09-27","24079","102","108761","Regular","2026-09-27_108761","night","2026-09-27T21:28:00","6198","Kazhipattur","45","6157","Padur","47","2026-09-27T21:28:00","2026-09-27T21:30:00","2","60","ALL_TICKETS_USED","AT_TICKET_DESTINATION"
"SYN002739","SYNTHETIC","CHENNAI_ONE_STYLE","2026-09-27","24079","102","108761","Regular","2026-09-27_108761","night","2026-09-27T21:26:00","6132","Chettinad Hospital","49","6099","Kelambakkam Bus Terminal","51","2026-09-27T21:32:00","2026-09-27T21:35:00","1","60","ALL_TICKETS_USED","AT_TICKET_DESTINATION"
"SYN002740","SYNTHETIC","CHENNAI_ONE_STYLE","2026-09-27","24079","102","108761","Regular","2026-09-27_108761","night","2026-09-27T21:21:00","6125","Kelambakkam V A O Office","50","6099","Kelambakkam Bus Terminal","51","2026-09-27T21:33:00","2026-09-27T21:35:00","1","60","ALL_TICKETS_USED","AT_TICKET_DESTINATION"
"SYN002741","SYNTHETIC","ETM_STYLE","2026-09-27","24079","102","108761","Regular","2026-09-27_108761","night","2026-09-27T20:55:00","8542","Kandanchavadi","24","6132","Chettinad Hospital","49","2026-09-27T20:55:00","2026-09-27T21:32:00","2","60","ALL_TICKETS_USED","AT_TICKET_DESTINATION"
"SYN002742","SYNTHETIC","ETM_STYLE","2026-09-27","24079","102","108761","Regular","2026-09-27_108761","night","2026-09-27T21:08:00","6579","Karapakkam","32","6454","Ponniamman Kovil","36","2026-09-27T21:08:00","2026-09-27T21:14:00","1","60","ALL_TICKETS_USED","AT_TICKET_DESTINATION"
"SYN002743","SYNTHETIC","ETM_STYLE","2026-09-27","24079","102","108761","Regular","2026-09-27_108761","night","2026-09-27T20:55:00","8542","Kandanchavadi","24","6179","Akshaya Padur","46","2026-09-27T20:55:00","2026-09-27T21:29:00","2","60","ALL_TICKETS_USED","AT_TICKET_DESTINATION"
"SYN002744","SYNTHETIC","ETM_STYLE","2026-09-27","24079","102","108761","Regular","2026-09-27_108761","night","2026-09-27T20:25:00","10941","Kannagi Statue Shelter 1","7","10022","Shozhinganallur","34","2026-09-27T20:25:00","2026-09-27T21:12:00","2","60","ALL_TICKETS_USED","AT_TICKET_DESTINATION"
"SYN002745","SYNTHETIC","ETM_STYLE","2026-09-27","24079","102","108761","Regular","2026-09-27_108761","night","2026-09-27T20:41:00","5760","Adyar Signal","17","10022","Shozhinganallur","34","2026-09-27T20:41:00","2026-09-27T21:12:00","1","60","ALL_TICKETS_USED","AT_TICKET_DESTINATION"
"SYN002746","SYNTHETIC","ETM_STYLE","2026-09-27","21083","104 R","19334","Regular","2026-09-27_19334","morning","2026-09-27T10:17:00","9920","Ambattur Industrial Estate","5","7547","Kavangarai","25","2026-09-27T10:17:00","2026-09-27T10:45:00","1","60","ALL_TICKETS_USED","AT_TICKET_DESTINATION"
"SYN002747","SYNTHETIC","ETM_STYLE","2026-09-27","21083","104 R","19334","Regular","2026-09-27_19334","morning","2026-09-27T10:27:00","10429","Ambattur O.T Bus Stand","10","7547","Kavangarai","25","2026-09-27T10:27:00","2026-09-27T10:45:00","1","60","ALL_TICKETS_USED","AT_TICKET_DESTINATION"
"SYN002748","SYNTHETIC","CHENNAI_ONE_STYLE","2026-09-27","21083","104 R","19334","Regular","2026-09-27_19334","morning","2026-09-27T09:42:00","6594","Irumbuliyur","2","5578","Redhills Bus Terminus","30","2026-09-27T09:46:00","2026-09-27T10:52:00","1","60","ALL_TICKETS_USED","AT_TICKET_DESTINATION"
"SYN002749","SYNTHETIC","ETM_STYLE","2026-09-27","21083","104 R","19334","Regular","2026-09-27_19334","morning","2026-09-27T10:22:00","5730","Dunlop","7","7599","Sri Nallaghu Polytechnic College","27","2026-09-27T10:22:00","2026-09-27T10:48:00","1","60","ALL_TICKETS_USED","AT_TICKET_DESTINATION"
"SYN002750","SYNTHETIC","CHENNAI_ONE_STYLE","2026-09-27","21083","104 R","19334","Regular","2026-09-27_19334","morning","2026-09-27T09:36:00","6594","Irumbuliyur","2","7547","Kavangarai","25","2026-09-27T09:46:00","2026-09-27T10:45:00","2","60","ALL_TICKETS_USED","AT_TICKET_DESTINATION"
"SYN002751","SYNTHETIC","ETM_STYLE","2026-09-27","21083","104 R","19334","Regular","2026-09-27_19334","morning","2026-09-27T10:17:00","9920","Ambattur Industrial Estate","5","7467","Screw Factory","23","2026-09-27T10:17:00","2026-09-27T10:43:00","1","60","ALL_TICKETS_USED","AT_TICKET_DESTINATION"
"SYN002752","SYNTHETIC","ETM_STYLE","2026-09-27","21083","104 R","19334","Regular","2026-09-27_19334","morning","2026-09-27T10:21:00","6794","Ti Miller","6","5578","Redhills Bus Terminus","30","2026-09-27T10:21:00","2026-09-27T10:52:00","1","60","ALL_TICKETS_USED","AT_TICKET_DESTINATION"
"SYN002753","SYNTHETIC","ETM_STYLE","2026-09-27","21083","104 R","19334","Regular","2026-09-27_19334","morning","2026-09-27T10:04:00","9374","Porur Toll Plaza","3","7651","Ayurveda Ashramam","28","2026-09-27T10:04:00","2026-09-27T10:50:00","2","60","ALL_TICKETS_USED","AT_TICKET_DESTINATION"
"SYN002754","SYNTHETIC","ETM_STYLE","2026-09-27","21083","104 R","19334","Regular","2026-09-27_19334","morning","2026-09-27T09:46:00","6594","Irumbuliyur","2","7585","Thandal Kazhani","26","2026-09-27T09:46:00","2026-09-27T10:47:00","3","60","ALL_TICKETS_USED","AT_TICKET_DESTINATION"
"SYN002755","SYNTHETIC","ETM_STYLE","2026-09-27","21083","104 R","19334","Regular","2026-09-27_19334","morning","2026-09-27T10:23:00","5731","Ambattur Canara Bank","8","7547","Kavangarai","25","2026-09-27T10:23:00","2026-09-27T10:45:00","3","60","ALL_TICKETS_USED","AT_TICKET_DESTINATION"
"SYN002756","SYNTHETIC","ETM_STYLE","2026-09-27","21083","104 R","19334","Regular","2026-09-27_19334","morning","2026-09-27T10:23:00","5731","Ambattur Canara Bank","8","5578","Redhills Bus Terminus","30","2026-09-27T10:23:00","2026-09-27T10:52:00","3","60","ALL_TICKETS_USED","AT_TICKET_DESTINATION"
"SYN002757","SYNTHETIC","CHENNAI_ONE_STYLE","2026-09-27","21083","104 R","19334","Regular","2026-09-27_19334","morning","2026-09-27T10:13:00","6932","Uzhavar Santhai","9","7509","Puzhal Jail","24","2026-09-27T10:25:00","2026-09-27T10:44:00","1","60","ALL_TICKETS_USED","AT_TICKET_DESTINATION"
"SYN002758","SYNTHETIC","CHENNAI_ONE_STYLE","2026-09-27","21083","104 R","19334","Regular","2026-09-27_19334","morning","2026-09-27T09:31:00","6594","Irumbuliyur","2","7509","Puzhal Jail","24","2026-09-27T09:46:00","2026-09-27T10:44:00","3","60","ALL_TICKETS_USED","AT_TICKET_DESTINATION"
"SYN002759","SYNTHETIC","ETM_STYLE","2026-09-27","21083","104 R","19334","Regular","2026-09-27_19334","morning","2026-09-27T10:22:00","5730","Dunlop","7","7651","Ayurveda Ashramam","28","2026-09-27T10:22:00","2026-09-27T10:50:00","1","60","ALL_TICKETS_USED","AT_TICKET_DESTINATION"
"SYN002760","SYNTHETIC","CHENNAI_ONE_STYLE","2026-09-27","21083","104 R","19334","Regular","2026-09-27_19334","morning","2026-09-27T09:57:00","9374","Porur Toll Plaza","3","7599","Sri Nallaghu Polytechnic College","27","2026-09-27T10:04:00","2026-09-27T10:48:00","1","60","ALL_TICKETS_USED","AT_TICKET_DESTINATION"
"SYN002761","SYNTHETIC","ETM_STYLE","2026-09-27","21083","104 R","19334","Regular","2026-09-27_19334","morning","2026-09-27T10:27:00","10429","Ambattur O.T Bus Stand","10","7452","Omayal Achi College","22","2026-09-27T10:27:00","2026-09-27T10:42:00","1","60","ALL_TICKETS_USED","AT_TICKET_DESTINATION"
"SYN002762","SYNTHETIC","ETM_STYLE","2026-09-27","21083","104 R","19334","Regular","2026-09-27_19334","morning","2026-09-27T10:27:00","10429","Ambattur O.T Bus Stand","10","7681","Redhills Market","29","2026-09-27T10:27:00","2026-09-27T10:51:00","1","60","ALL_TICKETS_USED","AT_TICKET_DESTINATION"
"SYN002763","SYNTHETIC","ETM_STYLE","2026-09-27","21083","104 R","19334","Regular","2026-09-27_19334","morning","2026-09-27T10:25:00","6932","Uzhavar Santhai","9","7547","Kavangarai","25","2026-09-27T10:25:00","2026-09-27T10:45:00","1","60","ALL_TICKETS_USED","AT_TICKET_DESTINATION"
"SYN002764","SYNTHETIC","ETM_STYLE","2026-09-27","21083","104 R","19334","Regular","2026-09-27_19334","morning","2026-09-27T10:04:00","9374","Porur Toll Plaza","3","7681","Redhills Market","29","2026-09-27T10:04:00","2026-09-27T10:51:00","1","60","ALL_TICKETS_USED","AT_TICKET_DESTINATION"
"SYN002765","SYNTHETIC","ETM_STYLE","2026-09-27","21083","104 R","19334","Regular","2026-09-27_19334","morning","2026-09-27T10:25:00","6932","Uzhavar Santhai","9","7467","Screw Factory","23","2026-09-27T10:25:00","2026-09-27T10:43:00","1","60","ALL_TICKETS_USED","AT_TICKET_DESTINATION"
"SYN002766","SYNTHETIC","CHENNAI_ONE_STYLE","2026-09-27","21083","104 R","19334","Regular","2026-09-27_19334","morning","2026-09-27T10:13:00","5730","Dunlop","7","7547","Kavangarai","25","2026-09-27T10:22:00","2026-09-27T10:45:00","3","60","ALL_TICKETS_USED","AT_TICKET_DESTINATION"
"SYN002767","SYNTHETIC","ETM_STYLE","2026-09-27","21083","104 R","19334","Regular","2026-09-27_19334","morning","2026-09-27T09:46:00","6594","Irumbuliyur","2","7585","Thandal Kazhani","26","2026-09-27T09:46:00","2026-09-27T10:47:00","1","60","ALL_TICKETS_USED","AT_TICKET_DESTINATION"
"SYN002768","SYNTHETIC","ETM_STYLE","2026-09-27","21083","104 R","19334","Regular","2026-09-27_19334","morning","2026-09-27T10:17:00","9920","Ambattur Industrial Estate","5","7509","Puzhal Jail","24","2026-09-27T10:17:00","2026-09-27T10:44:00","2","60","ALL_TICKETS_USED","AT_TICKET_DESTINATION"
"SYN002769","SYNTHETIC","ETM_STYLE","2026-09-27","21083","104 R","19334","Regular","2026-09-27_19334","morning","2026-09-27T10:16:00","10351","Ambattur I.T Park","4","7599","Sri Nallaghu Polytechnic College","27","2026-09-27T10:16:00","2026-09-27T10:48:00","2","60","ALL_TICKETS_USED","AT_TICKET_DESTINATION"
"SYN002770","SYNTHETIC","ETM_STYLE","2026-09-27","21083","104 R","19334","Regular","2026-09-27_19334","morning","2026-09-27T10:16:00","10351","Ambattur I.T Park","4","7681","Redhills Market","29","2026-09-27T10:16:00","2026-09-27T10:51:00","1","60","ALL_TICKETS_USED","AT_TICKET_DESTINATION"
"SYN002771","SYNTHETIC","ETM_STYLE","2026-09-27","21083","104 R","19334","Regular","2026-09-27_19334","morning","2026-09-27T10:22:00","5730","Dunlop","7","7509","Puzhal Jail","24","2026-09-27T10:22:00","2026-09-27T10:44:00","1","60","ALL_TICKETS_USED","AT_TICKET_DESTINATION"
"SYN002772","SYNTHETIC","ETM_STYLE","2026-09-27","21083","104 R","19334","Regular","2026-09-27_19334","morning","2026-09-27T10:27:00","10429","Ambattur O.T Bus Stand","10","7547","Kavangarai","25","2026-09-27T10:27:00","2026-09-27T10:45:00","2","60","ALL_TICKETS_USED","AT_TICKET_DESTINATION"
"SYN002773","SYNTHETIC","CHENNAI_ONE_STYLE","2026-09-27","21083","104 R","19334","Regular","2026-09-27_19334","morning","2026-09-27T09:55:00","9374","Porur Toll Plaza","3","7599","Sri Nallaghu Polytechnic College","27","2026-09-27T10:04:00","2026-09-27T10:48:00","1","60","ALL_TICKETS_USED","AT_TICKET_DESTINATION"
"SYN002774","SYNTHETIC","ETM_STYLE","2026-09-27","21083","104 R","19334","Regular","2026-09-27_19334","morning","2026-09-27T10:16:00","10351","Ambattur I.T Park","4","7599","Sri Nallaghu Polytechnic College","27","2026-09-27T10:16:00","2026-09-27T10:48:00","2","60","ALL_TICKETS_USED","AT_TICKET_DESTINATION"
"SYN002775","SYNTHETIC","CHENNAI_ONE_STYLE","2026-09-27","21083","104 R","19334","Regular","2026-09-27_19334","morning","2026-09-27T10:09:00","9920","Ambattur Industrial Estate","5","7585","Thandal Kazhani","26","2026-09-27T10:17:00","2026-09-27T10:47:00","1","60","ALL_TICKETS_USED","AT_TICKET_DESTINATION"
"SYN002776","SYNTHETIC","ETM_STYLE","2026-09-27","21083","104 R","19336","Regular","2026-09-27_19336","afternoon","2026-09-27T14:28:00","5731","Ambattur Canara Bank","8","7427","Chocolate Company","21","2026-09-27T14:28:00","2026-09-27T14:46:00","2","60","ALL_TICKETS_USED","AT_TICKET_DESTINATION"
"SYN002777","SYNTHETIC","ETM_STYLE","2026-09-27","21083","104 R","19336","Regular","2026-09-27_19336","afternoon","2026-09-27T14:30:00","6932","Uzhavar Santhai","9","5578","Redhills Bus Terminus","30","2026-09-27T14:30:00","2026-09-27T14:57:00","2","60","ALL_TICKETS_USED","AT_TICKET_DESTINATION"
"SYN002778","SYNTHETIC","CHENNAI_ONE_STYLE","2026-09-27","21083","104 R","19336","Regular","2026-09-27_19336","afternoon","2026-09-27T14:21:00","5730","Dunlop","7","7547","Kavangarai","25","2026-09-27T14:27:00","2026-09-27T14:50:00","1","60","ALL_TICKETS_USED","AT_TICKET_DESTINATION"
"SYN002779","SYNTHETIC","ETM_STYLE","2026-09-27","21083","104 R","19336","Regular","2026-09-27_19336","afternoon","2026-09-27T14:39:00","10469","Kallikuppam Kovil","15","7395","Velammal College","20","2026-09-27T14:39:00","2026-09-27T14:45:00","2","60","ALL_TICKETS_USED","AT_TICKET_DESTINATION"
"SYN002780","SYNTHETIC","ETM_STYLE","2026-09-27","21083","104 R","19336","Regular","2026-09-27_19336","afternoon","2026-09-27T13:45:00","6693","Tambaram West Bus Stand","1","7427","Chocolate Company","21","2026-09-27T13:45:00","2026-09-27T14:46:00","2","60","ALL_TICKETS_USED","AT_TICKET_DESTINATION"
"SYN002781","SYNTHETIC","ETM_STYLE","2026-09-27","21083","104 R","19336","Regular","2026-09-27_19336","afternoon","2026-09-27T14:47:00","7452","Omayal Achi College","22","5578","Redhills Bus Terminus","30","2026-09-27T14:47:00","2026-09-27T14:57:00","1","60","ALL_TICKETS_USED","AT_TICKET_DESTINATION"
"SYN002782","SYNTHETIC","ETM_STYLE","2026-09-27","21083","104 R","19336","Regular","2026-09-27_19336","afternoon","2026-09-27T14:39:00","10469","Kallikuppam Kovil","15","7547","Kavangarai","25","2026-09-27T14:39:00","2026-09-27T14:50:00","1","60","ALL_TICKETS_USED","AT_TICKET_DESTINATION"
"SYN002783","SYNTHETIC","CHENNAI_ONE_STYLE","2026-09-27","21083","104 R","19336","Regular","2026-09-27_19336","afternoon","2026-09-27T14:38:00","7509","Puzhal Jail","24","7547","Kavangarai","25","2026-09-27T14:49:00","2026-09-27T14:50:00","1","60","ALL_TICKETS_USED","AT_TICKET_DESTINATION"
"SYN002784","SYNTHETIC","CHENNAI_ONE_STYLE","2026-09-27","21083","104 R","19336","Regular","2026-09-27_19336","afternoon","2026-09-27T14:47:00","7547","Kavangarai","25","7585","Thandal Kazhani","26","2026-09-27T14:50:00","2026-09-27T14:52:00","2","60","ALL_TICKETS_USED","AT_TICKET_DESTINATION"
"SYN002785","SYNTHETIC","ETM_STYLE","2026-09-27","21083","104 R","19336","Regular","2026-09-27_19336","afternoon","2026-09-27T14:09:00","9374","Porur Toll Plaza","3","7395","Velammal College","20","2026-09-27T14:09:00","2026-09-27T14:45:00","1","60","ALL_TICKETS_USED","AT_TICKET_DESTINATION"
"SYN002786","SYNTHETIC","ETM_STYLE","2026-09-27","21083","104 R","19336","Regular","2026-09-27_19336","afternoon","2026-09-27T14:48:00","7467","Screw Factory","23","7547","Kavangarai","25","2026-09-27T14:48:00","2026-09-27T14:50:00","3","60","ALL_TICKETS_USED","AT_TICKET_DESTINATION"
"SYN002787","SYNTHETIC","ETM_STYLE","2026-09-27","21083","104 R","19336","Regular","2026-09-27_19336","afternoon","2026-09-27T14:30:00","6932","Uzhavar Santhai","9","7186","Pudur","13","2026-09-27T14:30:00","2026-09-27T14:37:00","1","60","ALL_TICKETS_USED","AT_TICKET_DESTINATION"
"SYN002788","SYNTHETIC","CHENNAI_ONE_STYLE","2026-09-27","21083","104 R","19336","Regular","2026-09-27_19336","afternoon","2026-09-27T14:14:00","5730","Dunlop","7","7509","Puzhal Jail","24","2026-09-27T14:27:00","2026-09-27T14:49:00","3","60","ALL_TICKETS_USED","AT_TICKET_DESTINATION"
"SYN002789","SYNTHETIC","ETM_STYLE","2026-09-27","21083","104 R","19338","Regular","2026-09-27_19338","evening","2026-09-27T18:40:00","6932","Uzhavar Santhai","9","7681","Redhills Market","29","2026-09-27T18:40:00","2026-09-27T19:06:00","1","60","ALL_TICKETS_USED","AT_TICKET_DESTINATION"
"SYN002790","SYNTHETIC","ETM_STYLE","2026-09-27","21083","104 R","19338","Regular","2026-09-27_19338","evening","2026-09-27T18:38:00","5731","Ambattur Canara Bank","8","7467","Screw Factory","23","2026-09-27T18:38:00","2026-09-27T18:58:00","2","60","ALL_TICKETS_USED","AT_TICKET_DESTINATION"
"SYN002791","SYNTHETIC","ETM_STYLE","2026-09-27","21083","104 R","19338","Regular","2026-09-27_19338","evening","2026-09-27T18:38:00","5731","Ambattur Canara Bank","8","7452","Omayal Achi College","22","2026-09-27T18:38:00","2026-09-27T18:57:00","1","60","ALL_TICKETS_USED","AT_TICKET_DESTINATION"
"SYN002792","SYNTHETIC","ETM_STYLE","2026-09-27","21083","104 R","19338","Regular","2026-09-27_19338","evening","2026-09-27T18:32:00","9920","Ambattur Industrial Estate","5","7599","Sri Nallaghu Polytechnic College","27","2026-09-27T18:32:00","2026-09-27T19:03:00","3","60","ALL_TICKETS_USED","AT_TICKET_DESTINATION"
"SYN002793","SYNTHETIC","ETM_STYLE","2026-09-27","21083","104 R","19338","Regular","2026-09-27_19338","evening","2026-09-27T18:40:00","6932","Uzhavar Santhai","9","7681","Redhills Market","29","2026-09-27T18:40:00","2026-09-27T19:06:00","1","60","ALL_TICKETS_USED","AT_TICKET_DESTINATION"
"SYN002794","SYNTHETIC","ETM_STYLE","2026-09-27","21083","104 R","19338","Regular","2026-09-27_19338","evening","2026-09-27T18:40:00","6932","Uzhavar Santhai","9","7427","Chocolate Company","21","2026-09-27T18:40:00","2026-09-27T18:56:00","3","60","ALL_TICKETS_USED","AT_TICKET_DESTINATION"
"SYN002795","SYNTHETIC","ETM_STYLE","2026-09-27","21083","104 R","19338","Regular","2026-09-27_19338","evening","2026-09-27T18:32:00","9920","Ambattur Industrial Estate","5","7547","Kavangarai","25","2026-09-27T18:32:00","2026-09-27T19:00:00","2","60","ALL_TICKETS_USED","AT_TICKET_DESTINATION"
"SYN002796","SYNTHETIC","CHENNAI_ONE_STYLE","2026-09-27","21083","104 R","19338","Regular","2026-09-27_19338","evening","2026-09-27T18:19:00","9920","Ambattur Industrial Estate","5","7509","Puzhal Jail","24","2026-09-27T18:32:00","2026-09-27T18:59:00","1","60","ALL_TICKETS_USED","AT_TICKET_DESTINATION"
"SYN002797","SYNTHETIC","ETM_STYLE","2026-09-27","21083","104 R","19338","Regular","2026-09-27_19338","evening","2026-09-27T18:36:00","6794","Ti Miller","6","7452","Omayal Achi College","22","2026-09-27T18:36:00","2026-09-27T18:57:00","1","60","ALL_TICKETS_USED","AT_TICKET_DESTINATION"
"SYN002798","SYNTHETIC","ETM_STYLE","2026-09-27","21083","104 R","19338","Regular","2026-09-27_19338","evening","2026-09-27T17:55:00","6693","Tambaram West Bus Stand","1","7681","Redhills Market","29","2026-09-27T17:55:00","2026-09-27T19:06:00","1","60","ALL_TICKETS_USED","AT_TICKET_DESTINATION"
"SYN002799","SYNTHETIC","CHENNAI_ONE_STYLE","2026-09-27","21083","104 R","19338","Regular","2026-09-27_19338","evening","2026-09-27T18:31:00","6794","Ti Miller","6","7681","Redhills Market","29","2026-09-27T18:36:00","2026-09-27T19:06:00","1","60","ALL_TICKETS_USED","AT_TICKET_DESTINATION"
"SYN002800","SYNTHETIC","ETM_STYLE","2026-09-27","21083","104 R","19338","Regular","2026-09-27_19338","evening","2026-09-27T18:36:00","6794","Ti Miller","6","7509","Puzhal Jail","24","2026-09-27T18:36:00","2026-09-27T18:59:00","1","60","ALL_TICKETS_USED","AT_TICKET_DESTINATION"
"SYN002801","SYNTHETIC","ETM_STYLE","2026-09-27","21083","104 R","19338","Regular","2026-09-27_19338","evening","2026-09-27T18:01:00","6594","Irumbuliyur","2","7651","Ayurveda Ashramam","28","2026-09-27T18:01:00","2026-09-27T19:05:00","3","60","ALL_TICKETS_USED","AT_TICKET_DESTINATION"
"SYN002802","SYNTHETIC","ETM_STYLE","2026-09-27","21083","104 R","19338","Regular","2026-09-27_19338","evening","2026-09-27T18:31:00","10351","Ambattur I.T Park","4","5578","Redhills Bus Terminus","30","2026-09-27T18:31:00","2026-09-27T19:07:00","1","60","ALL_TICKETS_USED","AT_TICKET_DESTINATION"
"SYN002803","SYNTHETIC","ETM_STYLE","2026-09-27","21083","104 R","19338","Regular","2026-09-27_19338","evening","2026-09-27T18:37:00","5730","Dunlop","7","7452","Omayal Achi College","22","2026-09-27T18:37:00","2026-09-27T18:57:00","2","60","ALL_TICKETS_USED","AT_TICKET_DESTINATION"
"SYN002804","SYNTHETIC","ETM_STYLE","2026-09-27","21083","104 R","19338","Regular","2026-09-27_19338","evening","2026-09-27T18:19:00","9374","Porur Toll Plaza","3","7547","Kavangarai","25","2026-09-27T18:19:00","2026-09-27T19:00:00","1","60","ALL_TICKETS_USED","AT_TICKET_DESTINATION"
"SYN002805","SYNTHETIC","CHENNAI_ONE_STYLE","2026-09-27","21083","104 R","19338","Regular","2026-09-27_19338","evening","2026-09-27T18:35:00","10429","Ambattur O.T Bus Stand","10","7509","Puzhal Jail","24","2026-09-27T18:42:00","2026-09-27T18:59:00","1","60","ALL_TICKETS_USED","AT_TICKET_DESTINATION"
"SYN002806","SYNTHETIC","CHENNAI_ONE_STYLE","2026-09-27","21083","104 R","19338","Regular","2026-09-27_19338","evening","2026-09-27T18:23:00","5731","Ambattur Canara Bank","8","7509","Puzhal Jail","24","2026-09-27T18:38:00","2026-09-27T18:59:00","2","60","ALL_TICKETS_USED","AT_TICKET_DESTINATION"
"SYN002807","SYNTHETIC","CHENNAI_ONE_STYLE","2026-09-27","21083","104 R","19338","Regular","2026-09-27_19338","evening","2026-09-27T18:33:00","6932","Uzhavar Santhai","9","5578","Redhills Bus Terminus","30","2026-09-27T18:40:00","2026-09-27T19:07:00","1","60","ALL_TICKETS_USED","AT_TICKET_DESTINATION"
"SYN002808","SYNTHETIC","ETM_STYLE","2026-09-27","21083","104 R","19338","Regular","2026-09-27_19338","evening","2026-09-27T18:40:00","6932","Uzhavar Santhai","9","7681","Redhills Market","29","2026-09-27T18:40:00","2026-09-27T19:06:00","1","60","ALL_TICKETS_USED","AT_TICKET_DESTINATION"
"SYN002809","SYNTHETIC","ETM_STYLE","2026-09-27","21083","104 R","19338","Regular","2026-09-27_19338","evening","2026-09-27T18:40:00","6932","Uzhavar Santhai","9","7427","Chocolate Company","21","2026-09-27T18:40:00","2026-09-27T18:56:00","1","60","ALL_TICKETS_USED","AT_TICKET_DESTINATION"
"SYN002810","SYNTHETIC","ETM_STYLE","2026-09-27","21083","104 R","19338","Regular","2026-09-27_19338","evening","2026-09-27T18:42:00","10429","Ambattur O.T Bus Stand","10","7427","Chocolate Company","21","2026-09-27T18:42:00","2026-09-27T18:56:00","3","60","ALL_TICKETS_USED","AT_TICKET_DESTINATION"
"SYN002811","SYNTHETIC","CHENNAI_ONE_STYLE","2026-09-27","21083","104 R","19338","Regular","2026-09-27_19338","evening","2026-09-27T18:25:00","5731","Ambattur Canara Bank","8","7452","Omayal Achi College","22","2026-09-27T18:38:00","2026-09-27T18:57:00","1","60","ALL_TICKETS_USED","AT_TICKET_DESTINATION"
"SYN002812","SYNTHETIC","ETM_STYLE","2026-09-27","21083","104 R","19338","Regular","2026-09-27_19338","evening","2026-09-27T17:55:00","6693","Tambaram West Bus Stand","1","7599","Sri Nallaghu Polytechnic College","27","2026-09-27T17:55:00","2026-09-27T19:03:00","1","60","ALL_TICKETS_USED","AT_TICKET_DESTINATION"
"SYN002813","SYNTHETIC","ETM_STYLE","2026-09-27","21083","104 R","19338","Regular","2026-09-27_19338","evening","2026-09-27T18:36:00","6794","Ti Miller","6","7599","Sri Nallaghu Polytechnic College","27","2026-09-27T18:36:00","2026-09-27T19:03:00","1","60","ALL_TICKETS_USED","AT_TICKET_DESTINATION"
"SYN002814","SYNTHETIC","ETM_STYLE","2026-09-27","21083","104 R","19338","Regular","2026-09-27_19338","evening","2026-09-27T18:31:00","10351","Ambattur I.T Park","4","7651","Ayurveda Ashramam","28","2026-09-27T18:31:00","2026-09-27T19:05:00","1","60","ALL_TICKETS_USED","AT_TICKET_DESTINATION"
"SYN002815","SYNTHETIC","ETM_STYLE","2026-09-27","21083","104 R","19338","Regular","2026-09-27_19338","evening","2026-09-27T18:32:00","9920","Ambattur Industrial Estate","5","7585","Thandal Kazhani","26","2026-09-27T18:32:00","2026-09-27T19:02:00","1","60","ALL_TICKETS_USED","AT_TICKET_DESTINATION"
"SYN002816","SYNTHETIC","CHENNAI_ONE_STYLE","2026-09-27","21083","104 R","19338","Regular","2026-09-27_19338","evening","2026-09-27T18:23:00","9920","Ambattur Industrial Estate","5","7651","Ayurveda Ashramam","28","2026-09-27T18:32:00","2026-09-27T19:05:00","2","60","ALL_TICKETS_USED","AT_TICKET_DESTINATION"
"SYN002817","SYNTHETIC","CHENNAI_ONE_STYLE","2026-09-27","21083","104 R","19338","Regular","2026-09-27_19338","evening","2026-09-27T18:04:00","9374","Porur Toll Plaza","3","7509","Puzhal Jail","24","2026-09-27T18:19:00","2026-09-27T18:59:00","3","60","ALL_TICKETS_USED","AT_TICKET_DESTINATION"
"SYN002818","SYNTHETIC","CHENNAI_ONE_STYLE","2026-09-27","21083","104 R","19338","Regular","2026-09-27_19338","evening","2026-09-27T17:53:00","6594","Irumbuliyur","2","7585","Thandal Kazhani","26","2026-09-27T18:01:00","2026-09-27T19:02:00","1","60","ALL_TICKETS_USED","AT_TICKET_DESTINATION"
"SYN002819","SYNTHETIC","CHENNAI_ONE_STYLE","2026-09-27","21083","104 R","22233","Regular","2026-09-27_22233","night","2026-09-27T20:56:00","7186","Pudur","13","7345","Surapet","19","2026-09-27T20:57:00","2026-09-27T21:04:00","1","60","ALL_TICKETS_USED","AT_TICKET_DESTINATION"
"SYN002820","SYNTHETIC","ETM_STYLE","2026-09-27","21083","104 R","22233","Regular","2026-09-27_22233","night","2026-09-27T21:08:00","7467","Screw Factory","23","7509","Puzhal Jail","24","2026-09-27T21:08:00","2026-09-27T21:09:00","1","60","ALL_TICKETS_USED","AT_TICKET_DESTINATION"
"SYN002821","SYNTHETIC","CHENNAI_ONE_STYLE","2026-09-27","21083","104 R","22233","Regular","2026-09-27_22233","night","2026-09-27T20:55:00","7129","Oragadam","12","7452","Omayal Achi College","22","2026-09-27T20:55:00","2026-09-27T21:07:00","1","60","ALL_TICKETS_USED","AT_TICKET_DESTINATION"
"SYN002822","SYNTHETIC","ETM_STYLE","2026-09-27","21083","104 R","22233","Regular","2026-09-27_22233","night","2026-09-27T20:46:00","6794","Ti Miller","6","7547","Kavangarai","25","2026-09-27T20:46:00","2026-09-27T21:10:00","1","60","ALL_TICKETS_USED","AT_TICKET_DESTINATION"
"SYN002823","SYNTHETIC","CHENNAI_ONE_STYLE","2026-09-27","21083","104 R","22233","Regular","2026-09-27_22233","night","2026-09-27T20:55:00","7203","Kallikuppam","16","7307","Shanmugapuram","17","2026-09-27T21:00:00","2026-09-27T21:02:00","1","60","ALL_TICKETS_USED","AT_TICKET_DESTINATION"
"SYN002824","SYNTHETIC","ETM_STYLE","2026-09-27","21083","104 R","22233","Regular","2026-09-27_22233","night","2026-09-27T21:02:00","7307","Shanmugapuram","17","5578","Redhills Bus Terminus","30","2026-09-27T21:02:00","2026-09-27T21:17:00","2","60","ALL_TICKETS_USED","AT_TICKET_DESTINATION"
"SYN002825","SYNTHETIC","CHENNAI_ONE_STYLE","2026-09-27","21083","104 R","22233","Regular","2026-09-27_22233","night","2026-09-27T20:40:00","7057","Raaki Theatre","11","7395","Velammal College","20","2026-09-27T20:54:00","2026-09-27T21:05:00","1","60","ALL_TICKETS_USED","AT_TICKET_DESTINATION"
"SYN002826","SYNTHETIC","ETM_STYLE","2026-09-27","21083","104 R","22233","Regular","2026-09-27_22233","night","2026-09-27T21:04:00","7345","Surapet","19","7585","Thandal Kazhani","26","2026-09-27T21:04:00","2026-09-27T21:12:00","1","60","ALL_TICKETS_USED","AT_TICKET_DESTINATION"
"SYN002827","SYNTHETIC","CHENNAI_ONE_STYLE","2026-09-27","21083","104 R","22233","Regular","2026-09-27_22233","night","2026-09-27T20:31:00","9920","Ambattur Industrial Estate","5","7651","Ayurveda Ashramam","28","2026-09-27T20:42:00","2026-09-27T21:15:00","1","60","ALL_TICKETS_USED","AT_TICKET_DESTINATION"
"SYN002828","SYNTHETIC","ETM_STYLE","2026-09-27","21083","104 R","22233","Regular","2026-09-27_22233","night","2026-09-27T20:52:00","10429","Ambattur O.T Bus Stand","10","7200","Wireless Company","14","2026-09-27T20:52:00","2026-09-27T20:58:00","1","60","ALL_TICKETS_USED","AT_TICKET_DESTINATION"
"SYN002829","SYNTHETIC","ETM_STYLE","2026-09-27","21083","104 R","22233","Regular","2026-09-27_22233","night","2026-09-27T21:00:00","7203","Kallikuppam","16","7651","Ayurveda Ashramam","28","2026-09-27T21:00:00","2026-09-27T21:15:00","1","60","ALL_TICKETS_USED","AT_TICKET_DESTINATION"
"SYN002830","SYNTHETIC","ETM_STYLE","2026-09-27","21083","104 R","22233","Regular","2026-09-27_22233","night","2026-09-27T20:29:00","9374","Porur Toll Plaza","3","10429","Ambattur O.T Bus Stand","10","2026-09-27T20:29:00","2026-09-27T20:52:00","2","60","ALL_TICKETS_USED","AT_TICKET_DESTINATION"
"SYN002831","SYNTHETIC","CHENNAI_ONE_STYLE","2026-09-27","16821","105","14448","Regular","2026-09-27_14448","morning","2026-09-27T08:16:00","9967","It Park Siruseri Or Muttukadu","4","6644","Mahalakshmi Nagar","38","2026-09-27T08:19:00","2026-09-27T09:07:00","2","60","ALL_TICKETS_USED","AT_TICKET_DESTINATION"
"SYN002832","SYNTHETIC","ETM_STYLE","2026-09-27","16821","105","14448","Regular","2026-09-27_14448","morning","2026-09-27T08:33:00","6363","Ottiyambakkam","13","6614","Vijaya Nagaram","31","2026-09-27T08:33:00","2026-09-27T08:59:00","1","60","ALL_TICKETS_USED","AT_TICKET_DESTINATION"
"SYN002833","SYNTHETIC","CHENNAI_ONE_STYLE","2026-09-27","16821","105","14448","Regular","2026-09-27_14448","morning","2026-09-27T08:17:00","6303","Thalambur","10","6651","East Tambaram Convent","41","2026-09-27T08:28:00","2026-09-27T09:11:00","1","60","ALL_TICKETS_USED","AT_TICKET_DESTINATION"
"SYN002834","SYNTHETIC","CHENNAI_ONE_STYLE","2026-09-27","16821","105","14448","Regular","2026-09-27_14448","morning","2026-09-27T08:24:00","6332","Karanai Colony","11","6659","Sembakkam","36","2026-09-27T08:29:00","2026-09-27T09:04:00","1","60","ALL_TICKETS_USED","AT_TICKET_DESTINATION"
"SYN002835","SYNTHETIC","ETM_STYLE","2026-09-27","16821","105","14448","Regular","2026-09-27_14448","morning","2026-09-27T08:23:00","9976","Navalur","6","6638","Prince College","35","2026-09-27T08:23:00","2026-09-27T09:03:00","1","60","ALL_TICKETS_USED","AT_TICKET_DESTINATION"
"SYN002836","SYNTHETIC","ETM_STYLE","2026-09-27","16821","105","14448","Regular","2026-09-27_14448","morning","2026-09-27T08:23:00","9976","Navalur","6","6644","Mahalakshmi Nagar","38","2026-09-27T08:23:00","2026-09-27T09:07:00","1","60","ALL_TICKETS_USED","AT_TICKET_DESTINATION"
"SYN002837","SYNTHETIC","CHENNAI_ONE_STYLE","2026-09-27","16821","105","14448","Regular","2026-09-27_14448","morning","2026-09-27T08:17:00","9967","It Park Siruseri Or Muttukadu","4","6666","Kamarajapuram","37","2026-09-27T08:19:00","2026-09-27T09:05:00","1","60","ALL_TICKETS_USED","AT_TICKET_DESTINATION"
"SYN002838","SYNTHETIC","ETM_STYLE","2026-09-27","16821","105","14448","Regular","2026-09-27_14448","morning","2026-09-27T08:23:00","9976","Navalur","6","6651","East Tambaram Convent","41","2026-09-27T08:23:00","2026-09-27T09:11:00","1","60","ALL_TICKETS_USED","AT_TICKET_DESTINATION"
"SYN002839","SYNTHETIC","CHENNAI_ONE_STYLE","2026-09-27","16821","105","14448","Regular","2026-09-27_14448","morning","2026-09-27T08:05:00","6240","Tcs Gate 1","3","6614","Vijaya Nagaram","31","2026-09-27T08:17:00","2026-09-27T08:59:00","2","60","ALL_TICKETS_USED","AT_TICKET_DESTINATION"
"SYN002840","SYNTHETIC","CHENNAI_ONE_STYLE","2026-09-27","16821","105","14448","Regular","2026-09-27_14448","morning","2026-09-27T08:31:00","6408","Ramakrishna Nagar","15","6638","Prince College","35","2026-09-27T08:36:00","2026-09-27T09:03:00","1","60","ALL_TICKETS_USED","AT_TICKET_DESTINATION"
"SYN002841","SYNTHETIC","ETM_STYLE","2026-09-27","16821","105","14448","Regular","2026-09-27_14448","morning","2026-09-27T08:25:00","6307","Kakkan Nagar","7","6658","Tambaram Railway Station East","43","2026-09-27T08:25:00","2026-09-27T09:13:00","1","60","ALL_TICKETS_USED","AT_TICKET_DESTINATION"
"SYN002842","SYNTHETIC","CHENNAI_ONE_STYLE","2026-09-27","16821","105","14448","Regular","2026-09-27_14448","morning","2026-09-27T08:21:00","6307","Kakkan Nagar","7","6659","Sembakkam","36","2026-09-27T08:25:00","2026-09-27T09:04:00","1","60","ALL_TICKETS_USED","AT_TICKET_DESTINATION"
"SYN002843","SYNTHETIC","ETM_STYLE","2026-09-27","16821","105","14448","Regular","2026-09-27_14448","morning","2026-09-27T08:19:00","9967","It Park Siruseri Or Muttukadu","4","6643","Selaiyur","39","2026-09-27T08:19:00","2026-09-27T09:09:00","1","60","ALL_TICKETS_USED","AT_TICKET_DESTINATION"
"SYN002844","SYNTHETIC","ETM_STYLE","2026-09-27","16821","105","14448","Regular","2026-09-27_14448","morning","2026-09-27T08:16:00","6224","Sipcot Industrial Park","2","6638","Prince College","35","2026-09-27T08:16:00","2026-09-27T09:03:00","1","60","ALL_TICKETS_USED","AT_TICKET_DESTINATION"
"SYN002845","SYNTHETIC","ETM_STYLE","2026-09-27","16821","105","14448","Regular","2026-09-27_14448","morning","2026-09-27T08:15:00","9960","Siruseri It Park","1","6651","East Tambaram Convent","41","2026-09-27T08:15:00","2026-09-27T09:11:00","1","60","ALL_TICKETS_USED","AT_TICKET_DESTINATION"
"SYN002846","SYNTHETIC","CHENNAI_ONE_STYLE","2026-09-27","16821","105","14448","Regular","2026-09-27_14448","morning","2026-09-27T08:16:00","6332","Karanai Colony","11","6659","Sembakkam","36","2026-09-27T08:29:00","2026-09-27T09:04:00","1","60","ALL_TICKETS_USED","AT_TICKET_DESTINATION"
"SYN002847","SYNTHETIC","CHENNAI_ONE_STYLE","2026-09-27","16821","105","14448","Regular","2026-09-27_14448","morning","2026-09-27T08:19:00","6303","Thalambur","10","6625","Santhosapuram","33","2026-09-27T08:28:00","2026-09-27T09:01:00","2","60","ALL_TICKETS_USED","AT_TICKET_DESTINATION"
"SYN002848","SYNTHETIC","CHENNAI_ONE_STYLE","2026-09-27","16821","105","14448","Regular","2026-09-27_14448","morning","2026-09-27T08:08:00","9960","Siruseri It Park","1","6608","Vengaivasal Road Junction","32","2026-09-27T08:15:00","2026-09-27T09:00:00","1","60","ALL_TICKETS_USED","AT_TICKET_DESTINATION"
"SYN002849","SYNTHETIC","CHENNAI_ONE_STYLE","2026-09-27","16821","105","14448","Regular","2026-09-27_14448","morning","2026-09-27T08:12:00","6272","Egattur","5","6614","Vijaya Nagaram","31","2026-09-27T08:20:00","2026-09-27T08:59:00","2","60","ALL_TICKETS_USED","AT_TICKET_DESTINATION"
"SYN002850","SYNTHETIC","ETM_STYLE","2026-09-27","16821","105","14448","Regular","2026-09-27_14448","morning","2026-09-27T08:36:00","6408","Ramakrishna Nagar","15","6614","Vijaya Nagaram","31","2026-09-27T08:36:00","2026-09-27T08:59:00","1","60","ALL_TICKETS_USED","AT_TICKET_DESTINATION"
"SYN002851","SYNTHETIC","ETM_STYLE","2026-09-27","16821","105","14448","Regular","2026-09-27_14448","morning","2026-09-27T08:19:00","9967","It Park Siruseri Or Muttukadu","4","6614","Vijaya Nagaram","31","2026-09-27T08:19:00","2026-09-27T08:59:00","1","60","ALL_TICKETS_USED","AT_TICKET_DESTINATION"
"SYN002852","SYNTHETIC","CHENNAI_ONE_STYLE","2026-09-27","16821","105","14448","Regular","2026-09-27_14448","morning","2026-09-27T08:21:00","6363","Ottiyambakkam","13","6662","Tambaram East Bus Stop","44","2026-09-27T08:33:00","2026-09-27T09:14:00","1","60","ALL_TICKETS_USED","AT_TICKET_DESTINATION"
"SYN002853","SYNTHETIC","CHENNAI_ONE_STYLE","2026-09-27","16821","105","14448","Regular","2026-09-27_14448","morning","2026-09-27T08:11:00","6224","Sipcot Industrial Park","2","6638","Prince College","35","2026-09-27T08:16:00","2026-09-27T09:03:00","2","60","ALL_TICKETS_USED","AT_TICKET_DESTINATION"
"SYN002854","SYNTHETIC","ETM_STYLE","2026-09-27","16821","105","14448","Regular","2026-09-27_14448","morning","2026-09-27T08:19:00","9967","It Park Siruseri Or Muttukadu","4","6625","Santhosapuram","33","2026-09-27T08:19:00","2026-09-27T09:01:00","1","60","ALL_TICKETS_USED","AT_TICKET_DESTINATION"
"SYN002855","SYNTHETIC","ETM_STYLE","2026-09-27","16821","105","14448","Regular","2026-09-27_14448","morning","2026-09-27T08:15:00","9960","Siruseri It Park","1","6659","Sembakkam","36","2026-09-27T08:15:00","2026-09-27T09:04:00","1","60","ALL_TICKETS_USED","AT_TICKET_DESTINATION"
"SYN002856","SYNTHETIC","ETM_STYLE","2026-09-27","16821","105","14448","Regular","2026-09-27_14448","morning","2026-09-27T08:16:00","6224","Sipcot Industrial Park","2","6625","Santhosapuram","33","2026-09-27T08:16:00","2026-09-27T09:01:00","1","60","ALL_TICKETS_USED","AT_TICKET_DESTINATION"
"SYN002857","SYNTHETIC","ETM_STYLE","2026-09-27","16821","105","14448","Regular","2026-09-27_14448","morning","2026-09-27T08:31:00","6351","Karanai","12","6643","Selaiyur","39","2026-09-27T08:31:00","2026-09-27T09:09:00","3","60","ALL_TICKETS_USED","AT_TICKET_DESTINATION"
"SYN002858","SYNTHETIC","CHENNAI_ONE_STYLE","2026-09-27","16821","105","14448","Regular","2026-09-27_14448","morning","2026-09-27T08:12:00","6240","Tcs Gate 1","3","6643","Selaiyur","39","2026-09-27T08:17:00","2026-09-27T09:09:00","1","60","ALL_TICKETS_USED","AT_TICKET_DESTINATION"
"SYN002859","SYNTHETIC","ETM_STYLE","2026-09-27","16821","105","14448","Regular","2026-09-27_14448","morning","2026-09-27T08:27:00","6309","Thalambur Road Junction","9","6658","Tambaram Railway Station East","43","2026-09-27T08:27:00","2026-09-27T09:13:00","1","60","ALL_TICKETS_USED","AT_TICKET_DESTINATION"
"SYN002860","SYNTHETIC","ETM_STYLE","2026-09-27","16821","105","14448","Regular","2026-09-27_14448","morning","2026-09-27T08:20:00","6272","Egattur","5","6658","Tambaram Railway Station East","43","2026-09-27T08:20:00","2026-09-27T09:13:00","1","60","ALL_TICKETS_USED","AT_TICKET_DESTINATION"
"SYN002861","SYNTHETIC","ETM_STYLE","2026-09-27","16821","105","14452","Regular","2026-09-27_14452","afternoon","2026-09-27T14:01:00","6351","Karanai","12","10049","S.I.V.E.T","34","2026-09-27T14:01:00","2026-09-27T14:32:00","2","60","ALL_TICKETS_USED","AT_TICKET_DESTINATION"
"SYN002862","SYNTHETIC","ETM_STYLE","2026-09-27","16821","105","14452","Regular","2026-09-27_14452","afternoon","2026-09-27T13:56:00","6305","Trisakthi Kovil","8","6656","Poondi Bazaar","42","2026-09-27T13:56:00","2026-09-27T14:42:00","2","60","ALL_TICKETS_USED","AT_TICKET_DESTINATION"
"SYN002863","SYNTHETIC","ETM_STYLE","2026-09-27","16821","105","14452","Regular","2026-09-27_14452","afternoon","2026-09-27T14:14:00","6523","Vengaivasal Road Chithalapakkam","23","6659","Sembakkam","36","2026-09-27T14:14:00","2026-09-27T14:34:00","2","60","ALL_TICKETS_USED","AT_TICKET_DESTINATION"
"SYN002864","SYNTHETIC","ETM_STYLE","2026-09-27","16821","105","14452","Regular","2026-09-27_14452","afternoon","2026-09-27T14:29:00","6614","Vijaya Nagaram","31","6693","Tambaram West Bus Stand","45","2026-09-27T14:29:00","2026-09-27T14:46:00","2","60","ALL_TICKETS_USED","AT_TICKET_DESTINATION"
"SYN002865","SYNTHETIC","ETM_STYLE","2026-09-27","16821","105","14452","Regular","2026-09-27_14452","afternoon","2026-09-27T14:32:00","10049","S.I.V.E.T","34","6647","Aathi Nagar","40","2026-09-27T14:32:00","2026-09-27T14:40:00","1","60","ALL_TICKETS_USED","AT_TICKET_DESTINATION"
"SYN002866","SYNTHETIC","ETM_STYLE","2026-09-27","16821","105","14452","Regular","2026-09-27_14452","afternoon","2026-09-27T14:13:00","6511","Chitlapakkam Koot Road","22","6638","Prince College","35","2026-09-27T14:13:00","2026-09-27T14:33:00","1","60","ALL_TICKETS_USED","AT_TICKET_DESTINATION"
"SYN002867","SYNTHETIC","CHENNAI_ONE_STYLE","2026-09-27","16821","105","14452","Regular","2026-09-27_14452","afternoon","2026-09-27T13:49:00","9976","Navalur","6","6651","East Tambaram Convent","41","2026-09-27T13:53:00","2026-09-27T14:41:00","2","60","ALL_TICKETS_USED","AT_TICKET_DESTINATION"
"SYN002868","SYNTHETIC","ETM_STYLE","2026-09-27","16821","105","14452","Regular","2026-09-27_14452","afternoon","2026-09-27T14:12:00","6492","Valluvar Nagar Chithalapakkam","21","6647","Aathi Nagar","40","2026-09-27T14:12:00","2026-09-27T14:40:00","1","60","ALL_TICKETS_USED","AT_TICKET_DESTINATION"
"SYN002869","SYNTHETIC","ETM_STYLE","2026-09-27","16821","105","14452","Regular","2026-09-27_14452","afternoon","2026-09-27T14:15:00","6535","Gold Winner","24","6600","Medavakkam Junction","28","2026-09-27T14:15:00","2026-09-27T14:25:00","1","60","ALL_TICKETS_USED","AT_TICKET_DESTINATION"
"SYN002870","SYNTHETIC","ETM_STYLE","2026-09-27","16821","105","14452","Regular","2026-09-27_14452","afternoon","2026-09-27T14:41:00","6651","East Tambaram Convent","41","6693","Tambaram West Bus Stand","45","2026-09-27T14:41:00","2026-09-27T14:46:00","2","60","ALL_TICKETS_USED","AT_TICKET_DESTINATION"
"SYN002871","SYNTHETIC","CHENNAI_ONE_STYLE","2026-09-27","16821","105","14452","Regular","2026-09-27_14452","afternoon","2026-09-27T14:00:00","6408","Ramakrishna Nagar","15","6479","Jaya Nagar","20","2026-09-27T14:06:00","2026-09-27T14:11:00","3","60","ALL_TICKETS_USED","AT_TICKET_DESTINATION"
"SYN002872","SYNTHETIC","CHENNAI_ONE_STYLE","2026-09-27","16821","105","14452","Regular","2026-09-27_14452","afternoon","2026-09-27T14:24:00","6614","Vijaya Nagaram","31","6651","East Tambaram Convent","41","2026-09-27T14:29:00","2026-09-27T14:41:00","1","60","ALL_TICKETS_USED","AT_TICKET_DESTINATION"
"SYN002873","SYNTHETIC","CHENNAI_ONE_STYLE","2026-09-27","16821","105","14452","Regular","2026-09-27_14452","afternoon","2026-09-27T13:41:00","6307","Kakkan Nagar","7","6556","Veerabadra Nagar","25","2026-09-27T13:55:00","2026-09-27T14:16:00","1","60","ALL_TICKETS_USED","AT_TICKET_DESTINATION"
"SYN002874","SYNTHETIC","ETM_STYLE","2026-09-27","16821","105","14456","Regular","2026-09-27_14456","evening","2026-09-27T19:30:00","6307","Kakkan Nagar","7","6659","Sembakkam","36","2026-09-27T19:30:00","2026-09-27T20:09:00","1","60","ALL_TICKETS_USED","AT_TICKET_DESTINATION"
"SYN002875","SYNTHETIC","ETM_STYLE","2026-09-27","16821","105","14456","Regular","2026-09-27_14456","evening","2026-09-27T19:34:00","6332","Karanai Colony","11","6659","Sembakkam","36","2026-09-27T19:34:00","2026-09-27T20:09:00","1","60","ALL_TICKETS_USED","AT_TICKET_DESTINATION"
"SYN002876","SYNTHETIC","ETM_STYLE","2026-09-27","16821","105","14456","Regular","2026-09-27_14456","evening","2026-09-27T19:41:00","6408","Ramakrishna Nagar","15","10049","S.I.V.E.T","34","2026-09-27T19:41:00","2026-09-27T20:07:00","1","60","ALL_TICKETS_USED","AT_TICKET_DESTINATION"
"SYN002877","SYNTHETIC","ETM_STYLE","2026-09-27","16821","105","14456","Regular","2026-09-27_14456","evening","2026-09-27T19:33:00","6303","Thalambur","10","6608","Vengaivasal Road Junction","32","2026-09-27T19:33:00","2026-09-27T20:05:00","3","60","ALL_TICKETS_USED","AT_TICKET_DESTINATION"
"SYN002878","SYNTHETIC","CHENNAI_ONE_STYLE","2026-09-27","16821","105","14456","Regular","2026-09-27_14456","evening","2026-09-27T19:39:00","6389","Tellus Avenue","14","6608","Vengaivasal Road Junction","32","2026-09-27T19:40:00","2026-09-27T20:05:00","1","60","ALL_TICKETS_USED","AT_TICKET_DESTINATION"
"SYN002879","SYNTHETIC","CHENNAI_ONE_STYLE","2026-09-27","16821","105","14456","Regular","2026-09-27_14456","evening","2026-09-27T19:30:00","6305","Trisakthi Kovil","8","6625","Santhosapuram","33","2026-09-27T19:31:00","2026-09-27T20:06:00","2","60","ALL_TICKETS_USED","AT_TICKET_DESTINATION"
"SYN002880","SYNTHETIC","ETM_STYLE","2026-09-27","16821","105","14456","Regular","2026-09-27_14456","evening","2026-09-27T19:22:00","6240","Tcs Gate 1","3","6658","Tambaram Railway Station East","43","2026-09-27T19:22:00","2026-09-27T20:18:00","2","60","ALL_TICKETS_USED","AT_TICKET_DESTINATION"
"SYN002881","SYNTHETIC","ETM_STYLE","2026-09-27","16821","105","14456","Regular","2026-09-27_14456","evening","2026-09-27T19:40:00","6389","Tellus Avenue","14","6625","Santhosapuram","33","2026-09-27T19:40:00","2026-09-27T20:06:00","3","60","ALL_TICKETS_USED","AT_TICKET_DESTINATION"
"SYN002882","SYNTHETIC","CHENNAI_ONE_STYLE","2026-09-27","16821","105","14456","Regular","2026-09-27_14456","evening","2026-09-27T19:11:00","9960","Siruseri It Park","1","6659","Sembakkam","36","2026-09-27T19:20:00","2026-09-27T20:09:00","2","60","ALL_TICKETS_USED","AT_TICKET_DESTINATION"
"SYN002883","SYNTHETIC","CHENNAI_ONE_STYLE","2026-09-27","16821","105","14456","Regular","2026-09-27_14456","evening","2026-09-27T19:30:00","6307","Kakkan Nagar","7","10049","S.I.V.E.T","34","2026-09-27T19:30:00","2026-09-27T20:07:00","1","60","ALL_TICKETS_USED","AT_TICKET_DESTINATION"
"SYN002884","SYNTHETIC","ETM_STYLE","2026-09-27","16821","105","14456","Regular","2026-09-27_14456","evening","2026-09-27T19:21:00","6224","Sipcot Industrial Park","2","6643","Selaiyur","39","2026-09-27T19:21:00","2026-09-27T20:14:00","1","60","ALL_TICKETS_USED","AT_TICKET_DESTINATION"
"SYN002885","SYNTHETIC","ETM_STYLE","2026-09-27","16821","105","14456","Regular","2026-09-27_14456","evening","2026-09-27T19:20:00","9960","Siruseri It Park","1","6659","Sembakkam","36","2026-09-27T19:20:00","2026-09-27T20:09:00","3","60","ALL_TICKETS_USED","AT_TICKET_DESTINATION"
"SYN002886","SYNTHETIC","ETM_STYLE","2026-09-27","16821","105","14456","Regular","2026-09-27_14456","evening","2026-09-27T19:34:00","6332","Karanai Colony","11","6656","Poondi Bazaar","42","2026-09-27T19:34:00","2026-09-27T20:17:00","1","60","ALL_TICKETS_USED","AT_TICKET_DESTINATION"
"SYN002887","SYNTHETIC","ETM_STYLE","2026-09-27","16821","105","14456","Regular","2026-09-27_14456","evening","2026-09-27T19:22:00","6240","Tcs Gate 1","3","6614","Vijaya Nagaram","31","2026-09-27T19:22:00","2026-09-27T20:04:00","3","60","ALL_TICKETS_USED","AT_TICKET_DESTINATION"
"SYN002888","SYNTHETIC","CHENNAI_ONE_STYLE","2026-09-27","16821","105","14456","Regular","2026-09-27_14456","evening","2026-09-27T19:29:00","6332","Karanai Colony","11","6644","Mahalakshmi Nagar","38","2026-09-27T19:34:00","2026-09-27T20:12:00","2","60","ALL_TICKETS_USED","AT_TICKET_DESTINATION"
"SYN002889","SYNTHETIC","ETM_STYLE","2026-09-27","16821","105","14456","Regular","2026-09-27_14456","evening","2026-09-27T19:32:00","6309","Thalambur Road Junction","9","6625","Santhosapuram","33","2026-09-27T19:32:00","2026-09-27T20:06:00","1","60","ALL_TICKETS_USED","AT_TICKET_DESTINATION"
"SYN002890","SYNTHETIC","ETM_STYLE","2026-09-27","16821","105","14456","Regular","2026-09-27_14456","evening","2026-09-27T19:22:00","6240","Tcs Gate 1","3","6659","Sembakkam","36","2026-09-27T19:22:00","2026-09-27T20:09:00","1","60","ALL_TICKETS_USED","AT_TICKET_DESTINATION"
"SYN002891","SYNTHETIC","ETM_STYLE","2026-09-27","16821","105","14456","Regular","2026-09-27_14456","evening","2026-09-27T19:24:00","9967","It Park Siruseri Or Muttukadu","4","6647","Aathi Nagar","40","2026-09-27T19:24:00","2026-09-27T20:15:00","1","60","ALL_TICKETS_USED","AT_TICKET_DESTINATION"
"SYN002892","SYNTHETIC","CHENNAI_ONE_STYLE","2026-09-27","16821","105","14456","Regular","2026-09-27_14456","evening","2026-09-27T19:17:00","6305","Trisakthi Kovil","8","6608","Vengaivasal Road Junction","32","2026-09-27T19:31:00","2026-09-27T20:05:00","1","60","ALL_TICKETS_USED","AT_TICKET_DESTINATION"
"SYN002893","SYNTHETIC","CHENNAI_ONE_STYLE","2026-09-27","16821","105","14456","Regular","2026-09-27_14456","evening","2026-09-27T19:35:00","6363","Ottiyambakkam","13","6659","Sembakkam","36","2026-09-27T19:38:00","2026-09-27T20:09:00","2","60","ALL_TICKETS_USED","AT_TICKET_DESTINATION"
"SYN002894","SYNTHETIC","ETM_STYLE","2026-09-27","16821","105","14456","Regular","2026-09-27_14456","evening","2026-09-27T19:40:00","6389","Tellus Avenue","14","6666","Kamarajapuram","37","2026-09-27T19:40:00","2026-09-27T20:10:00","1","60","ALL_TICKETS_USED","AT_TICKET_DESTINATION"
"SYN002895","SYNTHETIC","CHENNAI_ONE_STYLE","2026-09-27","16821","105","14456","Regular","2026-09-27_14456","evening","2026-09-27T19:19:00","9976","Navalur","6","10049","S.I.V.E.T","34","2026-09-27T19:28:00","2026-09-27T20:07:00","1","60","ALL_TICKETS_USED","AT_TICKET_DESTINATION"
"SYN002896","SYNTHETIC","ETM_STYLE","2026-09-27","16821","105","14456","Regular","2026-09-27_14456","evening","2026-09-27T19:20:00","9960","Siruseri It Park","1","6662","Tambaram East Bus Stop","44","2026-09-27T19:20:00","2026-09-27T20:19:00","1","60","ALL_TICKETS_USED","AT_TICKET_DESTINATION"
"SYN002897","SYNTHETIC","ETM_STYLE","2026-09-27","16821","105","14456","Regular","2026-09-27_14456","evening","2026-09-27T19:31:00","6305","Trisakthi Kovil","8","6658","Tambaram Railway Station East","43","2026-09-27T19:31:00","2026-09-27T20:18:00","1","60","ALL_TICKETS_USED","AT_TICKET_DESTINATION"
"SYN002898","SYNTHETIC","ETM_STYLE","2026-09-27","16821","105","14456","Regular","2026-09-27_14456","evening","2026-09-27T19:38:00","6363","Ottiyambakkam","13","6662","Tambaram East Bus Stop","44","2026-09-27T19:38:00","2026-09-27T20:19:00","1","60","ALL_TICKETS_USED","AT_TICKET_DESTINATION"
"SYN002899","SYNTHETIC","ETM_STYLE","2026-09-27","16821","105","14456","Regular","2026-09-27_14456","evening","2026-09-27T19:25:00","6272","Egattur","5","6647","Aathi Nagar","40","2026-09-27T19:25:00","2026-09-27T20:15:00","1","60","ALL_TICKETS_USED","AT_TICKET_DESTINATION"
"SYN002900","SYNTHETIC","CHENNAI_ONE_STYLE","2026-09-27","16821","105","14456","Regular","2026-09-27_14456","evening","2026-09-27T19:18:00","9960","Siruseri It Park","1","6662","Tambaram East Bus Stop","44","2026-09-27T19:20:00","2026-09-27T20:19:00","2","60","ALL_TICKETS_USED","AT_TICKET_DESTINATION"
"SYN002901","SYNTHETIC","ETM_STYLE","2026-09-27","16821","105","14456","Regular","2026-09-27_14456","evening","2026-09-27T19:41:00","6408","Ramakrishna Nagar","15","6662","Tambaram East Bus Stop","44","2026-09-27T19:41:00","2026-09-27T20:19:00","1","60","ALL_TICKETS_USED","AT_TICKET_DESTINATION"
"SYN002902","SYNTHETIC","ETM_STYLE","2026-09-27","16821","105","14456","Regular","2026-09-27_14456","evening","2026-09-27T19:40:00","6389","Tellus Avenue","14","6643","Selaiyur","39","2026-09-27T19:40:00","2026-09-27T20:14:00","1","60","ALL_TICKETS_USED","AT_TICKET_DESTINATION"
"SYN002903","SYNTHETIC","ETM_STYLE","2026-09-27","16821","105","14456","Regular","2026-09-27_14456","evening","2026-09-27T19:36:00","6351","Karanai","12","6656","Poondi Bazaar","42","2026-09-27T19:36:00","2026-09-27T20:17:00","2","60","ALL_TICKETS_USED","AT_TICKET_DESTINATION"
"SYN002904","SYNTHETIC","ETM_STYLE","2026-09-27","16821","105","14458","Regular","2026-09-27_14458","night","2026-09-27T22:29:00","6457","Indira Nagar Chithalapakkam","18","6647","Aathi Nagar","40","2026-09-27T22:29:00","2026-09-27T23:00:00","1","60","ALL_TICKETS_USED","AT_TICKET_DESTINATION"
"SYN002905","SYNTHETIC","ETM_STYLE","2026-09-27","16821","105","14458","Regular","2026-09-27_14458","night","2026-09-27T22:35:00","6535","Gold Winner","24","6659","Sembakkam","36","2026-09-27T22:35:00","2026-09-27T22:54:00","1","60","ALL_TICKETS_USED","AT_TICKET_DESTINATION"
"SYN002906","SYNTHETIC","ETM_STYLE","2026-09-27","16821","105","14458","Regular","2026-09-27_14458","night","2026-09-27T22:26:00","6408","Ramakrishna Nagar","15","6556","Veerabadra Nagar","25","2026-09-27T22:26:00","2026-09-27T22:36:00","2","60","ALL_TICKETS_USED","AT_TICKET_DESTINATION"
"SYN002907","SYNTHETIC","ETM_STYLE","2026-09-27","16821","105","14458","Regular","2026-09-27_14458","night","2026-09-27T22:49:00","6614","Vijaya Nagaram","31","6647","Aathi Nagar","40","2026-09-27T22:49:00","2026-09-27T23:00:00","1","60","ALL_TICKETS_USED","AT_TICKET_DESTINATION"
"SYN002908","SYNTHETIC","ETM_STYLE","2026-09-27","16821","105","14458","Regular","2026-09-27_14458","night","2026-09-27T22:13:00","9976","Navalur","6","6523","Vengaivasal Road Chithalapakkam","23","2026-09-27T22:13:00","2026-09-27T22:34:00","1","60","ALL_TICKETS_USED","AT_TICKET_DESTINATION"
"SYN002909","SYNTHETIC","CHENNAI_ONE_STYLE","2026-09-27","16821","105","14458","Regular","2026-09-27_14458","night","2026-09-27T22:23:00","6556","Veerabadra Nagar","25","6631","Medavakkam Koot Road","29","2026-09-27T22:36:00","2026-09-27T22:47:00","1","60","ALL_TICKETS_USED","AT_TICKET_DESTINATION"
"SYN002910","SYNTHETIC","ETM_STYLE","2026-09-27","16821","105","14458","Regular","2026-09-27_14458","night","2026-09-27T22:16:00","6305","Trisakthi Kovil","8","6450","Sithalapakkam Mani Kadai","17","2026-09-27T22:16:00","2026-09-27T22:28:00","3","60","ALL_TICKETS_USED","AT_TICKET_DESTINATION"
"SYN002911","SYNTHETIC","ETM_STYLE","2026-09-27","16821","105","14458","Regular","2026-09-27_14458","night","2026-09-27T22:26:00","6408","Ramakrishna Nagar","15","6658","Tambaram Railway Station East","43","2026-09-27T22:26:00","2026-09-27T23:03:00","1","60","ALL_TICKETS_USED","AT_TICKET_DESTINATION"
"SYN002912","SYNTHETIC","ETM_STYLE","2026-09-27","16821","105","14458","Regular","2026-09-27_14458","night","2026-09-27T22:27:00","6421","Arasankazhani","16","6570","Soumya Nagar","26","2026-09-27T22:27:00","2026-09-27T22:37:00","2","60","ALL_TICKETS_USED","AT_TICKET_DESTINATION"
"SYN002913","SYNTHETIC","CHENNAI_ONE_STYLE","2026-09-27","16821","105","14458","Regular","2026-09-27_14458","night","2026-09-27T22:48:00","6608","Vengaivasal Road Junction","32","6662","Tambaram East Bus Stop","44","2026-09-27T22:50:00","2026-09-27T23:04:00","1","60","ALL_TICKETS_USED","AT_TICKET_DESTINATION"
"SYN002914","SYNTHETIC","CHENNAI_ONE_STYLE","2026-09-27","16821","105","14458","Regular","2026-09-27_14458","night","2026-09-27T21:56:00","9967","It Park Siruseri Or Muttukadu","4","6363","Ottiyambakkam","13","2026-09-27T22:09:00","2026-09-27T22:23:00","3","60","ALL_TICKETS_USED","AT_TICKET_DESTINATION"
"SYN002915","SYNTHETIC","ETM_STYLE","2026-09-27","16821","105","14458","Regular","2026-09-27_14458","night","2026-09-27T22:31:00","6479","Jaya Nagar","20","6511","Chitlapakkam Koot Road","22","2026-09-27T22:31:00","2026-09-27T22:33:00","1","60","ALL_TICKETS_USED","AT_TICKET_DESTINATION"
"SYN002916","SYNTHETIC","ETM_STYLE","2026-09-27","23600","109 R","102371","Regular","2026-09-27_102371","morning","2026-09-27T09:34:00","5814","Secretariat","3","6387","Uthandi","35","2026-09-27T09:34:00","2026-09-27T10:33:00","3","60","ALL_TICKETS_USED","AT_TICKET_DESTINATION"
"SYN002917","SYNTHETIC","ETM_STYLE","2026-09-27","23600","109 R","102371","Regular","2026-09-27_102371","morning","2026-09-27T09:56:00","10814","Music College Annamalai Puram","14","6102","Kovalam Bus Terminus","49","2026-09-27T09:56:00","2026-09-27T10:49:00","1","60","ALL_TICKETS_USED","AT_TICKET_DESTINATION"
"SYN002918","SYNTHETIC","ETM_STYLE","2026-09-27","23600","109 R","102371","Regular","2026-09-27_102371","morning","2026-09-27T09:45:00","5917","Queen Marys College","9","6287","Meera Nagar","39","2026-09-27T09:45:00","2026-09-27T10:37:00","3","60","ALL_TICKETS_USED","AT_TICKET_DESTINATION"
"SYN002919","SYNTHETIC","CHENNAI_ONE_STYLE","2026-09-27","23600","109 R","102371","Regular","2026-09-27_102371","morning","2026-09-27T09:46:00","9128","Mrc Nagar","13","9986","Uthandi Toll Gate Or Ragash College","37","2026-09-27T09:51:00","2026-09-27T10:35:00","1","60","ALL_TICKETS_USED","AT_TICKET_DESTINATION"
"SYN002920","SYNTHETIC","ETM_STYLE","2026-09-27","23600","109 R","102371","Regular","2026-09-27_102371","morning","2026-09-27T09:44:00","5916","Vivekananda House","8","6370","Anandbagh","36","2026-09-27T09:44:00","2026-09-27T10:34:00","1","60","ALL_TICKETS_USED","AT_TICKET_DESTINATION"
"SYN002921","SYNTHETIC","ETM_STYLE","2026-09-27","23600","109 R","102371","Regular","2026-09-27_102371","morning","2026-09-27T09:39:00","5918","Kannagi Statue Or Presidency College","7","9955","N.I.E.P.M.D","43","2026-09-27T09:39:00","2026-09-27T10:41:00","1","60","ALL_TICKETS_USED","AT_TICKET_DESTINATION"
"SYN002922","SYNTHETIC","CHENNAI_ONE_STYLE","2026-09-27","23600","109 R","102371","Regular","2026-09-27_102371","morning","2026-09-27T09:28:00","5918","Kannagi Statue Or Presidency College","7","6459","Panaiyur","33","2026-09-27T09:39:00","2026-09-27T10:31:00","1","60","ALL_TICKETS_USED","AT_TICKET_DESTINATION"
"SYN002923","SYNTHETIC","ETM_STYLE","2026-09-27","23600","109 R","102371","Regular","2026-09-27_102371","morning","2026-09-27T09:45:00","5917","Queen Marys College","9","6459","Panaiyur","33","2026-09-27T09:45:00","2026-09-27T10:31:00","1","60","ALL_TICKETS_USED","AT_TICKET_DESTINATION"
"SYN002924","SYNTHETIC","ETM_STYLE","2026-09-27","23600","109 R","102371","Regular","2026-09-27_102371","morning","2026-09-27T09:25:00","11159","Island ground Terminus","1","6387","Uthandi","35","2026-09-27T09:25:00","2026-09-27T10:33:00","1","60","ALL_TICKETS_USED","AT_TICKET_DESTINATION"
"SYN002925","SYNTHETIC","ETM_STYLE","2026-09-27","23600","109 R","102371","Regular","2026-09-27_102371","morning","2026-09-27T09:56:00","10814","Music College Annamalai Puram","14","6081","Kovalam Chamjarai","48","2026-09-27T09:56:00","2026-09-27T10:46:00","1","60","ALL_TICKETS_USED","AT_TICKET_DESTINATION"
"SYN002926","SYNTHETIC","CHENNAI_ONE_STYLE","2026-09-27","23600","109 R","102371","Regular","2026-09-27_102371","morning","2026-09-27T09:15:00","11159","Island ground Terminus","1","6370","Anandbagh","36","2026-09-27T09:25:00","2026-09-27T10:34:00","1","60","ALL_TICKETS_USED","AT_TICKET_DESTINATION"
"SYN002927","SYNTHETIC","ETM_STYLE","2026-09-27","23600","109 R","102371","Regular","2026-09-27_102371","morning","2026-09-27T09:46:00","5638","All India Radio Light House","10","6102","Kovalam Bus Terminus","49","2026-09-27T09:46:00","2026-09-27T10:49:00","1","60","ALL_TICKETS_USED","AT_TICKET_DESTINATION"
"SYN002928","SYNTHETIC","ETM_STYLE","2026-09-27","23600","109 R","102371","Regular","2026-09-27_102371","morning","2026-09-27T09:46:00","5638","All India Radio Light House","10","9957","Panjabur Or Yellow Board","42","2026-09-27T09:46:00","2026-09-27T10:40:00","1","60","ALL_TICKETS_USED","AT_TICKET_DESTINATION"
"SYN002929","SYNTHETIC","CHENNAI_ONE_STYLE","2026-09-27","23600","109 R","102371","Regular","2026-09-27_102371","morning","2026-09-27T09:38:00","5917","Queen Marys College","9","6091","Kovalam Kelambakam Road Junction","47","2026-09-27T09:45:00","2026-09-27T10:45:00","1","60","ALL_TICKETS_USED","AT_TICKET_DESTINATION"
"SYN002930","SYNTHETIC","ETM_STYLE","2026-09-27","23600","109 R","102371","Regular","2026-09-27_102371","morning","2026-09-27T09:36:00","11192","Annasquare","5","9986","Uthandi Toll Gate Or Ragash College","37","2026-09-27T09:36:00","2026-09-27T10:35:00","1","60","ALL_TICKETS_USED","AT_TICKET_DESTINATION"
"SYN002931","SYNTHETIC","ETM_STYLE","2026-09-27","23600","109 R","102371","Regular","2026-09-27_102371","morning","2026-09-27T09:46:00","5638","All India Radio Light House","10","6130","Kunnukadu Alamaram","45","2026-09-27T09:46:00","2026-09-27T10:43:00","2","60","ALL_TICKETS_USED","AT_TICKET_DESTINATION"
"SYN002932","SYNTHETIC","CHENNAI_ONE_STYLE","2026-09-27","23600","109 R","102371","Regular","2026-09-27_102371","morning","2026-09-27T09:41:00","10814","Music College Annamalai Puram","14","6160","Muttukadu Boat House","44","2026-09-27T09:56:00","2026-09-27T10:42:00","3","60","ALL_TICKETS_USED","AT_TICKET_DESTINATION"
"SYN002933","SYNTHETIC","ETM_STYLE","2026-09-27","23600","109 R","102371","Regular","2026-09-27_102371","morning","2026-09-27T09:36:00","11192","Annasquare","5","6459","Panaiyur","33","2026-09-27T09:36:00","2026-09-27T10:31:00","1","60","ALL_TICKETS_USED","AT_TICKET_DESTINATION"
"SYN002934","SYNTHETIC","ETM_STYLE","2026-09-27","23600","109 R","102371","Regular","2026-09-27_102371","morning","2026-09-27T09:49:00","5819","Foreshore Estate Bus Stop","12","6370","Anandbagh","36","2026-09-27T09:49:00","2026-09-27T10:34:00","1","60","ALL_TICKETS_USED","AT_TICKET_DESTINATION"
"SYN002935","SYNTHETIC","CHENNAI_ONE_STYLE","2026-09-27","23600","109 R","102371","Regular","2026-09-27_102371","morning","2026-09-27T09:35:00","5932","War Memorial","4","6160","Muttukadu Boat House","44","2026-09-27T09:35:00","2026-09-27T10:42:00","2","60","ALL_TICKETS_USED","AT_TICKET_DESTINATION"
"SYN002936","SYNTHETIC","CHENNAI_ONE_STYLE","2026-09-27","23600","109 R","102371","Regular","2026-09-27_102371","morning","2026-09-27T09:42:00","5638","All India Radio Light House","10","9955","N.I.E.P.M.D","43","2026-09-27T09:46:00","2026-09-27T10:41:00","1","60","ALL_TICKETS_USED","AT_TICKET_DESTINATION"
"SYN002937","SYNTHETIC","ETM_STYLE","2026-09-27","23600","109 R","102371","Regular","2026-09-27_102371","morning","2026-09-27T09:46:00","5638","All India Radio Light House","10","6102","Kovalam Bus Terminus","49","2026-09-27T09:46:00","2026-09-27T10:49:00","2","60","ALL_TICKETS_USED","AT_TICKET_DESTINATION"
"SYN002938","SYNTHETIC","ETM_STYLE","2026-09-27","23600","109 R","102371","Regular","2026-09-27_102371","morning","2026-09-27T09:37:00","2601","Marina Beach","6","6091","Kovalam Kelambakam Road Junction","47","2026-09-27T09:37:00","2026-09-27T10:45:00","3","60","ALL_TICKETS_USED","AT_TICKET_DESTINATION"
"SYN002939","SYNTHETIC","ETM_STYLE","2026-09-27","23600","109 R","102371","Regular","2026-09-27_102371","morning","2026-09-27T10:00:00","5760","Adyar Signal","16","9957","Panjabur Or Yellow Board","42","2026-09-27T10:00:00","2026-09-27T10:40:00","1","60","ALL_TICKETS_USED","AT_TICKET_DESTINATION"
"SYN002940","SYNTHETIC","ETM_STYLE","2026-09-27","23600","109 R","102371","Regular","2026-09-27_102371","morning","2026-09-27T09:51:00","9128","Mrc Nagar","13","6160","Muttukadu Boat House","44","2026-09-27T09:51:00","2026-09-27T10:42:00","1","60","ALL_TICKETS_USED","AT_TICKET_DESTINATION"
"SYN002941","SYNTHETIC","ETM_STYLE","2026-09-27","23600","109 R","102371","Regular","2026-09-27_102371","morning","2026-09-27T09:51:00","9128","Mrc Nagar","13","6106","Kovalam","46","2026-09-27T09:51:00","2026-09-27T10:44:00","1","60","ALL_TICKETS_USED","AT_TICKET_DESTINATION"
"SYN002942","SYNTHETIC","ETM_STYLE","2026-09-27","23600","109 R","102371","Regular","2026-09-27_102371","morning","2026-09-27T09:46:00","5638","All India Radio Light House","10","9993","Nainar Kuppam Or Uthandi Colony","34","2026-09-27T09:46:00","2026-09-27T10:32:00","1","60","ALL_TICKETS_USED","AT_TICKET_DESTINATION"
"SYN002943","SYNTHETIC","CHENNAI_ONE_STYLE","2026-09-27","23600","109 R","102371","Regular","2026-09-27_102371","morning","2026-09-27T09:42:00","5639","Santhome Church","11","6316","Kanathur","38","2026-09-27T09:47:00","2026-09-27T10:36:00","1","60","ALL_TICKETS_USED","AT_TICKET_DESTINATION"
"SYN002944","SYNTHETIC","CHENNAI_ONE_STYLE","2026-09-27","23600","109 R","102371","Regular","2026-09-27_102371","morning","2026-09-27T09:36:00","11192","Annasquare","5","6106","Kovalam","46","2026-09-27T09:36:00","2026-09-27T10:44:00","1","60","ALL_TICKETS_USED","AT_TICKET_DESTINATION"
"SYN002945","SYNTHETIC","CHENNAI_ONE_STYLE","2026-09-27","23600","109 R","102371","Regular","2026-09-27_102371","morning","2026-09-27T09:58:00","5758","M.G.R Janaki College Or Sathya Studio","15","6370","Anandbagh","36","2026-09-27T09:58:00","2026-09-27T10:34:00","2","60","ALL_TICKETS_USED","AT_TICKET_DESTINATION"
"SYN002946","SYNTHETIC","ETM_STYLE","2026-09-27","23600","109 R","102373","Regular","2026-09-27_102373","afternoon","2026-09-27T14:17:00","8495","Palavakkam","22","6160","Muttukadu Boat House","44","2026-09-27T14:17:00","2026-09-27T14:42:00","2","60","ALL_TICKETS_USED","AT_TICKET_DESTINATION"
"SYN002947","SYNTHETIC","CHENNAI_ONE_STYLE","2026-09-27","23600","109 R","102373","Regular","2026-09-27_102373","afternoon","2026-09-27T13:54:00","5913","Adyar Depot","17","6130","Kunnukadu Alamaram","45","2026-09-27T14:02:00","2026-09-27T14:43:00","1","60","ALL_TICKETS_USED","AT_TICKET_DESTINATION"
"SYN002948","SYNTHETIC","ETM_STYLE","2026-09-27","23600","109 R","102373","Regular","2026-09-27_102373","afternoon","2026-09-27T14:45:00","6091","Kovalam Kelambakam Road Junction","47","6081","Kovalam Chamjarai","48","2026-09-27T14:45:00","2026-09-27T14:46:00","2","60","ALL_TICKETS_USED","AT_TICKET_DESTINATION"
"SYN002949","SYNTHETIC","ETM_STYLE","2026-09-27","23600","109 R","102373","Regular","2026-09-27_102373","afternoon","2026-09-27T14:40:00","9957","Panjabur Or Yellow Board","42","6081","Kovalam Chamjarai","48","2026-09-27T14:40:00","2026-09-27T14:46:00","2","60","ALL_TICKETS_USED","AT_TICKET_DESTINATION"
"SYN002950","SYNTHETIC","ETM_STYLE","2026-09-27","23600","109 R","102373","Regular","2026-09-27_102373","afternoon","2026-09-27T14:32:00","9993","Nainar Kuppam Or Uthandi Colony","34","6287","Meera Nagar","39","2026-09-27T14:32:00","2026-09-27T14:37:00","1","60","ALL_TICKETS_USED","AT_TICKET_DESTINATION"
"SYN002951","SYNTHETIC","ETM_STYLE","2026-09-27","23600","109 R","102373","Regular","2026-09-27_102373","afternoon","2026-09-27T13:32:00","9783","Parrys Corner","2","10142","Thiruvanmiyur Or Marudeeswarar Temple","19","2026-09-27T13:32:00","2026-09-27T14:11:00","1","60","ALL_TICKETS_USED","AT_TICKET_DESTINATION"
"SYN002952","SYNTHETIC","CHENNAI_ONE_STYLE","2026-09-27","23600","109 R","102373","Regular","2026-09-27_102373","afternoon","2026-09-27T14:26:00","6316","Kanathur","38","6160","Muttukadu Boat House","44","2026-09-27T14:36:00","2026-09-27T14:42:00","2","60","ALL_TICKETS_USED","AT_TICKET_DESTINATION"
"SYN002953","SYNTHETIC","CHENNAI_ONE_STYLE","2026-09-27","23600","109 R","102373","Regular","2026-09-27_102373","afternoon","2026-09-27T13:21:00","5932","War Memorial","4","6287","Meera Nagar","39","2026-09-27T13:35:00","2026-09-27T14:37:00","2","60","ALL_TICKETS_USED","AT_TICKET_DESTINATION"
"SYN002954","SYNTHETIC","ETM_STYLE","2026-09-27","23600","109 R","102373","Regular","2026-09-27_102373","afternoon","2026-09-27T14:11:00","10142","Thiruvanmiyur Or Marudeeswarar Temple","19","9957","Panjabur Or Yellow Board","42","2026-09-27T14:11:00","2026-09-27T14:40:00","1","60","ALL_TICKETS_USED","AT_TICKET_DESTINATION"
"SYN002955","SYNTHETIC","CHENNAI_ONE_STYLE","2026-09-27","23600","109 R","102373","Regular","2026-09-27_102373","afternoon","2026-09-27T14:14:00","8346","Bhuari Hotel","26","6160","Muttukadu Boat House","44","2026-09-27T14:21:00","2026-09-27T14:42:00","2","60","ALL_TICKETS_USED","AT_TICKET_DESTINATION"
"SYN002956","SYNTHETIC","ETM_STYLE","2026-09-27","23600","109 R","102373","Regular","2026-09-27_102373","afternoon","2026-09-27T14:19:00","8436","Ice Factory","24","6370","Anandbagh","36","2026-09-27T14:19:00","2026-09-27T14:34:00","1","60","ALL_TICKETS_USED","AT_TICKET_DESTINATION"
"SYN002957","SYNTHETIC","ETM_STYLE","2026-09-27","23600","109 R","102373","Regular","2026-09-27_102373","afternoon","2026-09-27T14:24:00","6672","Bethal Nagar","29","6102","Kovalam Bus Terminus","49","2026-09-27T14:24:00","2026-09-27T14:49:00","2","60","ALL_TICKETS_USED","AT_TICKET_DESTINATION"
"SYN002958","SYNTHETIC","ETM_STYLE","2026-09-27","23600","109 R","102373","Regular","2026-09-27_102373","afternoon","2026-09-27T14:46:00","6081","Kovalam Chamjarai","48","6102","Kovalam Bus Terminus","49","2026-09-27T14:46:00","2026-09-27T14:49:00","2","60","ALL_TICKETS_USED","AT_TICKET_DESTINATION"
"SYN002959","SYNTHETIC","ETM_STYLE","2026-09-27","23600","109 R","102375","Regular","2026-09-27_102375","evening","2026-09-27T17:41:00","5638","All India Radio Light House","10","6316","Kanathur","38","2026-09-27T17:41:00","2026-09-27T18:31:00","2","60","ALL_TICKETS_USED","AT_TICKET_DESTINATION"
"SYN002960","SYNTHETIC","CHENNAI_ONE_STYLE","2026-09-27","23600","109 R","102375","Regular","2026-09-27_102375","evening","2026-09-27T17:40:00","9128","Mrc Nagar","13","6130","Kunnukadu Alamaram","45","2026-09-27T17:46:00","2026-09-27T18:38:00","2","60","ALL_TICKETS_USED","AT_TICKET_DESTINATION"
"SYN002961","SYNTHETIC","ETM_STYLE","2026-09-27","23600","109 R","102375","Regular","2026-09-27_102375","evening","2026-09-27T17:20:00","11159","Island ground Terminus","1","6316","Kanathur","38","2026-09-27T17:20:00","2026-09-27T18:31:00","1","60","ALL_TICKETS_USED","AT_TICKET_DESTINATION"
"SYN002962","SYNTHETIC","CHENNAI_ONE_STYLE","2026-09-27","23600","109 R","102375","Regular","2026-09-27_102375","evening","2026-09-27T17:41:00","5758","M.G.R Janaki College Or Sathya Studio","15","6130","Kunnukadu Alamaram","45","2026-09-27T17:53:00","2026-09-27T18:38:00","2","60","ALL_TICKETS_USED","AT_TICKET_DESTINATION"
"SYN002963","SYNTHETIC","ETM_STYLE","2026-09-27","23600","109 R","102375","Regular","2026-09-27_102375","evening","2026-09-27T17:46:00","9128","Mrc Nagar","13","6130","Kunnukadu Alamaram","45","2026-09-27T17:46:00","2026-09-27T18:38:00","2","60","ALL_TICKETS_USED","AT_TICKET_DESTINATION"
"SYN002964","SYNTHETIC","CHENNAI_ONE_STYLE","2026-09-27","23600","109 R","102375","Regular","2026-09-27_102375","evening","2026-09-27T17:30:00","5918","Kannagi Statue Or Presidency College","7","6106","Kovalam","46","2026-09-27T17:34:00","2026-09-27T18:39:00","1","60","ALL_TICKETS_USED","AT_TICKET_DESTINATION"
"SYN002965","SYNTHETIC","CHENNAI_ONE_STYLE","2026-09-27","23600","109 R","102375","Regular","2026-09-27_102375","evening","2026-09-27T17:25:00","5918","Kannagi Statue Or Presidency College","7","6459","Panaiyur","33","2026-09-27T17:34:00","2026-09-27T18:26:00","2","60","ALL_TICKETS_USED","AT_TICKET_DESTINATION"
"SYN002966","SYNTHETIC","ETM_STYLE","2026-09-27","23600","109 R","102375","Regular","2026-09-27_102375","evening","2026-09-27T17:51:00","10814","Music College Annamalai Puram","14","6130","Kunnukadu Alamaram","45","2026-09-27T17:51:00","2026-09-27T18:38:00","1","60","ALL_TICKETS_USED","AT_TICKET_DESTINATION"
"SYN002967","SYNTHETIC","CHENNAI_ONE_STYLE","2026-09-27","23600","109 R","102375","Regular","2026-09-27_102375","evening","2026-09-27T17:28:00","5917","Queen Marys College","9","6287","Meera Nagar","39","2026-09-27T17:40:00","2026-09-27T18:32:00","1","60","ALL_TICKETS_USED","AT_TICKET_DESTINATION"
"SYN002968","SYNTHETIC","ETM_STYLE","2026-09-27","23600","109 R","102375","Regular","2026-09-27_102375","evening","2026-09-27T17:53:00","5758","M.G.R Janaki College Or Sathya Studio","15","6370","Anandbagh","36","2026-09-27T17:53:00","2026-09-27T18:29:00","1","60","ALL_TICKETS_USED","AT_TICKET_DESTINATION"
"SYN002969","SYNTHETIC","ETM_STYLE","2026-09-27","23600","109 R","102375","Regular","2026-09-27_102375","evening","2026-09-27T17:29:00","5814","Secretariat","3","6316","Kanathur","38","2026-09-27T17:29:00","2026-09-27T18:31:00","1","60","ALL_TICKETS_USED","AT_TICKET_DESTINATION"
"SYN002970","SYNTHETIC","CHENNAI_ONE_STYLE","2026-09-27","23600","109 R","102375","Regular","2026-09-27_102375","evening","2026-09-27T17:44:00","5760","Adyar Signal","16","6130","Kunnukadu Alamaram","45","2026-09-27T17:55:00","2026-09-27T18:38:00","1","60","ALL_TICKETS_USED","AT_TICKET_DESTINATION"
"SYN002971","SYNTHETIC","ETM_STYLE","2026-09-27","23600","109 R","102375","Regular","2026-09-27_102375","evening","2026-09-27T17:53:00","5758","M.G.R Janaki College Or Sathya Studio","15","9955","N.I.E.P.M.D","43","2026-09-27T17:53:00","2026-09-27T18:36:00","1","60","ALL_TICKETS_USED","AT_TICKET_DESTINATION"
"SYN002972","SYNTHETIC","ETM_STYLE","2026-09-27","23600","109 R","102375","Regular","2026-09-27_102375","evening","2026-09-27T17:20:00","11159","Island ground Terminus","1","9993","Nainar Kuppam Or Uthandi Colony","34","2026-09-27T17:20:00","2026-09-27T18:27:00","1","60","ALL_TICKETS_USED","AT_TICKET_DESTINATION"
"SYN002973","SYNTHETIC","ETM_STYLE","2026-09-27","23600","109 R","102375","Regular","2026-09-27_102375","evening","2026-09-27T17:20:00","11159","Island ground Terminus","1","6249","Muttukadu","40","2026-09-27T17:20:00","2026-09-27T18:33:00","2","60","ALL_TICKETS_USED","AT_TICKET_DESTINATION"
"SYN002974","SYNTHETIC","ETM_STYLE","2026-09-27","23600","109 R","102375","Regular","2026-09-27_102375","evening","2026-09-27T17:46:00","9128","Mrc Nagar","13","6106","Kovalam","46","2026-09-27T17:46:00","2026-09-27T18:39:00","1","60","ALL_TICKETS_USED","AT_TICKET_DESTINATION"
"SYN002975","SYNTHETIC","ETM_STYLE","2026-09-27","23600","109 R","102375","Regular","2026-09-27_102375","evening","2026-09-27T17:41:00","5638","All India Radio Light House","10","6249","Muttukadu","40","2026-09-27T17:41:00","2026-09-27T18:33:00","1","60","ALL_TICKETS_USED","AT_TICKET_DESTINATION"
"SYN002976","SYNTHETIC","ETM_STYLE","2026-09-27","23600","109 R","102375","Regular","2026-09-27_102375","evening","2026-09-27T17:46:00","9128","Mrc Nagar","13","6102","Kovalam Bus Terminus","49","2026-09-27T17:46:00","2026-09-27T18:44:00","3","60","ALL_TICKETS_USED","AT_TICKET_DESTINATION"
"SYN002977","SYNTHETIC","ETM_STYLE","2026-09-27","23600","109 R","102375","Regular","2026-09-27_102375","evening","2026-09-27T17:34:00","5918","Kannagi Statue Or Presidency College","7","6249","Muttukadu","40","2026-09-27T17:34:00","2026-09-27T18:33:00","2","60","ALL_TICKETS_USED","AT_TICKET_DESTINATION"
"SYN002978","SYNTHETIC","CHENNAI_ONE_STYLE","2026-09-27","23600","109 R","102375","Regular","2026-09-27_102375","evening","2026-09-27T17:51:00","5760","Adyar Signal","16","6370","Anandbagh","36","2026-09-27T17:55:00","2026-09-27T18:29:00","1","60","ALL_TICKETS_USED","AT_TICKET_DESTINATION"
"SYN002979","SYNTHETIC","CHENNAI_ONE_STYLE","2026-09-27","23600","109 R","102375","Regular","2026-09-27_102375","evening","2026-09-27T17:18:00","11159","Island ground Terminus","1","6387","Uthandi","35","2026-09-27T17:20:00","2026-09-27T18:28:00","1","60","ALL_TICKETS_USED","AT_TICKET_DESTINATION"
"SYN002980","SYNTHETIC","CHENNAI_ONE_STYLE","2026-09-27","23600","109 R","102375","Regular","2026-09-27_102375","evening","2026-09-27T17:14:00","9783","Parrys Corner","2","9962","Mary World Or Mgm","41","2026-09-27T17:27:00","2026-09-27T18:34:00","2","60","ALL_TICKETS_USED","AT_TICKET_DESTINATION"
"SYN002981","SYNTHETIC","CHENNAI_ONE_STYLE","2026-09-27","23600","109 R","102375","Regular","2026-09-27_102375","evening","2026-09-27T17:26:00","11192","Annasquare","5","9955","N.I.E.P.M.D","43","2026-09-27T17:31:00","2026-09-27T18:36:00","2","60","ALL_TICKETS_USED","AT_TICKET_DESTINATION"
"SYN002982","SYNTHETIC","CHENNAI_ONE_STYLE","2026-09-27","23600","109 R","102375","Regular","2026-09-27_102375","evening","2026-09-27T17:38:00","5917","Queen Marys College","9","6316","Kanathur","38","2026-09-27T17:40:00","2026-09-27T18:31:00","1","60","ALL_TICKETS_USED","AT_TICKET_DESTINATION"
"SYN002983","SYNTHETIC","CHENNAI_ONE_STYLE","2026-09-27","23600","109 R","102375","Regular","2026-09-27_102375","evening","2026-09-27T17:27:00","9783","Parrys Corner","2","6287","Meera Nagar","39","2026-09-27T17:27:00","2026-09-27T18:32:00","1","60","ALL_TICKETS_USED","AT_TICKET_DESTINATION"
"SYN002984","SYNTHETIC","ETM_STYLE","2026-09-27","23600","109 R","102375","Regular","2026-09-27_102375","evening","2026-09-27T17:20:00","11159","Island ground Terminus","1","9955","N.I.E.P.M.D","43","2026-09-27T17:20:00","2026-09-27T18:36:00","1","60","ALL_TICKETS_USED","AT_TICKET_DESTINATION"
"SYN002985","SYNTHETIC","ETM_STYLE","2026-09-27","23600","109 R","102375","Regular","2026-09-27_102375","evening","2026-09-27T17:41:00","5638","All India Radio Light House","10","6287","Meera Nagar","39","2026-09-27T17:41:00","2026-09-27T18:32:00","1","60","ALL_TICKETS_USED","AT_TICKET_DESTINATION"
"SYN002986","SYNTHETIC","ETM_STYLE","2026-09-27","23600","109 R","102375","Regular","2026-09-27_102375","evening","2026-09-27T17:41:00","5638","All India Radio Light House","10","9962","Mary World Or Mgm","41","2026-09-27T17:41:00","2026-09-27T18:34:00","2","60","ALL_TICKETS_USED","AT_TICKET_DESTINATION"
"SYN002987","SYNTHETIC","ETM_STYLE","2026-09-27","23600","109 R","102375","Regular","2026-09-27_102375","evening","2026-09-27T17:40:00","5917","Queen Marys College","9","6459","Panaiyur","33","2026-09-27T17:40:00","2026-09-27T18:26:00","2","60","ALL_TICKETS_USED","AT_TICKET_DESTINATION"
"SYN002988","SYNTHETIC","ETM_STYLE","2026-09-27","23600","109 R","102375","Regular","2026-09-27_102375","evening","2026-09-27T17:20:00","11159","Island ground Terminus","1","6091","Kovalam Kelambakam Road Junction","47","2026-09-27T17:20:00","2026-09-27T18:40:00","2","60","ALL_TICKETS_USED","AT_TICKET_DESTINATION"
"SYN002989","SYNTHETIC","ETM_STYLE","2026-09-27","23600","109 R","102998","Regular","2026-09-27_102998","night","2026-09-27T22:19:00","9962","Mary World Or Mgm","41","6091","Kovalam Kelambakam Road Junction","47","2026-09-27T22:19:00","2026-09-27T22:25:00","1","60","ALL_TICKETS_USED","AT_TICKET_DESTINATION"
"SYN002990","SYNTHETIC","ETM_STYLE","2026-09-27","23600","109 R","102998","Regular","2026-09-27_102998","night","2026-09-27T22:00:00","10084","Neelankarai","25","8311","Vettuvakeni","27","2026-09-27T22:00:00","2026-09-27T22:02:00","2","60","ALL_TICKETS_USED","AT_TICKET_DESTINATION"
"SYN002991","SYNTHETIC","CHENNAI_ONE_STYLE","2026-09-27","23600","109 R","102998","Regular","2026-09-27_102998","night","2026-09-27T21:12:00","5918","Kannagi Statue Or Presidency College","7","6316","Kanathur","38","2026-09-27T21:19:00","2026-09-27T22:16:00","1","60","ALL_TICKETS_USED","AT_TICKET_DESTINATION"
"SYN002992","SYNTHETIC","CHENNAI_ONE_STYLE","2026-09-27","23600","109 R","102998","Regular","2026-09-27_102998","night","2026-09-27T21:01:00","11192","Annasquare","5","5760","Adyar Signal","16","2026-09-27T21:16:00","2026-09-27T21:40:00","2","60","ALL_TICKETS_USED","AT_TICKET_DESTINATION"
"SYN002993","SYNTHETIC","ETM_STYLE","2026-09-27","23600","109 R","102998","Regular","2026-09-27_102998","night","2026-09-27T21:55:00","8588","Kottivakkam","21","10018","Akkarai Or Water Supply Head Work","32","2026-09-27T21:55:00","2026-09-27T22:09:00","1","60","ALL_TICKETS_USED","AT_TICKET_DESTINATION"
"SYN002994","SYNTHETIC","ETM_STYLE","2026-09-27","23600","109 R","102998","Regular","2026-09-27_102998","night","2026-09-27T21:12:00","9783","Parrys Corner","2","6102","Kovalam Bus Terminus","49","2026-09-27T21:12:00","2026-09-27T22:29:00","3","60","ALL_TICKETS_USED","AT_TICKET_DESTINATION"
"SYN002995","SYNTHETIC","CHENNAI_ONE_STYLE","2026-09-27","23600","109 R","102998","Regular","2026-09-27_102998","night","2026-09-27T22:01:00","9986","Uthandi Toll Gate Or Ragash College","37","6106","Kovalam","46","2026-09-27T22:15:00","2026-09-27T22:24:00","1","60","ALL_TICKETS_USED","AT_TICKET_DESTINATION"
"SYN002996","SYNTHETIC","ETM_STYLE","2026-09-27","23600","109 R","102998","Regular","2026-09-27_102998","night","2026-09-27T21:36:00","10814","Music College Annamalai Puram","14","6672","Bethal Nagar","29","2026-09-27T21:36:00","2026-09-27T22:04:00","1","60","ALL_TICKETS_USED","AT_TICKET_DESTINATION"
"SYN002997","SYNTHETIC","ETM_STYLE","2026-09-27","23600","109 R","102998","Regular","2026-09-27_102998","night","2026-09-27T22:09:00","10018","Akkarai Or Water Supply Head Work","32","6160","Muttukadu Boat House","44","2026-09-27T22:09:00","2026-09-27T22:22:00","1","60","ALL_TICKETS_USED","AT_TICKET_DESTINATION"
"SYN002998","SYNTHETIC","CHENNAI_ONE_STYLE","2026-09-27","23600","109 R","102998","Regular","2026-09-27_102998","night","2026-09-27T21:02:00","11159","Island ground Terminus","1","10103","Saint Anthony Church Or Palavakkam","23","2026-09-27T21:05:00","2026-09-27T21:58:00","2","60","ALL_TICKETS_USED","AT_TICKET_DESTINATION"
"SYN002999","SYNTHETIC","ETM_STYLE","2026-09-27","23600","109 R","102998","Regular","2026-09-27_102998","night","2026-09-27T22:11:00","6459","Panaiyur","33","6091","Kovalam Kelambakam Road Junction","47","2026-09-27T22:11:00","2026-09-27T22:25:00","1","60","ALL_TICKETS_USED","AT_TICKET_DESTINATION"
"SYN003000","SYNTHETIC","CHENNAI_ONE_STYLE","2026-09-27","23600","109 R","102998","Regular","2026-09-27_102998","night","2026-09-27T21:54:00","6672","Bethal Nagar","29","6459","Panaiyur","33","2026-09-27T22:04:00","2026-09-27T22:11:00","1","60","ALL_TICKETS_USED","AT_TICKET_DESTINATION"
